bb_pc,bb_id,bb_size,bb_pc_vec
140737284571136,2368,5,140737284571136-140737284571140-140737284571144-140737284571151-140737284571154-
140737284571158,2369,2,140737284571158-140737284571162-
140737284572208,5339,2,140737284572208-140737284572212-
140737284572224,4283,2,140737284572224-140737284572228-
140737284572240,4036,2,140737284572240-140737284572244-
140737284572256,5002,2,140737284572256-140737284572260-
140737284572272,3734,2,140737284572272-140737284572276-
140737284572288,4170,2,140737284572288-140737284572292-
140737284572304,3551,2,140737284572304-140737284572308-
140737284572320,3901,2,140737284572320-140737284572324-
140737284572352,3099,2,140737284572352-140737284572356-
140737284572368,3769,2,140737284572368-140737284572372-
140737284572384,3319,2,140737284572384-140737284572388-
140737284572400,4560,2,140737284572400-140737284572404-
140737284572448,3039,2,140737284572448-140737284572452-
140737284572512,4608,2,140737284572512-140737284572516-
140737284572528,3110,2,140737284572528-140737284572532-
140737284572544,3907,2,140737284572544-140737284572548-
140737284572576,5019,2,140737284572576-140737284572580-
140737284572608,3404,2,140737284572608-140737284572612-
140737284572624,3068,2,140737284572624-140737284572628-
140737284572656,3024,2,140737284572656-140737284572660-
140737284572672,3800,2,140737284572672-140737284572676-
140737284572688,3283,2,140737284572688-140737284572692-
140737284572704,4939,2,140737284572704-140737284572708-
140737284572720,3271,2,140737284572720-140737284572724-
140737284572752,3773,2,140737284572752-140737284572756-
140737284572784,4908,2,140737284572784-140737284572788-
140737284572880,4046,2,140737284572880-140737284572884-
140737284572928,3771,2,140737284572928-140737284572932-
140737284572944,3631,2,140737284572944-140737284572948-
140737284572960,4558,2,140737284572960-140737284572964-
140737284573008,2378,2,140737284573008-140737284573012-
140737284573040,3309,2,140737284573040-140737284573044-
140737284573072,4764,2,140737284573072-140737284573076-
140737284573120,3896,2,140737284573120-140737284573124-
140737284573168,3042,2,140737284573168-140737284573172-
140737284573200,4554,2,140737284573200-140737284573204-
140737284573216,3695,2,140737284573216-140737284573220-
140737284573984,3036,19,140737284573984-140737284573988-140737284573990-140737284573992-140737284573994-140737284573996-140737284573997-140737284573998-140737284574005-140737284574010-140737284574017-140737284574026-140737284574034-140737284574036-140737284574044-140737284574046-140737284574049-140737284574052-140737284574059-
140737284574064,3075,8,140737284574064-140737284574070-140737284574073-140737284574075-140737284574083-140737284574086-140737284574089-140737284574094-
140737284574099,3548,4,140737284574099-140737284574107-140737284574115-140737284574118-
140737284574120,3549,1,140737284574120-
140737284574125,3550,6,140737284574125-140737284574132-140737284574139-140737284574147-140737284574155-140737284574162-
140737284574139,3624,4,140737284574139-140737284574147-140737284574155-140737284574162-
140737284574167,3606,2,140737284574167-140737284574169-
140737284574175,3607,3,140737284574175-140737284574182-140737284574184-
140737284574190,3608,3,140737284574190-140737284574193-140737284574196-
140737284574198,3609,4,140737284574198-140737284574201-140737284574205-140737284574208-
140737284574211,3610,3,140737284574211-140737284574214-140737284574216-
140737284574218,3611,4,140737284574218-140737284574221-140737284574225-140737284574228-
140737284574266,3630,4,140737284574266-140737284574271-140737284574273-140737284574276-
140737284574281,3658,2,140737284574281-140737284574288-
140737284574320,3661,4,140737284574320-140737284574325-140737284574327-140737284574330-
140737284574335,3662,2,140737284574335-140737284574342-
140737284574352,3667,3,140737284574352-140737284574360-140737284574367-
140737284574372,3668,2,140737284574372-140737284574374-
140737284574406,3670,2,140737284574406-140737284574414-
140737284574431,3671,12,140737284574431-140737284574436-140737284574441-140737284574449-140737284574458-140737284574461-140737284574466-140737284574471-140737284574479-140737284574483-140737284574491-140737284574495-
140737284574500,4901,6,140737284574500-140737284574508-140737284574515-140737284574518-140737284574521-140737284574526-
140737284574531,4905,4,140737284574531-140737284574538-140737284574541-140737284574544-
140737284574549,4906,2,140737284574549-140737284574552-
140737284574557,5067,3,140737284574557-140737284574564-140737284574566-
140737284574572,5068,7,140737284574572-140737284574576-140737284574579-140737284574584-140737284574589-140737284574597-140737284574600-
140737284574600,5221,1,140737284574600-
140737284574605,5069,7,140737284574605-140737284574610-140737284574613-140737284574616-140737284574625-140737284574632-140737284574635-
140737284574640,5211,1,140737284574640-
140737284574645,5212,16,140737284574645-140737284574649-140737284574652-140737284574657-140737284574660-140737284574668-140737284574680-140737284574685-140737284574693-140737284574703-140737284574711-140737284574719-140737284574724-140737284574732-140737284574740-140737284574746-
140737284574751,5215,3,140737284574751-140737284574759-140737284574762-
140737284574769,5216,5,140737284574769-140737284574774-140737284574780-140737284574788-140737284574793-
140737284574814,5217,2,140737284574814-140737284574822-
140737284574828,5218,3,140737284574828-140737284574833-140737284574836-
140737284574842,5219,1,140737284574842-
140737284574847,5220,4,140737284574847-140737284574854-140737284574858-140737284574861-
140737284574867,5238,9,140737284574867-140737284574871-140737284574876-140737284574881-140737284574888-140737284574892-140737284574895-140737284574899-140737284574904-
140737284574909,5243,3,140737284574909-140737284574914-140737284574917-
140737284574922,5244,4,140737284574922-140737284574930-140737284574938-140737284574941-
140737284574948,5245,3,140737284574948-140737284574951-140737284574954-
140737284574959,5252,4,140737284574959-140737284574964-140737284574971-140737284574979-
140737284574984,5273,3,140737284574984-140737284574992-140737284575001-
140737284575007,5274,9,140737284575007-140737284575014-140737284575017-140737284575018-140737284575019-140737284575021-140737284575023-140737284575025-140737284575027-
140737284575448,3669,2,140737284575448-140737284575456-
140737284575543,3612,3,140737284575543-140737284575551-140737284575554-
140737284575560,3613,3,140737284575560-140737284575564-140737284575567-
140737284575569,3614,1,140737284575569-
140737284575571,3615,5,140737284575571-140737284575574-140737284575578-140737284575586-140737284575590-
140737284575617,3620,8,140737284575617-140737284575625-140737284575633-140737284575641-140737284575645-140737284575653-140737284575661-140737284575664-
140737284575670,3621,5,140737284575670-140737284575678-140737284575686-140737284575694-140737284575697-
140737284575766,3623,6,140737284575766-140737284575774-140737284575786-140737284575789-140737284575797-140737284575800-
140737284575856,3628,2,140737284575856-140737284575864-
140737284576012,3618,3,140737284576012-140737284576015-140737284576018-
140737284576023,3619,1,140737284576023-
140737284576079,3616,4,140737284576079-140737284576087-140737284576089-140737284576092-
140737284576097,3617,5,140737284576097-140737284576105-140737284576108-140737284576116-140737284576124-
140737284576198,3622,7,140737284576198-140737284576203-140737284576208-140737284576216-140737284576220-140737284576228-140737284576236-
140737284576384,2377,4,140737284576384-140737284576388-140737284576392-140737284576399-
140737284576404,3023,5,140737284576404-140737284576411-140737284576415-140737284576422-140737284576429-
140737284576448,2360,12,140737284576448-140737284576452-140737284576454-140737284576457-140737284576458-140737284576461-140737284576465-140737284576466-140737284576467-140737284576474-140737284576481-140737284576488-
140737284576496,5359,4,140737284576496-140737284576503-140737284576510-140737284576513-
140737284576536,5360,1,140737284576536-
140737284576544,2373,9,140737284576544-140737284576551-140737284576558-140737284576561-140737284576564-140737284576568-140737284576572-140737284576575-140737284576578-
140737284576600,2374,1,140737284576600-
140737284576608,5336,3,140737284576608-140737284576612-140737284576619-
140737284576621,5337,4,140737284576621-140737284576622-140737284576630-140737284576633-
140737284576635,5338,2,140737284576635-140737284576642-
140737284576647,5358,1,140737284576647-
140737284576652,5361,3,140737284576652-140737284576659-140737284576660-
140737284576672,2372,2,140737284576672-140737284576676-
140737284576688,3037,12,140737284576688-140737284576690-140737284576694-140737284576696-140737284576697-140737284576698-140737284576702-140737284576711-140737284576716-140737284576718-140737284576721-140737284576724-
140737284576730,3038,4,140737284576730-140737284576733-140737284576736-140737284576739-
140737284576744,3040,4,140737284576744-140737284576748-140737284576751-140737284576755-
140737284576757,5239,2,140737284576757-140737284576761-
140737284576770,3073,7,140737284576770-140737284576774-140737284576777-140737284576781-140737284576785-140737284576790-140737284576799-
140737284576801,3074,6,140737284576801-140737284576805-140737284576806-140737284576807-140737284576809-140737284576811-
140737284576812,5240,2,140737284576812-140737284576815-
140737284576817,5241,1,140737284576817-
140737284576819,3041,4,140737284576819-140737284576822-140737284576824-140737284576827-
140737284576832,3067,8,140737284576832-140737284576835-140737284576838-140737284576842-140737284576846-140737284576849-140737284576852-140737284576855-
140737284576846,5242,4,140737284576846-140737284576849-140737284576852-140737284576855-
140737284576860,3072,1,140737284576860-
140737284577056,3401,10,140737284577056-140737284577057-140737284577060-140737284577062-140737284577065-140737284577066-140737284577073-140737284577080-140737284577087-140737284577089-
140737284577126,3402,6,140737284577126-140737284577135-140737284577142-140737284577144-140737284577147-140737284577150-
140737284577173,3403,17,140737284577173-140737284577177-140737284577183-140737284577188-140737284577193-140737284577198-140737284577205-140737284577210-140737284577214-140737284577224-140737284577228-140737284577235-140737284577242-140737284577249-140737284577252-140737284577259-140737284577269-
140737284577274,3446,5,140737284577274-140737284577279-140737284577283-140737284577286-140737284577289-
140737284577291,3539,8,140737284577291-140737284577294-140737284577299-140737284577304-140737284577309-140737284577313-140737284577320-140737284577329-
140737284577304,3453,5,140737284577304-140737284577309-140737284577313-140737284577320-140737284577329-
140737284577335,3454,6,140737284577335-140737284577339-140737284577342-140737284577343-140737284577345-140737284577346-
140737284577352,3447,2,140737284577352-140737284577355-
140737284577357,3448,2,140737284577357-140737284577359-
140737284577361,3449,2,140737284577361-140737284577363-
140737284577365,3450,4,140737284577365-140737284577368-140737284577373-140737284577375-
140737284577377,3452,2,140737284577377-140737284577381-
140737284577483,3451,4,140737284577483-140737284577485-140737284577490-140737284577495-
140737284577872,4272,16,140737284577872-140737284577876-140737284577878-140737284577879-140737284577880-140737284577884-140737284577887-140737284577891-140737284577897-140737284577902-140737284577911-140737284577916-140737284577918-140737284577921-140737284577926-140737284577929-
140737284577931,4273,2,140737284577931-140737284577934-
140737284577940,4274,3,140737284577940-140737284577945-140737284577949-
140737284577955,4275,2,140737284577955-140737284577959-
140737284577976,4280,5,140737284577976-140737284577981-140737284577986-140737284577996-140737284578001-
140737284578007,4281,4,140737284578007-140737284578012-140737284578017-140737284578024-
140737284578029,4282,6,140737284578029-140737284578035-140737284578040-140737284578045-140737284578052-140737284578057-
140737284578062,4547,3,140737284578062-140737284578067-140737284578070-
140737284578077,4548,3,140737284578077-140737284578082-140737284578091-
140737284578093,4549,5,140737284578093-140737284578097-140737284578098-140737284578099-140737284578101-
140737284578112,4276,2,140737284578112-140737284578115-
140737284578163,4278,3,140737284578163-140737284578166-140737284578169-
140737284578174,4279,3,140737284578174-140737284578179-140737284578184-
140737284578218,4277,2,140737284578218-140737284578221-
140737284579056,5113,17,140737284579056-140737284579060-140737284579062-140737284579064-140737284579066-140737284579068-140737284579069-140737284579070-140737284579074-140737284579078-140737284579083-140737284579088-140737284579097-140737284579102-140737284579104-140737284579114-140737284579117-
140737284579123,5114,7,140737284579123-140737284579127-140737284579129-140737284579132-140737284579135-140737284579138-140737284579141-
140737284579146,5115,4,140737284579146-140737284579149-140737284579153-140737284579156-
140737284579158,5116,4,140737284579158-140737284579161-140737284579166-140737284579169-
140737284579174,5117,17,140737284579174-140737284579178-140737284579185-140737284579188-140737284579193-140737284579201-140737284579205-140737284579209-140737284579213-140737284579218-140737284579223-140737284579226-140737284579231-140737284579235-140737284579239-140737284579244-140737284579248-
140737284579270,5128,9,140737284579270-140737284579275-140737284579280-140737284579285-140737284579290-140737284579295-140737284579299-140737284579302-140737284579306-
140737284579311,5129,8,140737284579311-140737284579314-140737284579319-140737284579324-140737284579326-140737284579331-140737284579336-140737284579339-
140737284579345,5130,7,140737284579345-140737284579352-140737284579356-140737284579359-140737284579363-140737284579367-140737284579370-
140737284579352,5152,6,140737284579352-140737284579356-140737284579359-140737284579363-140737284579367-140737284579370-
140737284579376,5131,20,140737284579376-140737284579381-140737284579384-140737284579387-140737284579389-140737284579392-140737284579395-140737284579398-140737284579401-140737284579404-140737284579408-140737284579413-140737284579416-140737284579420-140737284579424-140737284579432-140737284579436-140737284579441-140737284579445-140737284579448-
140737284579408,5154,10,140737284579408-140737284579413-140737284579416-140737284579420-140737284579424-140737284579432-140737284579436-140737284579441-140737284579445-140737284579448-
140737284579454,5132,2,140737284579454-140737284579459-
140737284579464,5136,2,140737284579464-140737284579467-
140737284579469,5137,18,140737284579469-140737284579472-140737284579476-140737284579482-140737284579485-140737284579489-140737284579492-140737284579495-140737284579498-140737284579501-140737284579505-140737284579509-140737284579513-140737284579517-140737284579523-140737284579527-140737284579531-140737284579534-
140737284579527,5153,3,140737284579527-140737284579531-140737284579534-
140737284579536,5133,5,140737284579536-140737284579539-140737284579544-140737284579546-140737284579549-
140737284579551,5134,4,140737284579551-140737284579554-140737284579556-140737284579563-
140737284579569,5135,6,140737284579569-140737284579573-140737284579577-140737284579579-140737284579582-140737284579587-
140737284579577,5159,4,140737284579577-140737284579579-140737284579582-140737284579587-
140737284579592,5138,7,140737284579592-140737284579597-140737284579602-140737284579606-140737284579610-140737284579614-140737284579617-
140737284579623,5139,12,140737284579623-140737284579626-140737284579631-140737284579634-140737284579637-140737284579640-140737284579643-140737284579646-140737284579651-140737284579655-140737284579659-140737284579664-
140737284579666,5140,3,140737284579666-140737284579670-140737284579673-
140737284579678,5141,9,140737284579678-140737284579682-140737284579685-140737284579690-140737284579695-140737284579699-140737284579703-140737284579708-140737284579712-
140737284579685,5164,7,140737284579685-140737284579690-140737284579695-140737284579699-140737284579703-140737284579708-140737284579712-
140737284579718,5163,9,140737284579718-140737284579721-140737284579725-140737284579729-140737284579734-140737284579739-140737284579744-140737284579749-140737284579752-
140737284579729,5151,6,140737284579729-140737284579734-140737284579739-140737284579744-140737284579749-140737284579752-
140737284579758,5165,2,140737284579758-140737284579761-
140737284579766,5166,8,140737284579766-140737284579771-140737284579775-140737284579779-140737284579784-140737284579789-140737284579793-140737284579797-
140737284579803,5167,6,140737284579803-140737284579806-140737284579811-140737284579815-140737284579819-140737284579822-
140737284579819,5237,2,140737284579819-140737284579822-
140737284579827,5168,3,140737284579827-140737284579832-140737284579841-
140737284579847,5169,8,140737284579847-140737284579851-140737284579852-140737284579853-140737284579855-140737284579857-140737284579859-140737284579861-
140737284579872,5155,12,140737284579872-140737284579877-140737284579880-140737284579885-140737284579890-140737284579894-140737284579898-140737284579903-140737284579910-140737284579914-140737284579918-140737284579923-
140737284579928,5158,8,140737284579928-140737284579933-140737284579936-140737284579941-140737284579946-140737284579951-140737284579955-140737284579958-
140737284579963,5142,3,140737284579963-140737284579966-140737284579971-
140737284579976,5150,1,140737284579976-
140737284579981,5118,2,140737284579981-140737284579986-
140737284579991,5127,2,140737284579991-140737284579996-
140737284580001,5235,3,140737284580001-140737284580004-140737284580009-
140737284580014,5236,1,140737284580014-
140737284582560,5070,20,140737284582560-140737284582564-140737284582566-140737284582569-140737284582571-140737284582573-140737284582575-140737284582578-140737284582579-140737284582582-140737284582583-140737284582586-140737284582593-140737284582598-140737284582603-140737284582607-140737284582612-140737284582621-140737284582629-140737284582631-
140737284582636,5071,5,140737284582636-140737284582640-140737284582643-140737284582653-140737284582656-
140737284582662,5072,3,140737284582662-140737284582666-140737284582669-
140737284582674,5073,7,140737284582674-140737284582677-140737284582680-140737284582684-140737284582688-140737284582692-140737284582695-
140737284582697,5074,3,140737284582697-140737284582700-140737284582702-
140737284582707,5075,5,140737284582707-140737284582712-140737284582716-140737284582726-140737284582729-
140737284582735,5076,3,140737284582735-140737284582739-140737284582742-
140737284582747,5080,14,140737284582747-140737284582752-140737284582755-140737284582760-140737284582765-140737284582769-140737284582772-140737284582777-140737284582781-140737284582785-140737284582789-140737284582793-140737284582797-140737284582800-
140737284582805,5081,11,140737284582805-140737284582810-140737284582813-140737284582817-140737284582827-140737284582832-140737284582837-140737284582849-140737284582853-140737284582861-140737284582864-
140737284582870,5082,2,140737284582870-140737284582878-
140737284582883,5083,5,140737284582883-140737284582887-140737284582895-140737284582907-140737284582915-
140737284582920,5084,2,140737284582920-140737284582923-
140737284582929,5085,6,140737284582929-140737284582934-140737284582938-140737284582942-140737284582945-140737284582947-
140737284582953,5086,4,140737284582953-140737284582961-140737284582965-140737284582969-
140737284582975,5105,2,140737284582975-140737284582980-
140737284583076,5106,1,140737284583076-
140737284583081,5107,5,140737284583081-140737284583086-140737284583089-140737284583094-140737284583097-
140737284583099,5108,6,140737284583099-140737284583103-140737284583105-140737284583108-140737284583112-140737284583120-
140737284583125,5109,3,140737284583125-140737284583133-140737284583141-
140737284583151,5110,7,140737284583151-140737284583156-140737284583160-140737284583165-140737284583177-140737284583185-140737284583188-
140737284583190,5111,4,140737284583190-140737284583193-140737284583195-140737284583198-
140737284583203,5112,7,140737284583203-140737284583208-140737284583213-140737284583218-140737284583221-140737284583229-140737284583237-
140737284583242,5170,1,140737284583242-
140737284583247,5171,2,140737284583247-140737284583252-
140737284583358,5172,5,140737284583358-140737284583363-140737284583367-140737284583377-140737284583380-
140737284583386,5173,3,140737284583386-140737284583390-140737284583393-
140737284583398,5174,4,140737284583398-140737284583401-140737284583405-140737284583408-
140737284583410,5175,4,140737284583410-140737284583413-140737284583415-140737284583418-
140737284583423,5176,1,140737284583423-
140737284583428,5177,9,140737284583428-140737284583436-140737284583441-140737284583449-140737284583452-140737284583457-140737284583460-140737284583464-140737284583467-
140737284583473,5178,11,140737284583473-140737284583478-140737284583483-140737284583486-140737284583491-140737284583499-140737284583504-140737284583509-140737284583513-140737284583518-140737284583521-
140737284583504,5186,5,140737284583504-140737284583509-140737284583513-140737284583518-140737284583521-
140737284583527,5179,13,140737284583527-140737284583532-140737284583536-140737284583541-140737284583544-140737284583552-140737284583555-140737284583559-140737284583567-140737284583571-140737284583576-140737284583580-140737284583583-
140737284583552,5184,8,140737284583552-140737284583555-140737284583559-140737284583567-140737284583571-140737284583576-140737284583580-140737284583583-
140737284583589,5180,11,140737284583589-140737284583592-140737284583596-140737284583600-140737284583603-140737284583606-140737284583610-140737284583613-140737284583617-140737284583621-140737284583625-
140737284583600,5182,8,140737284583600-140737284583603-140737284583606-140737284583610-140737284583613-140737284583617-140737284583621-140737284583625-
140737284583627,5187,14,140737284583627-140737284583630-140737284583635-140737284583639-140737284583645-140737284583651-140737284583655-140737284583659-140737284583663-140737284583667-140737284583671-140737284583675-140737284583679-140737284583682-
140737284583675,5181,3,140737284583675-140737284583679-140737284583682-
140737284583684,5183,7,140737284583684-140737284583688-140737284583695-140737284583699-140737284583703-140737284583707-140737284583710-
140737284583716,5185,3,140737284583716-140737284583720-140737284583723-
140737284583729,5188,2,140737284583729-140737284583734-
140737284583739,5189,2,140737284583739-140737284583744-
140737284583750,5190,2,140737284583750-140737284583753-
140737284583758,5191,4,140737284583758-140737284583763-140737284583767-140737284583771-
140737284583777,5192,4,140737284583777-140737284583782-140737284583786-140737284583789-
140737284583795,5193,10,140737284583795-140737284583800-140737284583804-140737284583807-140737284583810-140737284583814-140737284583817-140737284583821-140737284583825-140737284583828-
140737284583817,5195,4,140737284583817-140737284583821-140737284583825-140737284583828-
140737284583830,5196,3,140737284583830-140737284583833-140737284583836-
140737284583833,5194,2,140737284583833-140737284583836-
140737284583838,5197,4,140737284583838-140737284583842-140737284583848-140737284583852-
140737284583858,5198,12,140737284583858-140737284583861-140737284583864-140737284583868-140737284583872-140737284583876-140737284583879-140737284583882-140737284583886-140737284583889-140737284583893-140737284583896-
140737284583879,5199,6,140737284583879-140737284583882-140737284583886-140737284583889-140737284583893-140737284583896-
140737284583898,5200,5,140737284583898-140737284583901-140737284583905-140737284583907-140737284583910-
140737284583984,5201,3,140737284583984-140737284583992-140737284583995-
140737284583997,5202,1,140737284583997-
140737284584002,5203,3,140737284584002-140737284584010-140737284584013-
140737284584015,5204,1,140737284584015-
140737284584020,5205,3,140737284584020-140737284584025-140737284584028-
140737284584030,5206,1,140737284584030-
140737284584035,5207,3,140737284584035-140737284584040-140737284584043-
140737284584045,5208,1,140737284584045-
140737284584050,5209,3,140737284584050-140737284584058-140737284584067-
140737284584073,5210,9,140737284584073-140737284584078-140737284584085-140737284584086-140737284584087-140737284584089-140737284584091-140737284584093-140737284584095-
140737284584096,5103,8,140737284584096-140737284584098-140737284584106-140737284584114-140737284584118-140737284584121-140737284584125-140737284584130-
140737284584132,5087,2,140737284584132-140737284584140-
140737284584145,5100,3,140737284584145-140737284584154-140737284584157-
140737284584159,5101,3,140737284584159-140737284584167-140737284584169-
140737284584171,5102,2,140737284584171-140737284584173-
140737284584201,5104,2,140737284584201-140737284584204-
140737284585136,4722,4,140737284585136-140737284585139-140737284585142-140737284585146-
140737284585152,4738,10,140737284585152-140737284585154-140737284585157-140737284585159-140737284585161-140737284585165-140737284585166-140737284585167-140737284585170-140737284585173-
140737284585179,4739,9,140737284585179-140737284585183-140737284585186-140737284585189-140737284585193-140737284585197-140737284585199-140737284585202-140737284585204-
140737284585206,4740,2,140737284585206-140737284585208-
140737284585214,4753,2,140737284585214-140737284585216-
140737284585218,4755,9,140737284585218-140737284585220-140737284585223-140737284585226-140737284585229-140737284585232-140737284585235-140737284585238-140737284585240-
140737284585226,4742,6,140737284585226-140737284585229-140737284585232-140737284585235-140737284585238-140737284585240-
140737284585232,4744,4,140737284585232-140737284585235-140737284585238-140737284585240-
140737284585242,4745,3,140737284585242-140737284585246-140737284585248-
140737284585250,4746,5,140737284585250-140737284585256-140737284585259-140737284585263-140737284585265-
140737284585256,4747,4,140737284585256-140737284585259-140737284585263-140737284585265-
140737284585267,4748,2,140737284585267-140737284585270-
140737284585272,4749,6,140737284585272-140737284585275-140737284585278-140737284585280-140737284585282-140737284585286-
140737284585282,4743,2,140737284585282-140737284585286-
140737284585296,4751,2,140737284585296-140737284585298-
140737284585300,4752,2,140737284585300-140737284585302-
140737284585304,4754,4,140737284585304-140737284585306-140737284585309-140737284585311-
140737284585320,4750,3,140737284585320-140737284585323-140737284585326-
140737284585331,4756,4,140737284585331-140737284585334-140737284585337-140737284585341-
140737284585347,4758,2,140737284585347-140737284585350-
140737284585352,4759,2,140737284585352-140737284585355-
140737284585360,4741,5,140737284585360-140737284585362-140737284585365-140737284585367-140737284585370-
140737284585376,4829,10,140737284585376-140737284585379-140737284585383-140737284585386-140737284585390-140737284585393-140737284585396-140737284585399-140737284585403-140737284585406-
140737284585379,4806,9,140737284585379-140737284585383-140737284585386-140737284585390-140737284585393-140737284585396-140737284585399-140737284585403-140737284585406-
140737284585411,4814,6,140737284585411-140737284585415-140737284585418-140737284585421-140737284585425-140737284585428-
140737284585433,4820,2,140737284585433-140737284585436-
140737284585438,4826,12,140737284585438-140737284585440-140737284585444-140737284585446-140737284585450-140737284585452-140737284585455-140737284585458-140737284585461-140737284585465-140737284585468-140737284585472-
140737284585440,4828,11,140737284585440-140737284585444-140737284585446-140737284585450-140737284585452-140737284585455-140737284585458-140737284585461-140737284585465-140737284585468-140737284585472-
140737284585477,4827,2,140737284585477-140737284585481-
140737284585483,4757,6,140737284585483-140737284585484-140737284585485-140737284585487-140737284585489-140737284585491-
140737284585496,4723,1,140737284585496-
140737284588512,5253,11,140737284588512-140737284588516-140737284588523-140737284588525-140737284588526-140737284588527-140737284588530-140737284588533-140737284588537-140737284588544-140737284588547-
140737284588549,5254,1,140737284588549-
140737284588554,5255,4,140737284588554-140737284588558-140737284588562-140737284588565-
140737284588567,5256,5,140737284588567-140737284588576-140737284588580-140737284588584-140737284588587-
140737284588576,5259,4,140737284588576-140737284588580-140737284588584-140737284588587-
140737284588589,5257,1,140737284588589-
140737284588594,5258,3,140737284588594-140737284588598-140737284588601-
140737284588603,5267,3,140737284588603-140737284588607-140737284588610-
140737284588612,5268,2,140737284588612-140737284588615-
140737284588620,5269,4,140737284588620-140737284588624-140737284588628-140737284588631-
140737284588633,5270,1,140737284588633-
140737284588638,5271,4,140737284588638-140737284588642-140737284588646-140737284588649-
140737284588651,5272,4,140737284588651-140737284588652-140737284588653-140737284588655-
140737284588688,4902,17,140737284588688-140737284588692-140737284588694-140737284588698-140737284588703-140737284588708-140737284588716-140737284588726-140737284588736-140737284588739-140737284588743-140737284588746-140737284588750-140737284588754-140737284588759-140737284588763-140737284588770-
140737284588736,4903,9,140737284588736-140737284588739-140737284588743-140737284588746-140737284588750-140737284588754-140737284588759-140737284588763-140737284588770-
140737284588772,4904,18,140737284588772-140737284588774-140737284588781-140737284588792-140737284588796-140737284588803-140737284588806-140737284588812-140737284588815-140737284588818-140737284588825-140737284588832-140737284588834-140737284588836-140737284588841-140737284588843-140737284588846-140737284588852-
140737284590544,5246,6,140737284590544-140737284590548-140737284590549-140737284590552-140737284590556-140737284590559-
140737284590561,5247,1,140737284590561-
140737284590566,5248,3,140737284590566-140737284590570-140737284590573-
140737284590575,5249,1,140737284590575-
140737284590580,5250,2,140737284590580-140737284590583-
140737284590624,5251,2,140737284590624-140737284590625-
140737284590640,4907,9,140737284590640-140737284590644-140737284590646-140737284590651-140737284590658-140737284590659-140737284590660-140737284590663-140737284590670-
140737284590675,4938,3,140737284590675-140737284590679-140737284590686-
140737284590691,4990,5,140737284590691-140737284590696-140737284590703-140737284590706-140737284590709-
140737284590714,4991,3,140737284590714-140737284590718-140737284590721-
140737284590726,4993,4,140737284590726-140737284590731-140737284590738-140737284590741-
140737284590746,4994,2,140737284590746-140737284590749-
140737284590755,4997,4,140737284590755-140737284590760-140737284590767-140737284590774-
140737284590779,4998,6,140737284590779-140737284590783-140737284590790-140737284590792-140737284590796-140737284590799-
140737284590804,4999,6,140737284590804-140737284590807-140737284590810-140737284590814-140737284590822-140737284590825-
140737284590827,5000,2,140737284590827-140737284590833-
140737284590835,5001,3,140737284590835-140737284590841-140737284590844-
140737284590849,5018,5,140737284590849-140737284590850-140737284590851-140737284590854-140737284590856-
140737284590912,4995,4,140737284590912-140737284590917-140737284590924-140737284590931-
140737284590936,4996,1,140737284590936-
140737284590960,3267,17,140737284590960-140737284590964-140737284590966-140737284590968-140737284590970-140737284590972-140737284590973-140737284590974-140737284590977-140737284590987-140737284590991-140737284590995-140737284590998-140737284591001-140737284591004-140737284591008-140737284591011-
140737284591017,3268,5,140737284591017-140737284591020-140737284591023-140737284591026-140737284591029-
140737284591035,3350,4,140737284591035-140737284591045-140737284591049-140737284591052-
140737284591058,3270,4,140737284591058-140737284591061-140737284591066-140737284591070-
140737284591075,3272,12,140737284591075-140737284591079-140737284591084-140737284591087-140737284591090-140737284591094-140737284591099-140737284591102-140737284591106-140737284591109-140737284591113-140737284591116-
140737284591122,3273,10,140737284591122-140737284591125-140737284591129-140737284591133-140737284591137-140737284591140-140737284591148-140737284591152-140737284591156-140737284591159-
140737284591161,3353,3,140737284591161-140737284591164-140737284591167-
140737284591176,3355,9,140737284591176-140737284591179-140737284591183-140737284591187-140737284591191-140737284591195-140737284591199-140737284591203-140737284591206-
140737284591208,3354,6,140737284591208-140737284591212-140737284591215-140737284591218-140737284591222-140737284591225-
140737284591248,3356,5,140737284591248-140737284591251-140737284591254-140737284591259-140737284591262-
140737284591259,3274,2,140737284591259-140737284591262-
140737284591337,3275,2,140737284591337-140737284591340-
140737284591342,3357,3,140737284591342-140737284591345-140737284591349-
140737284591354,3358,14,140737284591354-140737284591358-140737284591363-140737284591368-140737284591373-140737284591377-140737284591382-140737284591386-140737284591387-140737284591388-140737284591390-140737284591392-140737284591394-140737284591396-
140737284591358,3276,13,140737284591358-140737284591363-140737284591368-140737284591373-140737284591377-140737284591382-140737284591386-140737284591387-140737284591388-140737284591390-140737284591392-140737284591394-140737284591396-
140737284591440,3351,2,140737284591440-140737284591443-
140737284591472,3269,2,140737284591472-140737284591478-
140737284591502,3352,5,140737284591502-140737284591505-140737284591509-140737284591512-140737284591516-
140737284591536,3098,20,140737284591536-140737284591540-140737284591541-140737284591544-140737284591546-140737284591548-140737284591551-140737284591553-140737284591556-140737284591559-140737284591561-140737284591562-140737284591565-140737284591572-140737284591578-140737284591585-140737284591592-140737284591601-140737284591605-140737284591607-
140737284591612,3106,2,140737284591612-140737284591614-
140737284591620,3308,9,140737284591620-140737284591624-140737284591631-140737284591638-140737284591649-140737284591652-140737284591659-140737284591663-140737284591670-
140737284591675,3317,3,140737284591675-140737284591685-140737284591692-
140737284591698,3318,4,140737284591698-140737284591703-140737284591710-140737284591713-
140737284591718,3327,4,140737284591718-140737284591722-140737284591725-140737284591728-
140737284591733,3335,3,140737284591733-140737284591743-140737284591750-
140737284591756,3336,4,140737284591756-140737284591761-140737284591768-140737284591771-
140737284591776,3337,6,140737284591776-140737284591783-140737284591787-140737284591794-140737284591797-140737284591800-
140737284591824,3339,9,140737284591824-140737284591828-140737284591835-140737284591838-140737284591842-140737284591849-140737284591857-140737284591860-140737284591863-
140737284591944,3344,5,140737284591944-140737284591955-140737284591958-140737284591965-140737284591968-
140737284591975,3345,3,140737284591975-140737284591982-140737284591985-
140737284591992,3107,4,140737284591992-140737284591999-140737284592006-140737284592013-
140737284592018,3108,2,140737284592018-140737284592020-
140737284592026,3365,11,140737284592026-140737284592033-140737284592040-140737284592047-140737284592058-140737284592061-140737284592068-140737284592072-140737284592079-140737284592083-140737284592090-
140737284592095,3366,3,140737284592095-140737284592105-140737284592112-
140737284592118,3367,4,140737284592118-140737284592123-140737284592130-140737284592133-
140737284592138,3368,5,140737284592138-140737284592145-140737284592148-140737284592152-140737284592155-
140737284592160,3369,3,140737284592160-140737284592170-140737284592177-
140737284592183,3370,4,140737284592183-140737284592188-140737284592195-140737284592198-
140737284592203,3371,6,140737284592203-140737284592210-140737284592214-140737284592221-140737284592224-140737284592227-
140737284592251,3373,10,140737284592251-140737284592255-140737284592262-140737284592265-140737284592269-140737284592276-140737284592284-140737284592291-140737284592294-140737284592297-
140737284592389,3378,5,140737284592389-140737284592400-140737284592403-140737284592410-140737284592413-
140737284592420,3379,3,140737284592420-140737284592427-140737284592430-
140737284592437,3109,15,140737284592437-140737284592444-140737284592448-140737284592455-140737284592463-140737284592470-140737284592475-140737284592480-140737284592483-140737284592485-140737284592490-140737284592492-140737284592495-140737284592497-140737284592500-
140737284592505,3256,8,140737284592505-140737284592512-140737284592514-140737284592518-140737284592524-140737284592526-140737284592528-140737284592533-
140737284592512,3257,7,140737284592512-140737284592514-140737284592518-140737284592524-140737284592526-140737284592528-140737284592533-
140737284592535,3258,14,140737284592535-140737284592537-140737284592540-140737284592545-140737284592548-140737284592552-140737284592556-140737284592558-140737284592560-140737284592564-140737284592568-140737284592571-140737284592578-140737284592582-
140737284592614,3265,5,140737284592614-140737284592621-140737284592625-140737284592629-140737284592633-
140737284592639,3388,5,140737284592639-140737284592643-140737284592646-140737284592653-140737284592656-
140737284592662,3389,9,140737284592662-140737284592665-140737284592672-140737284592676-140737284592683-140737284592687-140737284592692-140737284592696-140737284592705-
140737284592692,3278,3,140737284592692-140737284592696-140737284592705-
140737284592711,3279,8,140737284592711-140737284592715-140737284592716-140737284592718-140737284592720-140737284592722-140737284592724-140737284592725-
140737284592752,3259,4,140737284592752-140737284592754-140737284592761-140737284592768-
140737284592773,3260,6,140737284592773-140737284592780-140737284592787-140737284592794-140737284592796-140737284592799-
140737284592829,3264,3,140737284592829-140737284592836-140737284592843-
140737284592872,3261,12,140737284592872-140737284592879-140737284592883-140737284592886-140737284592890-140737284592893-140737284592895-140737284592900-140737284592905-140737284592908-140737284592911-140737284592914-
140737284592917,3262,1,140737284592917-
140737284592920,3263,1,140737284592920-
140737284592928,3266,3,140737284592928-140737284592935-140737284592939-
140737284592944,3277,3,140737284592944-140737284592951-140737284592954-
140737284592976,3340,3,140737284592976-140737284592983-140737284592986-
140737284592988,3341,2,140737284592988-140737284592992-
140737284592998,3342,2,140737284592998-140737284593001-
140737284593006,3343,6,140737284593006-140737284593013-140737284593016-140737284593020-140737284593024-140737284593031-
140737284593040,3338,3,140737284593040-140737284593045-140737284593052-
140737284593064,3374,3,140737284593064-140737284593071-140737284593074-
140737284593076,3375,2,140737284593076-140737284593080-
140737284593086,3376,2,140737284593086-140737284593089-
140737284593094,3377,8,140737284593094-140737284593101-140737284593108-140737284593111-140737284593118-140737284593122-140737284593126-140737284593133-
140737284593144,3372,3,140737284593144-140737284593149-140737284593156-
140737284593504,3090,24,140737284593504-140737284593508-140737284593510-140737284593512-140737284593514-140737284593516-140737284593517-140737284593518-140737284593521-140737284593528-140737284593531-140737284593535-140737284593544-140737284593552-140737284593554-140737284593561-140737284593564-140737284593567-140737284593571-140737284593576-140737284593580-140737284593583-140737284593586-140737284593590-
140737284593592,3091,2,140737284593592-140737284593595-
140737284593601,3092,3,140737284593601-140737284593606-140737284593610-
140737284593643,3096,38,140737284593643-140737284593647-140737284593653-140737284593656-140737284593658-140737284593663-140737284593667-140737284593671-140737284593674-140737284593679-140737284593684-140737284593689-140737284593699-140737284593703-140737284593706-140737284593716-140737284593720-140737284593727-140737284593731-140737284593735-140737284593740-140737284593744-140737284593752-140737284593756-140737284593764-140737284593775-140737284593782-140737284593790-140737284593797-140737284593802-140737284593810-140737284593814-140737284593819-140737284593827-140737284593839-140737284593847-140737284593852-140737284593861-
140737284593866,3097,26,140737284593866-140737284593871-140737284593876-140737284593879-140737284593882-140737284593888-140737284593893-140737284593898-140737284593906-140737284593911-140737284593919-140737284593924-140737284593927-140737284593934-140737284593938-140737284593941-140737284593946-140737284593951-140737284593956-140737284593960-140737284593965-140737284593968-140737284593973-140737284593978-140737284593987-140737284593992-
140737284593997,3280,3,140737284593997-140737284594002-140737284594005-
140737284594012,3281,3,140737284594012-140737284594017-140737284594020-
140737284594022,3282,1,140737284594022-
140737284594027,3304,3,140737284594027-140737284594035-140737284594040-
140737284594047,3305,10,140737284594047-140737284594052-140737284594054-140737284594057-140737284594060-140737284594072-140737284594080-140737284594088-140737284594093-140737284594102-
140737284594107,3307,20,140737284594107-140737284594112-140737284594117-140737284594120-140737284594123-140737284594131-140737284594136-140737284594139-140737284594144-140737284594151-140737284594154-140737284594159-140737284594164-140737284594169-140737284594173-140737284594178-140737284594183-140737284594191-140737284594200-140737284594205-
140737284594210,3359,3,140737284594210-140737284594215-140737284594218-
140737284594225,3360,3,140737284594225-140737284594230-140737284594233-
140737284594235,3361,1,140737284594235-
140737284594240,3362,3,140737284594240-140737284594248-140737284594253-
140737284594260,3363,12,140737284594260-140737284594265-140737284594267-140737284594270-140737284594273-140737284594284-140737284594292-140737284594300-140737284594312-140737284594320-140737284594325-140737284594334-
140737284594339,3364,22,140737284594339-140737284594344-140737284594352-140737284594357-140737284594360-140737284594370-140737284594375-140737284594380-140737284594385-140737284594389-140737284594392-140737284594396-140737284594399-140737284594402-140737284594407-140737284594412-140737284594417-140737284594421-140737284594426-140737284594431-140737284594440-140737284594445-
140737284594450,3380,3,140737284594450-140737284594455-140737284594458-
140737284594465,3381,3,140737284594465-140737284594470-140737284594473-
140737284594475,3382,1,140737284594475-
140737284594480,3383,3,140737284594480-140737284594488-140737284594493-
140737284594500,3384,10,140737284594500-140737284594505-140737284594507-140737284594510-140737284594513-140737284594525-140737284594533-140737284594541-140737284594546-140737284594555-
140737284594560,3385,22,140737284594560-140737284594565-140737284594570-140737284594573-140737284594576-140737284594584-140737284594589-140737284594592-140737284594597-140737284594600-140737284594608-140737284594612-140737284594617-140737284594622-140737284594627-140737284594631-140737284594636-140737284594641-140737284594649-140737284594654-140737284594663-140737284594668-
140737284594673,3390,3,140737284594673-140737284594678-140737284594681-
140737284594688,3391,3,140737284594688-140737284594693-140737284594696-
140737284594698,3392,1,140737284594698-
140737284594703,3393,3,140737284594703-140737284594711-140737284594716-
140737284594723,3394,10,140737284594723-140737284594728-140737284594730-140737284594733-140737284594736-140737284594748-140737284594756-140737284594764-140737284594769-140737284594778-
140737284594783,3395,24,140737284594783-140737284594788-140737284594793-140737284594796-140737284594799-140737284594807-140737284594812-140737284594815-140737284594820-140737284594823-140737284594831-140737284594838-140737284594842-140737284594846-140737284594851-140737284594856-140737284594861-140737284594865-140737284594870-140737284594875-140737284594883-140737284594888-140737284594897-140737284594902-
140737284594907,3396,3,140737284594907-140737284594912-140737284594915-
140737284594922,3397,3,140737284594922-140737284594927-140737284594930-
140737284594932,3398,1,140737284594932-
140737284594937,3399,3,140737284594937-140737284594945-140737284594950-
140737284594957,3400,7,140737284594957-140737284594964-140737284594968-140737284594971-140737284594973-140737284594978-140737284594985-
140737284594990,3455,6,140737284594990-140737284594992-140737284594995-140737284594998-140737284595003-140737284595012-
140737284595017,3456,25,140737284595017-140737284595022-140737284595027-140737284595030-140737284595033-140737284595041-140737284595046-140737284595051-140737284595056-140737284595059-140737284595067-140737284595071-140737284595074-140737284595078-140737284595083-140737284595088-140737284595093-140737284595097-140737284595102-140737284595107-140737284595112-140737284595117-140737284595125-140737284595134-140737284595139-
140737284595144,3460,3,140737284595144-140737284595149-140737284595152-
140737284595159,3461,3,140737284595159-140737284595164-140737284595167-
140737284595169,3462,1,140737284595169-
140737284595174,3463,3,140737284595174-140737284595182-140737284595187-
140737284595194,3464,12,140737284595194-140737284595199-140737284595201-140737284595204-140737284595207-140737284595218-140737284595226-140737284595234-140737284595246-140737284595254-140737284595259-140737284595268-
140737284595273,3465,24,140737284595273-140737284595278-140737284595283-140737284595286-140737284595289-140737284595297-140737284595302-140737284595312-140737284595317-140737284595322-140737284595325-140737284595333-140737284595337-140737284595340-140737284595344-140737284595348-140737284595353-140737284595358-140737284595363-140737284595367-140737284595372-140737284595377-140737284595386-140737284595391-
140737284595396,3466,3,140737284595396-140737284595401-140737284595404-
140737284595411,3467,3,140737284595411-140737284595416-140737284595419-
140737284595421,3468,1,140737284595421-
140737284595426,3469,3,140737284595426-140737284595434-140737284595439-
140737284595446,3470,3,140737284595446-140737284595454-140737284595463-
140737284595465,3471,8,140737284595465-140737284595472-140737284595473-140737284595474-140737284595476-140737284595478-140737284595480-140737284595482-
140737284595512,3093,5,140737284595512-140737284595517-140737284595521-140737284595523-140737284595526-
140737284595531,3094,7,140737284595531-140737284595535-140737284595538-140737284595543-140737284595547-140737284595550-140737284595553-
140737284595558,3095,3,140737284595558-140737284595563-140737284595567-
140737284595888,3083,21,140737284595888-140737284595892-140737284595894-140737284595897-140737284595899-140737284595902-140737284595904-140737284595906-140737284595907-140737284595910-140737284595911-140737284595918-140737284595921-140737284595925-140737284595934-140737284595942-140737284595944-140737284595949-140737284595952-140737284595957-140737284595960-
140737284595962,3084,2,140737284595962-140737284595965-
140737284595971,3085,3,140737284595971-140737284595976-140737284595980-
140737284596013,3089,7,140737284596013-140737284596018-140737284596021-140737284596024-140737284596027-140737284596032-140737284596035-
140737284596040,3472,3,140737284596040-140737284596045-140737284596048-
140737284596050,3473,1,140737284596050-
140737284596055,3474,12,140737284596055-140737284596062-140737284596064-140737284596068-140737284596075-140737284596079-140737284596089-140737284596093-140737284596103-140737284596114-140737284596121-140737284596125-
140737284596131,3475,3,140737284596131-140737284596136-140737284596143-
140737284596148,3498,15,140737284596148-140737284596153-140737284596158-140737284596160-140737284596165-140737284596170-140737284596173-140737284596176-140737284596181-140737284596189-140737284596198-140737284596203-140737284596208-140737284596217-140737284596221-
140737284596226,3499,26,140737284596226-140737284596231-140737284596236-140737284596239-140737284596242-140737284596250-140737284596255-140737284596260-140737284596270-140737284596275-140737284596280-140737284596284-140737284596287-140737284596291-140737284596295-140737284596298-140737284596303-140737284596308-140737284596313-140737284596317-140737284596322-140737284596325-140737284596330-140737284596335-140737284596344-140737284596349-
140737284596354,3500,3,140737284596354-140737284596359-140737284596362-
140737284596369,3501,3,140737284596369-140737284596374-140737284596377-
140737284596379,3502,1,140737284596379-
140737284596384,3503,3,140737284596384-140737284596389-140737284596392-
140737284596399,3504,7,140737284596399-140737284596406-140737284596413-140737284596416-140737284596418-140737284596423-140737284596430-
140737284596435,3505,6,140737284596435-140737284596439-140737284596441-140737284596444-140737284596449-140737284596458-
140737284596463,3506,19,140737284596463-140737284596468-140737284596473-140737284596476-140737284596479-140737284596487-140737284596492-140737284596495-140737284596500-140737284596503-140737284596508-140737284596513-140737284596518-140737284596522-140737284596527-140737284596532-140737284596537-140737284596546-140737284596551-
140737284596556,3507,3,140737284596556-140737284596561-140737284596564-
140737284596571,3508,3,140737284596571-140737284596576-140737284596579-
140737284596581,3509,1,140737284596581-
140737284596586,3510,3,140737284596586-140737284596591-140737284596594-
140737284596601,3511,10,140737284596601-140737284596605-140737284596607-140737284596610-140737284596615-140737284596623-140737284596632-140737284596637-140737284596642-140737284596651-
140737284596656,3512,20,140737284596656-140737284596661-140737284596666-140737284596669-140737284596672-140737284596680-140737284596685-140737284596688-140737284596693-140737284596697-140737284596700-140737284596705-140737284596710-140737284596715-140737284596719-140737284596724-140737284596729-140737284596737-140737284596746-140737284596751-
140737284596756,3513,3,140737284596756-140737284596761-140737284596764-
140737284596771,3514,3,140737284596771-140737284596776-140737284596779-
140737284596781,3515,1,140737284596781-
140737284596786,3516,3,140737284596786-140737284596791-140737284596794-
140737284596801,3517,11,140737284596801-140737284596805-140737284596807-140737284596810-140737284596815-140737284596823-140737284596828-140737284596837-140737284596842-140737284596847-140737284596856-
140737284596861,3518,22,140737284596861-140737284596866-140737284596871-140737284596874-140737284596877-140737284596885-140737284596890-140737284596900-140737284596905-140737284596909-140737284596912-140737284596919-140737284596923-140737284596926-140737284596931-140737284596936-140737284596941-140737284596945-140737284596950-140737284596955-140737284596964-140737284596969-
140737284596974,3519,3,140737284596974-140737284596979-140737284596982-
140737284596989,3520,3,140737284596989-140737284596994-140737284596997-
140737284596999,3521,1,140737284596999-
140737284597004,3522,3,140737284597004-140737284597009-140737284597012-
140737284597019,3523,11,140737284597019-140737284597023-140737284597025-140737284597028-140737284597033-140737284597041-140737284597046-140737284597055-140737284597060-140737284597065-140737284597074-
140737284597079,3524,21,140737284597079-140737284597084-140737284597089-140737284597092-140737284597095-140737284597103-140737284597108-140737284597111-140737284597116-140737284597119-140737284597127-140737284597131-140737284597135-140737284597140-140737284597145-140737284597150-140737284597154-140737284597159-140737284597164-140737284597173-140737284597178-
140737284597183,3527,3,140737284597183-140737284597188-140737284597191-
140737284597198,3528,3,140737284597198-140737284597203-140737284597206-
140737284597208,3529,1,140737284597208-
140737284597213,3530,3,140737284597213-140737284597218-140737284597221-
140737284597228,3531,3,140737284597228-140737284597236-140737284597245-
140737284597251,3532,8,140737284597251-140737284597258-140737284597259-140737284597260-140737284597262-140737284597264-140737284597266-140737284597268-
140737284597296,3086,6,140737284597296-140737284597301-140737284597306-140737284597308-140737284597312-140737284597315-
140737284597320,3087,9,140737284597320-140737284597324-140737284597329-140737284597332-140737284597337-140737284597342-140737284597345-140737284597348-140737284597352-
140737284597357,3088,4,140737284597357-140737284597362-140737284597367-140737284597371-
140737284597600,3076,22,140737284597600-140737284597604-140737284597606-140737284597609-140737284597612-140737284597614-140737284597617-140737284597619-140737284597621-140737284597622-140737284597625-140737284597626-140737284597633-140737284597636-140737284597640-140737284597649-140737284597657-140737284597659-140737284597664-140737284597667-140737284597672-140737284597675-
140737284597677,3077,2,140737284597677-140737284597680-
140737284597686,3078,3,140737284597686-140737284597691-140737284597695-
140737284597727,3082,7,140737284597727-140737284597732-140737284597735-140737284597738-140737284597741-140737284597746-140737284597749-
140737284597754,3533,3,140737284597754-140737284597759-140737284597762-
140737284597764,3534,1,140737284597764-
140737284597769,3535,8,140737284597769-140737284597776-140737284597783-140737284597787-140737284597791-140737284597801-140737284597805-140737284597809-
140737284597815,3536,3,140737284597815-140737284597820-140737284597827-
140737284597832,3538,9,140737284597832-140737284597839-140737284597846-140737284597849-140737284597851-140737284597856-140737284597861-140737284597866-140737284597873-
140737284597878,3540,6,140737284597878-140737284597883-140737284597885-140737284597888-140737284597893-140737284597902-
140737284597907,3541,21,140737284597907-140737284597912-140737284597917-140737284597920-140737284597923-140737284597931-140737284597936-140737284597941-140737284597944-140737284597949-140737284597952-140737284597957-140737284597964-140737284597969-140737284597974-140737284597978-140737284597983-140737284597988-140737284597993-140737284598002-140737284598007-
140737284598012,3542,3,140737284598012-140737284598017-140737284598020-
140737284598027,3543,3,140737284598027-140737284598032-140737284598035-
140737284598037,3544,1,140737284598037-
140737284598042,3545,3,140737284598042-140737284598047-140737284598050-
140737284598057,3546,3,140737284598057-140737284598065-140737284598074-
140737284598080,3547,8,140737284598080-140737284598087-140737284598088-140737284598089-140737284598091-140737284598093-140737284598095-140737284598097-
140737284598128,3079,7,140737284598128-140737284598133-140737284598138-140737284598140-140737284598144-140737284598147-140737284598152-
140737284598157,3080,10,140737284598157-140737284598161-140737284598166-140737284598171-140737284598174-140737284598179-140737284598184-140737284598187-140737284598190-140737284598194-
140737284598199,3081,4,140737284598199-140737284598204-140737284598209-140737284598213-
140737284598400,5119,16,140737284598400-140737284598404-140737284598414-140737284598416-140737284598418-140737284598420-140737284598422-140737284598423-140737284598424-140737284598428-140737284598432-140737284598435-140737284598438-140737284598441-140737284598445-140737284598448-
140737284598454,5120,7,140737284598454-140737284598457-140737284598460-140737284598463-140737284598466-140737284598469-140737284598472-
140737284598478,5143,4,140737284598478-140737284598488-140737284598492-140737284598495-
140737284598501,5122,4,140737284598501-140737284598504-140737284598509-140737284598513-
140737284598518,5123,12,140737284598518-140737284598522-140737284598527-140737284598530-140737284598533-140737284598536-140737284598539-140737284598544-140737284598548-140737284598552-140737284598556-140737284598559-
140737284598561,5124,2,140737284598561-140737284598564-
140737284598566,5125,2,140737284598566-140737284598569-
140737284598571,5126,12,140737284598571-140737284598576-140737284598580-140737284598584-140737284598588-140737284598592-140737284598593-140737284598594-140737284598596-140737284598598-140737284598600-140737284598602-
140737284598608,5146,4,140737284598608-140737284598611-140737284598614-140737284598619-
140737284598624,5147,3,140737284598624-140737284598627-140737284598632-
140737284598634,5148,2,140737284598634-140737284598637-
140737284598642,5149,1,140737284598642-
140737284598648,5144,2,140737284598648-140737284598651-
140737284598704,5121,2,140737284598704-140737284598710-
140737284598727,5145,5,140737284598727-140737284598730-140737284598734-140737284598737-140737284598741-
140737284598752,5088,5,140737284598752-140737284598756-140737284598763-140737284598767-140737284598773-
140737284598775,5099,21,140737284598775-140737284598779-140737284598786-140737284598796-140737284598799-140737284598803-140737284598806-140737284598816-140737284598819-140737284598822-140737284598826-140737284598829-140737284598839-140737284598842-140737284598845-140737284598849-140737284598852-140737284598855-140737284598858-140737284598862-140737284598865-
140737284598872,5089,17,140737284598872-140737284598875-140737284598878-140737284598885-140737284598888-140737284598898-140737284598904-140737284598907-140737284598911-140737284598918-140737284598921-140737284598927-140737284598930-140737284598933-140737284598936-140737284598943-140737284598946-
140737284598904,5091,11,140737284598904-140737284598907-140737284598911-140737284598918-140737284598921-140737284598927-140737284598930-140737284598933-140737284598936-140737284598943-140737284598946-
140737284598948,5092,5,140737284598948-140737284598951-140737284598954-140737284598958-140737284598961-
140737284598951,5090,4,140737284598951-140737284598954-140737284598958-140737284598961-
140737284598963,5093,15,140737284598963-140737284598970-140737284598977-140737284598987-140737284598992-140737284598999-140737284599002-140737284599009-140737284599012-140737284599018-140737284599021-140737284599024-140737284599027-140737284599030-140737284599033-
140737284598992,5095,11,140737284598992-140737284598999-140737284599002-140737284599009-140737284599012-140737284599018-140737284599021-140737284599024-140737284599027-140737284599030-140737284599033-
140737284599035,5094,5,140737284599035-140737284599038-140737284599045-140737284599049-140737284599052-
140737284599038,5096,4,140737284599038-140737284599045-140737284599049-140737284599052-
140737284599054,5097,10,140737284599054-140737284599061-140737284599064-140737284599070-140737284599076-140737284599079-140737284599082-140737284599085-140737284599092-140737284599094-
140737284599096,5098,6,140737284599096-140737284599106-140737284599109-140737284599116-140737284599118-140737284599123-
140737284608624,3733,16,140737284608624-140737284608628-140737284608630-140737284608632-140737284608634-140737284608637-140737284608639-140737284608640-140737284608643-140737284608644-140737284608647-140737284608654-140737284608658-140737284608667-140737284608675-140737284608677-
140737284608682,3757,8,140737284608682-140737284608690-140737284608694-140737284608697-140737284608700-140737284608707-140737284608712-140737284608717-
140737284608722,3758,2,140737284608722-140737284608726-
140737284608732,3759,3,140737284608732-140737284608736-140737284608739-
140737284608745,3760,9,140737284608745-140737284608753-140737284608756-140737284608761-140737284608764-140737284608772-140737284608776-140737284608780-140737284608783-
140737284608785,3761,2,140737284608785-140737284608788-
140737284608794,3762,3,140737284608794-140737284608799-140737284608803-
140737284608809,3763,2,140737284608809-140737284608813-
140737284608835,3768,7,140737284608835-140737284608843-140737284608851-140737284608856-140737284608859-140737284608867-140737284608872-
140737284608877,3770,19,140737284608877-140737284608884-140737284608888-140737284608890-140737284608898-140737284608900-140737284608907-140737284608915-140737284608922-140737284608930-140737284608938-140737284608946-140737284608950-140737284608962-140737284608970-140737284608977-140737284608989-140737284608993-140737284608996-
140737284609001,3772,7,140737284609001-140737284609008-140737284609016-140737284609024-140737284609027-140737284609031-140737284609039-
140737284609044,3798,3,140737284609044-140737284609047-140737284609050-
140737284609055,3799,4,140737284609055-140737284609059-140737284609064-140737284609067-
140737284609072,3894,5,140737284609072-140737284609080-140737284609084-140737284609087-140737284609090-
140737284609096,3895,2,140737284609096-140737284609098-
140737284609103,3900,4,140737284609103-140737284609111-140737284609114-140737284609119-
140737284609124,3902,2,140737284609124-140737284609126-
140737284609132,3903,4,140737284609132-140737284609140-140737284609147-140737284609150-
140737284609155,3904,2,140737284609155-140737284609157-
140737284609163,3905,6,140737284609163-140737284609168-140737284609170-140737284609172-140737284609175-140737284609180-
140737284609184,4040,7,140737284609184-140737284609188-140737284609192-140737284609196-140737284609199-140737284609204-140737284609207-
140737284609199,3906,3,140737284609199-140737284609204-140737284609207-
140737284609212,4025,3,140737284609212-140737284609215-140737284609220-
140737284609225,4030,4,140737284609225-140737284609228-140737284609232-140737284609237-
140737284609243,4031,5,140737284609243-140737284609247-140737284609252-140737284609256-140737284609259-
140737284609261,4032,5,140737284609261-140737284609264-140737284609267-140737284609271-140737284609274-
140737284609280,4041,3,140737284609280-140737284609284-140737284609287-
140737284609289,4042,3,140737284609289-140737284609299-140737284609302-
140737284609308,4043,4,140737284609308-140737284609312-140737284609315-140737284609318-
140737284609315,4035,2,140737284609315-140737284609318-
140737284609323,4037,5,140737284609323-140737284609326-140737284609328-140737284609331-140737284609335-
140737284609341,4044,6,140737284609341-140737284609344-140737284609349-140737284609353-140737284609357-140737284609360-
140737284609344,4051,5,140737284609344-140737284609349-140737284609353-140737284609357-140737284609360-
140737284609362,4045,4,140737284609362-140737284609365-140737284609368-140737284609373-
140737284609378,4050,4,140737284609378-140737284609383-140737284609386-140737284609389-
140737284609383,4039,3,140737284609383-140737284609386-140737284609389-
140737284609400,3764,2,140737284609400-140737284609403-
140737284609424,4168,4,140737284609424-140737284609428-140737284609431-140737284609434-
140737284609441,4169,8,140737284609441-140737284609445-140737284609450-140737284609455-140737284609459-140737284609463-140737284609466-140737284609469-
140737284609474,4269,2,140737284609474-140737284609477-
140737284609483,4270,1,140737284609483-
140737284609488,4271,13,140737284609488-140737284609492-140737284609497-140737284609505-140737284609510-140737284609518-140737284609528-140737284609536-140737284609544-140737284609552-140737284609560-140737284609572-140737284609580-
140737284609585,4550,3,140737284609585-140737284609593-140737284609596-
140737284609603,4551,8,140737284609603-140737284609610-140737284609613-140737284609621-140737284609625-140737284609633-140737284609640-140737284609648-
140737284609653,4553,2,140737284609653-140737284609658-
140737284609663,4557,4,140737284609663-140737284609670-140737284609678-140737284609686-
140737284609691,4559,10,140737284609691-140737284609698-140737284609703-140737284609710-140737284609718-140737284609722-140737284609730-140737284609737-140737284609749-140737284609757-
140737284609762,4573,3,140737284609762-140737284609770-140737284609775-
140737284609782,4574,3,140737284609782-140737284609790-140737284609799-
140737284609805,4575,9,140737284609805-140737284609809-140737284609816-140737284609817-140737284609818-140737284609820-140737284609822-140737284609824-140737284609826-
140737284610120,4033,2,140737284610120-140737284610123-
140737284610129,4034,2,140737284610129-140737284610134-
140737284610188,3766,3,140737284610188-140737284610191-140737284610194-
140737284610199,3767,3,140737284610199-140737284610204-140737284610212-
140737284610224,4038,3,140737284610224-140737284610227-140737284610230-
140737284611187,3765,2,140737284611187-140737284611192-
140737284617696,4807,12,140737284617696-140737284617700-140737284617704-140737284617705-140737284617708-140737284617709-140737284617712-140737284617715-140737284617719-140737284617722-140737284617725-140737284617728-
140737284617734,4815,2,140737284617734-140737284617737-
140737284617744,4821,6,140737284617744-140737284617748-140737284617752-140737284617755-140737284617759-140737284617762-
140737284617764,4822,8,140737284617764-140737284617767-140737284617771-140737284617775-140737284617779-140737284617783-140737284617786-140737284617791-
140737284617767,4816,7,140737284617767-140737284617771-140737284617775-140737284617779-140737284617783-140737284617786-140737284617791-
140737284617793,4817,3,140737284617793-140737284617797-140737284617800-
140737284617802,4818,2,140737284617802-140737284617805-
140737284617807,4811,7,140737284617807-140737284617811-140737284617814-140737284617818-140737284617821-140737284617824-140737284617827-
140737284617840,4823,10,140737284617840-140737284617843-140737284617847-140737284617850-140737284617854-140737284617857-140737284617860-140737284617863-140737284617866-140737284617869-
140737284617871,4824,6,140737284617871-140737284617874-140737284617878-140737284617882-140737284617885-140737284617887-
140737284617874,4812,5,140737284617874-140737284617878-140737284617882-140737284617885-140737284617887-
140737284617889,4813,4,140737284617889-140737284617892-140737284617893-140737284617894-
140737284617904,4808,3,140737284617904-140737284617908-140737284617911-
140737284617913,4809,9,140737284617913-140737284617916-140737284617920-140737284617924-140737284617927-140737284617931-140737284617934-140737284617937-140737284617940-
140737284617920,4819,7,140737284617920-140737284617924-140737284617927-140737284617931-140737284617934-140737284617937-140737284617940-
140737284617946,4810,6,140737284617946-140737284617951-140737284617955-140737284617959-140737284617962-140737284617966-
140737284617976,4825,5,140737284617976-140737284617979-140737284617982-140737284617983-140737284617984-
140737284622928,4698,16,140737284622928-140737284622932-140737284622942-140737284622944-140737284622946-140737284622948-140737284622950-140737284622951-140737284622952-140737284622956-140737284622960-140737284622964-140737284622969-140737284622974-140737284622978-140737284622981-
140737284622987,4699,6,140737284622987-140737284622995-140737284622998-140737284623001-140737284623004-140737284623009-
140737284623014,4711,3,140737284623014-140737284623020-140737284623023-
140737284623029,4712,7,140737284623029-140737284623034-140737284623037-140737284623040-140737284623044-140737284623049-140737284623057-
140737284623040,4720,4,140737284623040-140737284623044-140737284623049-140737284623057-
140737284623077,4714,8,140737284623077-140737284623080-140737284623083-140737284623086-140737284623090-140737284623094-140737284623097-140737284623100-
140737284623106,4721,10,140737284623106-140737284623110-140737284623115-140737284623118-140737284623121-140737284623125-140737284623129-140737284623131-140737284623134-140737284623137-
140737284623142,4724,3,140737284623142-140737284623146-140737284623150-
140737284623156,4760,6,140737284623156-140737284623160-140737284623164-140737284623167-140737284623172-140737284623175-
140737284623184,4762,2,140737284623184-140737284623187-
140737284623189,4763,6,140737284623189-140737284623192-140737284623197-140737284623200-140737284623203-140737284623208-
140737284623213,4765,4,140737284623213-140737284623217-140737284623220-140737284623223-
140737284623225,4761,3,140737284623225-140737284623228-140737284623231-
140737284623233,4766,4,140737284623233-140737284623237-140737284623241-140737284623243-
140737284623249,4767,7,140737284623249-140737284623256-140737284623259-140737284623262-140737284623265-140737284623269-140737284623271-
140737284623256,4769,6,140737284623256-140737284623259-140737284623262-140737284623265-140737284623269-140737284623271-
140737284623273,4768,4,140737284623273-140737284623275-140737284623279-140737284623282-
140737284623275,4771,3,140737284623275-140737284623279-140737284623282-
140737284623284,4772,6,140737284623284-140737284623287-140737284623290-140737284623295-140737284623299-140737284623302-
140737284623304,4773,6,140737284623304-140737284623312-140737284623315-140737284623319-140737284623323-140737284623325-
140737284623312,4777,5,140737284623312-140737284623315-140737284623319-140737284623323-140737284623325-
140737284623331,4774,7,140737284623331-140737284623336-140737284623339-140737284623342-140737284623345-140737284623349-140737284623351-
140737284623336,4775,6,140737284623336-140737284623339-140737284623342-140737284623345-140737284623349-140737284623351-
140737284623353,4776,4,140737284623353-140737284623357-140737284623359-140737284623362-
140737284623364,4732,2,140737284623364-140737284623367-
140737284623376,4734,3,140737284623376-140737284623378-140737284623381-
140737284623387,4733,4,140737284623387-140737284623390-140737284623394-140737284623397-
140737284623399,4735,8,140737284623399-140737284623402-140737284623405-140737284623409-140737284623412-140737284623415-140737284623419-140737284623422-
140737284623412,4715,4,140737284623412-140737284623415-140737284623419-140737284623422-
140737284623428,4794,6,140737284623428-140737284623432-140737284623436-140737284623438-140737284623442-140737284623445-
140737284623432,4786,5,140737284623432-140737284623436-140737284623438-140737284623442-140737284623445-
140737284623456,4788,2,140737284623456-140737284623459-
140737284623465,4789,2,140737284623465-140737284623468-
140737284623474,4790,2,140737284623474-140737284623477-
140737284623483,4791,3,140737284623483-140737284623487-140737284623490-
140737284623496,4787,2,140737284623496-140737284623498-
140737284623551,4719,5,140737284623551-140737284623556-140737284623559-140737284623562-140737284623567-
140737284623573,4830,9,140737284623573-140737284623576-140737284623581-140737284623585-140737284623592-140737284623596-140737284623604-140737284623607-140737284623610-
140737284623615,4831,3,140737284623615-140737284623619-140737284623622-
140737284623628,4832,14,140737284623628-140737284623631-140737284623634-140737284623637-140737284623639-140737284623643-140737284623647-140737284623648-140737284623651-140737284623658-140737284623661-140737284623664-140737284623668-140737284623671-
140737284623677,4833,5,140737284623677-140737284623680-140737284623683-140737284623687-140737284623691-
140737284623697,4834,18,140737284623697-140737284623700-140737284623703-140737284623707-140737284623711-140737284623715-140737284623718-140737284623728-140737284623732-140737284623736-140737284623740-140737284623744-140737284623748-140737284623752-140737284623756-140737284623760-140737284623764-140737284623767-
140737284623728,4835,11,140737284623728-140737284623732-140737284623736-140737284623740-140737284623744-140737284623748-140737284623752-140737284623756-140737284623760-140737284623764-140737284623767-
140737284623769,4836,9,140737284623769-140737284623773-140737284623776-140737284623781-140737284623785-140737284623789-140737284623792-140737284623797-140737284623800-
140737284623852,4837,5,140737284623852-140737284623855-140737284623862-140737284623866-140737284623869-
140737284623875,4838,2,140737284623875-140737284623879-
140737284623884,4839,6,140737284623884-140737284623887-140737284623891-140737284623893-140737284623895-140737284623898-
140737284623904,4840,5,140737284623904-140737284623908-140737284623912-140737284623916-140737284623919-
140737284623921,4841,7,140737284623921-140737284623925-140737284623928-140737284623932-140737284623937-140737284623947-140737284623950-
140737284623956,4842,3,140737284623956-140737284623964-140737284623969-
140737284623974,4843,3,140737284623974-140737284623977-140737284623980-
140737284623982,4844,12,140737284623982-140737284623987-140737284623990-140737284623992-140737284624000-140737284624003-140737284624010-140737284624013-140737284624016-140737284624019-140737284624023-140737284624026-
140737284624028,4845,7,140737284624028-140737284624032-140737284624037-140737284624042-140737284624046-140737284624049-140737284624052-
140737284624032,4846,6,140737284624032-140737284624037-140737284624042-140737284624046-140737284624049-140737284624052-
140737284624054,4847,3,140737284624054-140737284624058-140737284624061-
140737284624063,4848,6,140737284624063-140737284624068-140737284624073-140737284624076-140737284624079-140737284624084-
140737284624089,4849,2,140737284624089-140737284624093-
140737284624098,4850,5,140737284624098-140737284624103-140737284624108-140737284624118-140737284624121-
140737284624127,4851,2,140737284624127-140737284624131-
140737284624136,4852,9,140737284624136-140737284624141-140737284624144-140737284624149-140737284624153-140737284624156-140737284624166-140737284624169-140737284624172-
140737284624178,4853,2,140737284624178-140737284624182-
140737284624187,4861,4,140737284624187-140737284624191-140737284624193-140737284624196-
140737284624198,4862,8,140737284624198-140737284624208-140737284624213-140737284624217-140737284624221-140737284624224-140737284624228-140737284624231-
140737284624208,4863,7,140737284624208-140737284624213-140737284624217-140737284624221-140737284624224-140737284624228-140737284624231-
140737284624233,4864,4,140737284624233-140737284624238-140737284624244-140737284624247-
140737284624249,4865,3,140737284624249-140737284624251-140737284624256-
140737284624262,4866,2,140737284624262-140737284624267-
140737284624272,4870,3,140737284624272-140737284624276-140737284624280-
140737284624285,4871,2,140737284624285-140737284624290-
140737284624292,4872,6,140737284624292-140737284624297-140737284624300-140737284624305-140737284624309-140737284624313-
140737284624297,4869,5,140737284624297-140737284624300-140737284624305-140737284624309-140737284624313-
140737284624300,4867,4,140737284624300-140737284624305-140737284624309-140737284624313-
140737284624315,4868,3,140737284624315-140737284624319-140737284624324-
140737284624326,4888,2,140737284624326-140737284624329-
140737284624334,4891,9,140737284624334-140737284624338-140737284624341-140737284624342-140737284624343-140737284624345-140737284624347-140737284624349-140737284624351-
140737284624360,4713,4,140737284624360-140737284624365-140737284624369-140737284624374-
140737284624384,4779,2,140737284624384-140737284624387-
140737284624393,4780,3,140737284624393-140737284624397-140737284624400-
140737284624402,4800,1,140737284624402-
140737284624408,4783,5,140737284624408-140737284624410-140737284624412-140737284624416-140737284624418-
140737284624410,4781,4,140737284624410-140737284624412-140737284624416-140737284624418-
140737284624420,4782,7,140737284624420-140737284624423-140737284624427-140737284624430-140737284624433-140737284624437-140737284624440-
140737284624433,4784,3,140737284624433-140737284624437-140737284624440-
140737284624442,4785,9,140737284624442-140737284624445-140737284624448-140737284624451-140737284624455-140737284624458-140737284624461-140737284624465-140737284624468-
140737284624474,4716,4,140737284624474-140737284624477-140737284624480-140737284624484-
140737284624490,4736,3,140737284624490-140737284624496-140737284624498-
140737284624496,4793,2,140737284624496-140737284624498-
140737284624504,4737,3,140737284624504-140737284624508-140737284624510-
140737284624544,4725,2,140737284624544-140737284624547-
140737284624553,4726,3,140737284624553-140737284624557-140737284624560-
140737284624568,4802,2,140737284624568-140737284624571-
140737284624573,4803,6,140737284624573-140737284624576-140737284624581-140737284624584-140737284624587-140737284624592-
140737284624597,4804,4,140737284624597-140737284624601-140737284624604-140737284624607-
140737284624609,4727,3,140737284624609-140737284624612-140737284624615-
140737284624617,4728,4,140737284624617-140737284624621-140737284624625-140737284624627-
140737284624633,4795,7,140737284624633-140737284624640-140737284624643-140737284624646-140737284624649-140737284624653-140737284624655-
140737284624640,4796,6,140737284624640-140737284624643-140737284624646-140737284624649-140737284624653-140737284624655-
140737284624657,4797,4,140737284624657-140737284624659-140737284624663-140737284624666-
140737284624659,4730,3,140737284624659-140737284624663-140737284624666-
140737284624668,4731,3,140737284624668-140737284624671-140737284624675-
140737284624688,4778,5,140737284624688-140737284624691-140737284624695-140737284624697-140737284624700-
140737284624706,4805,1,140737284624706-
140737284624768,4792,5,140737284624768-140737284624771-140737284624774-140737284624778-140737284624782-
140737284624788,4717,2,140737284624788-140737284624792-
140737284624798,4718,2,140737284624798-140737284624802-
140737284624808,4801,2,140737284624808-140737284624810-
140737284624928,4770,3,140737284624928-140737284624931-140737284624933-
140737284624944,4729,3,140737284624944-140737284624947-140737284624949-
140737284624960,4798,2,140737284624960-140737284624962-
140737284624968,4799,2,140737284624968-140737284624972-
140737284625104,3672,35,140737284625104-140737284625108-140737284625110-140737284625114-140737284625116-140737284625118-140737284625120-140737284625121-140737284625122-140737284625129-140737284625134-140737284625142-140737284625150-140737284625159-140737284625167-140737284625169-140737284625172-140737284625176-140737284625184-140737284625188-140737284625195-140737284625203-140737284625207-140737284625215-140737284625218-140737284625226-140737284625229-140737284625237-140737284625240-140737284625243-140737284625248-140737284625257-140737284625260-140737284625262-140737284625266-
140737284625272,3673,4,140737284625272-140737284625280-140737284625283-140737284625287-
140737284625317,3677,5,140737284625317-140737284625325-140737284625329-140737284625336-140737284625341-
140737284625346,3678,4,140737284625346-140737284625354-140737284625356-140737284625359-
140737284625361,3679,1,140737284625361-
140737284625366,3680,3,140737284625366-140737284625370-140737284625372-
140737284625631,4580,5,140737284625631-140737284625640-140737284625649-140737284625661-140737284625673-
140737284625678,4581,4,140737284625678-140737284625682-140737284625687-140737284625691-
140737284625697,4589,2,140737284625697-140737284625702-
140737284625747,4662,1,140737284625747-
140737284625752,4663,13,140737284625752-140737284625756-140737284625761-140737284625765-140737284625770-140737284625778-140737284625788-140737284625796-140737284625804-140737284625809-140737284625817-140737284625829-140737284625837-
140737284625842,4689,3,140737284625842-140737284625850-140737284625853-
140737284625860,4690,6,140737284625860-140737284625865-140737284625869-140737284625874-140737284625882-140737284625886-
140737284625892,4691,12,140737284625892-140737284625895-140737284625898-140737284625902-140737284625905-140737284625908-140737284625912-140737284625916-140737284625919-140737284625922-140737284625930-140737284625933-
140737284625940,4692,3,140737284625940-140737284625948-140737284625951-
140737284625958,4693,2,140737284625958-140737284625966-
140737284626004,4694,16,140737284626004-140737284626009-140737284626014-140737284626019-140737284626024-140737284626028-140737284626033-140737284626041-140737284626046-140737284626050-140737284626057-140737284626065-140737284626070-140737284626074-140737284626082-140737284626085-
140737284626087,4695,1,140737284626087-
140737284626092,4696,2,140737284626092-140737284626097-
140737284626189,4898,2,140737284626189-140737284626197-
140737284626235,4899,3,140737284626235-140737284626243-140737284626252-
140737284626258,4900,9,140737284626258-140737284626263-140737284626270-140737284626271-140737284626272-140737284626274-140737284626276-140737284626278-140737284626280-
140737284626352,4590,3,140737284626352-140737284626362-140737284626365-
140737284626371,4591,3,140737284626371-140737284626375-140737284626378-
140737284626383,4606,4,140737284626383-140737284626386-140737284626390-140737284626393-
140737284626395,4607,4,140737284626395-140737284626398-140737284626400-140737284626403-
140737284626408,4615,4,140737284626408-140737284626413-140737284626418-140737284626421-
140737284626423,4616,2,140737284626423-140737284626428-
140737284626434,4617,7,140737284626434-140737284626439-140737284626448-140737284626451-140737284626455-140737284626460-140737284626463-
140737284626448,4619,5,140737284626448-140737284626451-140737284626455-140737284626460-140737284626463-
140737284626465,4618,4,140737284626465-140737284626470-140737284626474-140737284626477-
140737284626479,4620,7,140737284626479-140737284626483-140737284626490-140737284626494-140737284626502-140737284626505-140737284626508-
140737284626513,4621,3,140737284626513-140737284626518-140737284626521-
140737284626527,4622,14,140737284626527-140737284626530-140737284626533-140737284626536-140737284626538-140737284626542-140737284626546-140737284626552-140737284626555-140737284626562-140737284626565-140737284626568-140737284626572-140737284626575-
140737284626581,4623,5,140737284626581-140737284626584-140737284626587-140737284626591-140737284626595-
140737284626601,4624,18,140737284626601-140737284626604-140737284626607-140737284626611-140737284626615-140737284626619-140737284626622-140737284626624-140737284626629-140737284626633-140737284626637-140737284626641-140737284626645-140737284626649-140737284626653-140737284626657-140737284626661-140737284626664-
140737284626624,4625,11,140737284626624-140737284626629-140737284626633-140737284626637-140737284626641-140737284626645-140737284626649-140737284626653-140737284626657-140737284626661-140737284626664-
140737284626666,4626,9,140737284626666-140737284626670-140737284626673-140737284626678-140737284626682-140737284626686-140737284626689-140737284626694-140737284626697-
140737284626749,4627,5,140737284626749-140737284626752-140737284626759-140737284626763-140737284626766-
140737284626772,4628,2,140737284626772-140737284626777-
140737284626782,4629,3,140737284626782-140737284626787-140737284626790-
140737284626796,4630,10,140737284626796-140737284626801-140737284626804-140737284626806-140737284626808-140737284626816-140737284626820-140737284626824-140737284626828-140737284626831-
140737284626833,4631,7,140737284626833-140737284626843-140737284626848-140737284626852-140737284626856-140737284626861-140737284626864-
140737284626870,4632,4,140737284626870-140737284626878-140737284626881-140737284626886-
140737284626891,4634,3,140737284626891-140737284626894-140737284626897-
140737284626899,4635,12,140737284626899-140737284626904-140737284626909-140737284626911-140737284626912-140737284626915-140737284626922-140737284626925-140737284626928-140737284626931-140737284626935-140737284626938-
140737284626940,4636,7,140737284626940-140737284626944-140737284626949-140737284626953-140737284626957-140737284626960-140737284626963-
140737284626944,4637,6,140737284626944-140737284626949-140737284626953-140737284626957-140737284626960-140737284626963-
140737284626965,4638,3,140737284626965-140737284626969-140737284626972-
140737284626974,4639,6,140737284626974-140737284626979-140737284626984-140737284626989-140737284626992-140737284626997-
140737284627002,4640,2,140737284627002-140737284627007-
140737284627012,4641,5,140737284627012-140737284627016-140737284627020-140737284627030-140737284627033-
140737284627039,4642,2,140737284627039-140737284627043-
140737284627048,4646,8,140737284627048-140737284627053-140737284627061-140737284627064-140737284627074-140737284627078-140737284627081-140737284627084-
140737284627090,4647,2,140737284627090-140737284627094-
140737284627099,4648,4,140737284627099-140737284627102-140737284627104-140737284627106-
140737284627108,4649,8,140737284627108-140737284627112-140737284627116-140737284627120-140737284627124-140737284627127-140737284627131-140737284627134-
140737284627112,4650,7,140737284627112-140737284627116-140737284627120-140737284627124-140737284627127-140737284627131-140737284627134-
140737284627136,4651,5,140737284627136-140737284627141-140737284627146-140737284627151-140737284627154-
140737284627156,4652,3,140737284627156-140737284627161-140737284627169-
140737284627216,4655,2,140737284627216-140737284627219-
140737284627224,4660,2,140737284627224-140737284627227-
140737284627232,4661,2,140737284627232-140737284627237-
140737284628160,4653,16,140737284628160-140737284628163-140737284628167-140737284628171-140737284628175-140737284628178-140737284628181-140737284628185-140737284628188-140737284628191-140737284628195-140737284628198-140737284628202-140737284628205-140737284628208-140737284628211-
140737284628213,4654,1,140737284628213-
140737284628240,3681,6,140737284628240-140737284628248-140737284628252-140737284628259-140737284628262-140737284628265-
140737284628267,3682,2,140737284628267-140737284628270-
140737284628276,3683,3,140737284628276-140737284628284-140737284628288-
140737284628318,3687,16,140737284628318-140737284628326-140737284628334-140737284628339-140737284628347-140737284628355-140737284628363-140737284628368-140737284628376-140737284628379-140737284628382-140737284628385-140737284628388-140737284628391-140737284628393-140737284628397-
140737284628403,3688,3,140737284628403-140737284628411-140737284628415-
140737284628447,3692,5,140737284628447-140737284628455-140737284628460-140737284628468-140737284628471-
140737284628473,3693,1,140737284628473-
140737284628478,3694,4,140737284628478-140737284628485-140737284628490-140737284628493-
140737284628498,3701,2,140737284628498-140737284628502-
140737284628508,3702,3,140737284628508-140737284628516-140737284628519-
140737284628525,3703,13,140737284628525-140737284628533-140737284628536-140737284628544-140737284628552-140737284628555-140737284628563-140737284628566-140737284628569-140737284628572-140737284628575-140737284628580-140737284628582-
140737284628588,3704,3,140737284628588-140737284628596-140737284628600-
140737284628606,3705,2,140737284628606-140737284628610-
140737284628629,3710,5,140737284628629-140737284628637-140737284628644-140737284628647-140737284628652-
140737284628657,3717,2,140737284628657-140737284628659-
140737284628744,3674,4,140737284628744-140737284628747-140737284628755-140737284628757-
140737284628762,3675,7,140737284628762-140737284628770-140737284628773-140737284628781-140737284628789-140737284628792-140737284628795-
140737284628800,3676,3,140737284628800-140737284628808-140737284628816-
140737284628832,4697,7,140737284628832-140737284628837-140737284628842-140737284628844-140737284628847-140737284628855-140737284628858-
140737284628863,4892,2,140737284628863-140737284628871-
140737284628877,4893,20,140737284628877-140737284628882-140737284628887-140737284628895-140737284628900-140737284628903-140737284628907-140737284628911-140737284628916-140737284628919-140737284628923-140737284628926-140737284628930-140737284628934-140737284628938-140737284628941-140737284628944-140737284628948-140737284628956-140737284628959-
140737284628961,4894,1,140737284628961-
140737284628966,4895,3,140737284628966-140737284628974-140737284628977-
140737284628983,4896,1,140737284628983-
140737284628988,4897,1,140737284628988-
140737284629280,4582,4,140737284629280-140737284629285-140737284629290-140737284629293-
140737284629299,4583,8,140737284629299-140737284629303-140737284629306-140737284629309-140737284629312-140737284629316-140737284629320-140737284629324-
140737284629330,4584,25,140737284629330-140737284629333-140737284629337-140737284629341-140737284629345-140737284629348-140737284629352-140737284629356-140737284629361-140737284629365-140737284629369-140737284629373-140737284629377-140737284629381-140737284629385-140737284629389-140737284629393-140737284629397-140737284629401-140737284629405-140737284629409-140737284629413-140737284629417-140737284629421-140737284629424-
140737284629352,4585,19,140737284629352-140737284629356-140737284629361-140737284629365-140737284629369-140737284629373-140737284629377-140737284629381-140737284629385-140737284629389-140737284629393-140737284629397-140737284629401-140737284629405-140737284629409-140737284629413-140737284629417-140737284629421-140737284629424-
140737284629426,4586,20,140737284629426-140737284629430-140737284629433-140737284629438-140737284629442-140737284629446-140737284629450-140737284629454-140737284629458-140737284629462-140737284629466-140737284629470-140737284629475-140737284629479-140737284629483-140737284629487-140737284629491-140737284629495-140737284629500-140737284629503-
140737284629505,4587,8,140737284629505-140737284629507-140737284629510-140737284629514-140737284629517-140737284629521-140737284629525-140737284629528-
140737284629573,4588,4,140737284629573-140737284629577-140737284629580-140737284629584-
140737284629624,3706,2,140737284629624-140737284629627-
140737284629648,3684,4,140737284629648-140737284629652-140737284629660-140737284629662-
140737284629667,3685,7,140737284629667-140737284629675-140737284629678-140737284629686-140737284629694-140737284629697-140737284629700-
140737284629705,3686,3,140737284629705-140737284629713-140737284629721-
140737284629728,3689,4,140737284629728-140737284629736-140737284629738-140737284629741-
140737284629746,3690,7,140737284629746-140737284629754-140737284629757-140737284629765-140737284629773-140737284629776-140737284629779-
140737284629784,3691,3,140737284629784-140737284629792-140737284629800-
140737284629853,3708,3,140737284629853-140737284629858-140737284629861-
140737284629866,3709,3,140737284629866-140737284629874-140737284629882-
140737284629888,3718,4,140737284629888-140737284629895-140737284629900-140737284629903-
140737284629908,3719,2,140737284629908-140737284629912-
140737284629918,3720,3,140737284629918-140737284629926-140737284629929-
140737284629935,3721,11,140737284629935-140737284629943-140737284629946-140737284629954-140737284629957-140737284629960-140737284629963-140737284629966-140737284629969-140737284629971-140737284629975-
140737284629981,3722,3,140737284629981-140737284629989-140737284629993-
140737284629999,3723,2,140737284629999-140737284630003-
140737284630023,3728,5,140737284630023-140737284630031-140737284630035-140737284630042-140737284630047-
140737284630052,3729,4,140737284630052-140737284630060-140737284630062-140737284630065-
140737284630072,3730,3,140737284630072-140737284630080-140737284630083-
140737284630090,3731,2,140737284630090-140737284630092-
140737284630098,3732,4,140737284630098-140737284630106-140737284630110-140737284630113-
140737284630118,4576,3,140737284630118-140737284630123-140737284630126-
140737284630133,4577,7,140737284630133-140737284630141-140737284630149-140737284630158-140737284630163-140737284630168-140737284630173-
140737284630179,4578,1,140737284630179-
140737284630184,4579,1,140737284630184-
140737284630208,3724,2,140737284630208-140737284630211-
140737284630286,3726,3,140737284630286-140737284630289-140737284630292-
140737284630297,3727,3,140737284630297-140737284630305-140737284630313-
140737284630409,3707,2,140737284630409-140737284630412-
140737284630469,3725,2,140737284630469-140737284630472-
140737284630960,2367,15,140737284630960-140737284630964-140737284630966-140737284630973-140737284630975-140737284630978-140737284630980-140737284630983-140737284630985-140737284630988-140737284630989-140737284630996-140737284630997-140737284631000-140737284631004-
140737284631009,2370,2,140737284631009-140737284631013-
140737284631015,2371,6,140737284631015-140737284631017-140737284631024-140737284631027-140737284631030-140737284631033-
140737284631024,2376,4,140737284631024-140737284631027-140737284631030-140737284631033-
140737284631037,2375,3,140737284631037-140737284631041-140737284631044-
140737284631046,3025,8,140737284631046-140737284631050-140737284631051-140737284631052-140737284631054-140737284631056-140737284631058-140737284631060-
140737284631080,5365,4,140737284631080-140737284631084-140737284631088-140737284631092-
140737340194816,1990,5,140737340194816-140737340194820-140737340194824-140737340194831-140737340194834-
140737340194838,1991,2,140737340194838-140737340194842-
140737340195312,5412,2,140737340195312-140737340195316-
140737340195792,5414,4,140737340195792-140737340195799-140737340195806-140737340195809-
140737340195832,5415,1,140737340195832-
140737340195840,1993,9,140737340195840-140737340195847-140737340195854-140737340195857-140737340195860-140737340195864-140737340195868-140737340195871-140737340195874-
140737340195896,1994,1,140737340195896-
140737340195904,5409,3,140737340195904-140737340195908-140737340195915-
140737340195917,5410,4,140737340195917-140737340195918-140737340195926-140737340195929-
140737340195931,5411,2,140737340195931-140737340195938-
140737340195943,5413,1,140737340195943-
140737340195948,5416,3,140737340195948-140737340195955-140737340195956-
140737340195968,1992,2,140737340195968-140737340195972-
140737340291472,1680,8,140737340291472-140737340291476-140737340291483-140737340291489-140737340291496-140737340291498-140737340291504-140737340291510-
140737340291536,1681,1,140737340291536-
140737340291552,1677,8,140737340291552-140737340291556-140737340291563-140737340291569-140737340291576-140737340291578-140737340291584-140737340291590-
140737340291616,1678,1,140737340291616-
140737340308368,1683,8,140737340308368-140737340308372-140737340308379-140737340308385-140737340308392-140737340308394-140737340308400-140737340308406-
140737340308444,1684,1,140737340308444-
140737340309712,1664,8,140737340309712-140737340309716-140737340309723-140737340309729-140737340309736-140737340309738-140737340309744-140737340309750-
140737340309788,1665,1,140737340309788-
140737340323104,1675,8,140737340323104-140737340323108-140737340323115-140737340323121-140737340323128-140737340323130-140737340323136-140737340323142-
140737340323180,1676,1,140737340323180-
140737340325328,1672,8,140737340325328-140737340325332-140737340325339-140737340325345-140737340325352-140737340325354-140737340325360-140737340325366-
140737340325392,1673,1,140737340325392-
140737340350704,1685,8,140737340350704-140737340350708-140737340350715-140737340350721-140737340350728-140737340350730-140737340350736-140737340350742-
140737340350780,1686,1,140737340350780-
140737340350784,1667,8,140737340350784-140737340350788-140737340350795-140737340350801-140737340350808-140737340350810-140737340350816-140737340350822-
140737340350860,1668,1,140737340350860-
140737340412368,1666,9,140737340412368-140737340412372-140737340412379-140737340412386-140737340412392-140737340412397-140737340412402-140737340412409-140737340412413-
140737340423488,1669,9,140737340423488-140737340423492-140737340423499-140737340423506-140737340423512-140737340423517-140737340423522-140737340423529-140737340423533-
140737340424800,1671,9,140737340424800-140737340424804-140737340424811-140737340424818-140737340424824-140737340424829-140737340424834-140737340424841-140737340424845-
140737340430096,1663,9,140737340430096-140737340430100-140737340430107-140737340430114-140737340430120-140737340430125-140737340430130-140737340430137-140737340430141-
140737340435504,1679,9,140737340435504-140737340435508-140737340435515-140737340435522-140737340435528-140737340435533-140737340435538-140737340435545-140737340435549-
140737340437152,1674,9,140737340437152-140737340437156-140737340437163-140737340437170-140737340437176-140737340437181-140737340437186-140737340437193-140737340437197-
140737340437360,1670,9,140737340437360-140737340437364-140737340437371-140737340437378-140737340437384-140737340437389-140737340437394-140737340437401-140737340437405-
140737340463744,1682,9,140737340463744-140737340463748-140737340463755-140737340463762-140737340463768-140737340463773-140737340463778-140737340463785-140737340463789-
140737340878760,5417,4,140737340878760-140737340878764-140737340878768-140737340878772-
140737341652992,2134,2,140737341652992-140737341652998-
140737341653280,2175,3,140737341653280-140737341653284-140737341653289-
140737341653472,2133,3,140737341653472-140737341653476-140737341653481-
140737341653776,3820,2,140737341653776-140737341653780-
140737341653808,4261,2,140737341653808-140737341653812-
140737341653904,3138,2,140737341653904-140737341653908-
140737341654096,2174,2,140737341654096-140737341654100-
140737341654112,2574,2,140737341654112-140737341654116-
140737341654128,3590,2,140737341654128-140737341654132-
140737341654224,4403,2,140737341654224-140737341654228-
140737341654288,2132,2,140737341654288-140737341654292-
140737341654416,2582,2,140737341654416-140737341654420-
140737341654432,3229,2,140737341654432-140737341654436-
140737341654496,1881,2,140737341654496-140737341654500-
140737341659680,1896,5,140737341659680-140737341659684-140737341659691-140737341659698-140737341659705-
140737341659735,1897,3,140737341659735-140737341659742-140737341659749-
140737341659751,1898,3,140737341659751-140737341659758-140737341659765-
140737341659767,1899,1,140737341659767-
140737341659776,1902,14,140737341659776-140737341659780-140737341659782-140737341659784-140737341659786-140737341659788-140737341659789-140737341659790-140737341659794-140737341659801-140737341659808-140737341659815-140737341659822-140737341659825-
140737341659856,1985,2,140737341659856-140737341659859-
140737341659861,1986,11,140737341659861-140737341659864-140737341659871-140737341659874-140737341659877-140737341659884-140737341659891-140737341659894-140737341659897-140737341659904-140737341659907-
140737341659912,1987,2,140737341659912-140737341659915-
140737341659917,1988,12,140737341659917-140737341659920-140737341659927-140737341659930-140737341659933-140737341659940-140737341659947-140737341659950-140737341659953-140737341659960-140737341659967-140737341659970-
140737341659972,1989,13,140737341659972-140737341659980-140737341659985-140737341659987-140737341659990-140737341659997-140737341660001-140737341660002-140737341660003-140737341660005-140737341660007-140737341660009-140737341660011-
140737341660019,1903,4,140737341660019-140737341660026-140737341660031-140737341660035-
140737341660040,1935,3,140737341660040-140737341660045-140737341660048-
140737341660053,1945,3,140737341660053-140737341660058-140737341660062-
140737341660067,1949,3,140737341660067-140737341660070-140737341660073-
140737341660079,1950,4,140737341660079-140737341660087-140737341660090-140737341660095-
140737341660101,1951,2,140737341660101-140737341660106-
140737341660108,1952,3,140737341660108-140737341660113-140737341660116-
140737341660122,1953,9,140737341660122-140737341660124-140737341660127-140737341660132-140737341660138-140737341660142-140737341660145-140737341660147-140737341660149-
140737341660138,1957,5,140737341660138-140737341660142-140737341660145-140737341660147-140737341660149-
140737341660151,1954,5,140737341660151-140737341660153-140737341660156-140737341660159-140737341660162-
140737341660168,1955,2,140737341660168-140737341660171-
140737341660173,1961,2,140737341660173-140737341660177-
140737341660179,1962,9,140737341660179-140737341660182-140737341660184-140737341660187-140737341660192-140737341660194-140737341660197-140737341660200-140737341660202-
140737341660200,1960,2,140737341660200-140737341660202-
140737341660208,1956,2,140737341660208-140737341660211-
140737341660247,1980,2,140737341660247-140737341660250-
140737341660252,1981,2,140737341660252-140737341660254-
140737341660256,1982,6,140737341660256-140737341660259-140737341660261-140737341660264-140737341660267-140737341660270-
140737341660272,1983,2,140737341660272-140737341660275-
140737341660277,1984,8,140737341660277-140737341660281-140737341660284-140737341660286-140737341660289-140737341660293-140737341660297-140737341660300-
140737341660439,1958,2,140737341660439-140737341660443-
140737341660449,1959,5,140737341660449-140737341660452-140737341660455-140737341660460-140737341660463-
140737341660531,1963,2,140737341660531-140737341660536-
140737341660542,1964,11,140737341660542-140737341660546-140737341660549-140737341660554-140737341660557-140737341660560-140737341660563-140737341660567-140737341660570-140737341660572-140737341660575-
140737341660587,1965,4,140737341660587-140737341660591-140737341660593-140737341660596-
140737341660598,1973,2,140737341660598-140737341660604-
140737341660606,1972,3,140737341660606-140737341660609-140737341660612-
140737341660609,1966,2,140737341660609-140737341660612-
140737341660614,1967,6,140737341660614-140737341660618-140737341660623-140737341660625-140737341660631-140737341660637-
140737341660639,1968,2,140737341660639-140737341660641-
140737341660643,1969,2,140737341660643-140737341660649-
140737341660651,1970,2,140737341660651-140737341660655-
140737341660657,1971,9,140737341660657-140737341660661-140737341660665-140737341660668-140737341660671-140737341660675-140737341660678-140737341660681-140737341660684-
140737341660686,1977,4,140737341660686-140737341660690-140737341660694-140737341660697-
140737341660699,1978,2,140737341660699-140737341660704-
140737341660706,1979,2,140737341660706-140737341660710-
140737341660715,1974,2,140737341660715-140737341660719-
140737341660721,1975,3,140737341660721-140737341660724-140737341660729-
140737341660735,1976,8,140737341660735-140737341660739-140737341660743-140737341660746-140737341660749-140737341660752-140737341660755-140737341660759-
140737341660928,1875,7,140737341660928-140737341660932-140737341660933-140737341660935-140737341660939-140737341660946-140737341660949-
140737341660967,1877,6,140737341660967-140737341660974-140737341660976-140737341660982-140737341660989-140737341660992-
140737341660997,1891,3,140737341660997-140737341661001-140737341661002-
140737341661008,1876,6,140737341661008-140737341661015-140737341661025-140737341661028-140737341661035-140737341661039-
140737341661072,2361,17,140737341661072-140737341661076-140737341661078-140737341661080-140737341661082-140737341661084-140737341661086-140737341661087-140737341661088-140737341661091-140737341661098-140737341661103-140737341661110-140737341661115-140737341661118-140737341661122-140737341661125-
140737341661136,2362,3,140737341661136-140737341661142-140737341661145-
140737341661147,2363,3,140737341661147-140737341661149-140737341661151-
140737341661156,2364,4,140737341661156-140737341661163-140737341661165-140737341661168-
140737341661174,2365,2,140737341661174-140737341661177-
140737341661179,2366,5,140737341661179-140737341661186-140737341661191-140737341661195-140737341661198-
140737341661200,3026,4,140737341661200-140737341661207-140737341661213-140737341661215-
140737341661221,3027,2,140737341661221-140737341661223-
140737341661229,3028,2,140737341661229-140737341661234-
140737341661239,3034,3,140737341661239-140737341661243-140737341661245-
140737341661247,3035,12,140737341661247-140737341661256-140737341661261-140737341661270-140737341661275-140737341661280-140737341661289-140737341661296-140737341661301-140737341661305-140737341661308-140737341661313-
140737341661315,5275,2,140737341661315-140737341661317-
140737341673968,2561,6,140737341673968-140737341673972-140737341673976-140737341673979-140737341673984-140737341673987-
140737341720832,2416,16,140737341720832-140737341720836-140737341720837-140737341720840-140737341720842-140737341720844-140737341720847-140737341720849-140737341720851-140737341720854-140737341720855-140737341720862-140737341720871-140737341720875-140737341720877-140737341720880-
140737341720901,2418,2,140737341720901-140737341720904-
140737341720910,2419,3,140737341720910-140737341720917-140737341720920-
140737341720926,2420,2,140737341720926-140737341720929-
140737341721421,2424,3,140737341721421-140737341721425-140737341721434-
140737341721440,2425,9,140737341721440-140737341721444-140737341721447-140737341721448-140737341721450-140737341721452-140737341721454-140737341721456-140737341721457-
140737341721467,2421,3,140737341721467-140737341721474-140737341721477-
140737341721479,2422,2,140737341721479-140737341721483-
140737341722752,2417,2,140737341722752-140737341722758-
140737341722763,2423,2,140737341722763-140737341722768-
140737341725664,2529,6,140737341725664-140737341725668-140737341725675-140737341725682-140737341725686-140737341725689-
140737341725691,2530,16,140737341725691-140737341725695-140737341725699-140737341725703-140737341725710-140737341725714-140737341725718-140737341725725-140737341725729-140737341725733-140737341725740-140737341725744-140737341725748-140737341725751-140737341725758-140737341725762-
140737341728000,1892,17,140737341728000-140737341728004-140737341728011-140737341728018-140737341728022-140737341728025-140737341728029-140737341728036-140737341728040-140737341728044-140737341728051-140737341728058-140737341728062-140737341728066-140737341728073-140737341728079-140737341728083-
140737341787056,3030,21,140737341787056-140737341787060-140737341787063-140737341787066-140737341787075-140737341787079-140737341787083-140737341787087-140737341787091-140737341787095-140737341787099-140737341787104-140737341787113-140737341787117-140737341787121-140737341787125-140737341787126-140737341787135-140737341787139-140737341787143-140737341787155-
140737341787166,3031,1,140737341787166-
140737341787184,3032,5,140737341787184-140737341787188-140737341787189-140737341787192-140737341787194-
140737341787196,3033,4,140737341787196-140737341787199-140737341787201-140737341787202-
140737341787264,3029,3,140737341787264-140737341787268-140737341787270-
140737341800096,3561,12,140737341800096-140737341800100-140737341800102-140737341800104-140737341800106-140737341800108-140737341800109-140737341800110-140737341800114-140737341800121-140737341800124-140737341800127-
140737341800133,3562,4,140737341800133-140737341800136-140737341800139-140737341800141-
140737341800147,3563,3,140737341800147-140737341800151-140737341800154-
140737341800200,3568,9,140737341800200-140737341800204-140737341800207-140737341800208-140737341800209-140737341800211-140737341800213-140737341800215-140737341800217-
140737341800224,3564,1,140737341800224-
140737341800229,3565,6,140737341800229-140737341800233-140737341800238-140737341800241-140737341800245-140737341800248-
140737341800256,3567,4,140737341800256-140737341800260-140737341800264-140737341800267-
140737341800269,3566,2,140737341800269-140737341800274-
140737341802416,5277,13,140737341802416-140737341802420-140737341802422-140737341802424-140737341802426-140737341802428-140737341802429-140737341802431-140737341802432-140737341802435-140737341802439-140737341802443-140737341802445-
140737341802451,5282,7,140737341802451-140737341802458-140737341802461-140737341802464-140737341802472-140737341802477-140737341802479-
140737341802464,5429,4,140737341802464-140737341802472-140737341802477-140737341802479-
140737341802485,5283,4,140737341802485-140737341802489-140737341802492-140737341802495-
140737341802497,5430,1,140737341802497-
140737341802512,5425,2,140737341802512-140737341802516-
140737341802522,5308,4,140737341802522-140737341802530-140737341802535-140737341802537-
140737341802543,5309,3,140737341802543-140737341802547-140737341802554-
140737341802556,5284,3,140737341802556-140737341802560-140737341802563-
140737341802569,5285,6,140737341802569-140737341802573-140737341802580-140737341802584-140737341802592-140737341802594-
140737341802600,5286,7,140737341802600-140737341802604-140737341802607-140737341802611-140737341802614-140737341802618-140737341802622-
140737341802624,5287,2,140737341802624-140737341802628-
140737341802630,5288,7,140737341802630-140737341802634-140737341802638-140737341802646-140737341802648-140737341802652-140737341802661-
140737341802663,5307,1,140737341802663-
140737341802816,5426,4,140737341802816-140737341802819-140737341802822-140737341802825-
140737341802835,5427,3,140737341802835-140737341802843-140737341802845-
140737341802847,5428,2,140737341802847-140737341802851-
140737341802856,5431,4,140737341802856-140737341802863-140737341802871-140737341802873-
140737341802879,5432,3,140737341802879-140737341802883-140737341802888-
140737341802890,5433,4,140737341802890-140737341802897-140737341802904-140737341802907-
140737341802909,5434,6,140737341802909-140737341802913-140737341802916-140737341802920-140737341802925-140737341802928-
140737341802930,5494,3,140737341802930-140737341802934-140737341802937-
140737341802939,5495,2,140737341802939-140737341802941-
140737341803016,5278,1,140737341803016-
140737341803021,5281,1,140737341803021-
140737341803072,5276,8,140737341803072-140737341803076-140737341803077-140737341803078-140737341803083-140737341803088-140737341803095-140737341803099-
140737341803392,2084,3,140737341803392-140737341803396-140737341803403-
140737341803409,2085,7,140737341803409-140737341803410-140737341803411-140737341803414-140737341803418-140737341803421-140737341803424-
140737341803430,2086,5,140737341803430-140737341803433-140737341803435-140737341803440-140737341803444-
140737341803456,2096,5,140737341803456-140737341803460-140737341803463-140737341803467-140737341803473-
140737341803478,2087,2,140737341803478-140737341803481-
140737341803483,2088,5,140737341803483-140737341803486-140737341803494-140737341803497-140737341803500-
140737341803512,2097,2,140737341803512-140737341803516-
140737341803518,2098,12,140737341803518-140737341803521-140737341803525-140737341803529-140737341803533-140737341803538-140737341803545-140737341803548-140737341803556-140737341803560-140737341803561-140737341803562-
140737341803538,2090,7,140737341803538-140737341803545-140737341803548-140737341803556-140737341803560-140737341803561-140737341803562-
140737341803600,2089,3,140737341803600-140737341803608-140737341803612-
140737341804000,2081,8,140737341804000-140737341804004-140737341804005-140737341804006-140737341804010-140737341804014-140737341804019-140737341804022-
140737341804028,2082,5,140737341804028-140737341804031-140737341804039-140737341804046-140737341804048-
140737341804050,2083,4,140737341804050-140737341804055-140737341804059-140737341804066-
140737341804071,2091,2,140737341804071-140737341804074-
140737341804080,2092,11,140737341804080-140737341804085-140737341804088-140737341804095-140737341804104-140737341804108-140737341804113-140737341804117-140737341804121-140737341804130-140737341804133-
140737341804135,2093,6,140737341804135-140737341804139-140737341804143-140737341804146-140737341804147-140737341804148-
140737341804304,5340,13,140737341804304-140737341804308-140737341804310-140737341804312-140737341804314-140737341804316-140737341804317-140737341804320-140737341804321-140737341804325-140737341804333-140737341804340-140737341804342-
140737341804348,5341,6,140737341804348-140737341804353-140737341804358-140737341804368-140737341804375-140737341804378-
140737341804384,5342,6,140737341804384-140737341804388-140737341804392-140737341804396-140737341804401-140737341804404-
140737341804416,5344,2,140737341804416-140737341804420-
140737341804422,5345,3,140737341804422-140737341804426-140737341804429-
140737341804435,5343,2,140737341804435-140737341804438-
140737341804440,5374,2,140737341804440-140737341804444-
140737341804446,5375,9,140737341804446-140737341804453-140737341804457-140737341804464-140737341804468-140737341804472-140737341804481-140737341804489-140737341804491-
140737341804497,5376,4,140737341804497-140737341804502-140737341804504-140737341804507-
140737341804510,5378,3,140737341804510-140737341804518-140737341804520-
140737341804526,5379,4,140737341804526-140737341804531-140737341804536-140737341804543-
140737341804549,5380,3,140737341804549-140737341804553-140737341804556-
140737341804558,5394,4,140737341804558-140737341804560-140737341804563-140737341804566-
140737341804560,5346,3,140737341804560-140737341804563-140737341804566-
140737341804572,5347,3,140737341804572-140737341804579-140737341804582-
140737341804584,5348,7,140737341804584-140737341804592-140737341804596-140737341804600-140737341804604-140737341804609-140737341804612-
140737341804646,5349,3,140737341804646-140737341804649-140737341804652-
140737341804654,5350,2,140737341804654-140737341804657-
140737341804659,5351,2,140737341804659-140737341804662-
140737341804667,5356,3,140737341804667-140737341804675-140737341804677-
140737341804683,5357,9,140737341804683-140737341804688-140737341804692-140737341804693-140737341804694-140737341804696-140737341804698-140737341804700-140737341804702-
140737341805184,5279,8,140737341805184-140737341805188-140737341805189-140737341805190-140737341805194-140737341805201-140737341805205-140737341805208-
140737341805277,5280,4,140737341805277-140737341805281-140737341805282-140737341805283-
140737341811360,3632,5,140737341811360-140737341811364-140737341811371-140737341811373-140737341811377-
140737341811456,3633,14,140737341811456-140737341811460-140737341811462-140737341811464-140737341811467-140737341811469-140737341811472-140737341811474-140737341811477-140737341811478-140737341811479-140737341811483-140737341811488-140737341811490-
140737341811496,3634,2,140737341811496-140737341811499-
140737341811505,3635,2,140737341811505-140737341811508-
140737341811514,3636,6,140737341811514-140737341811519-140737341811523-140737341811526-140737341811529-140737341811534-
140737341811555,3637,2,140737341811555-140737341811557-
140737341811563,3638,2,140737341811563-140737341811566-
140737341811572,3639,3,140737341811572-140737341811580-140737341811583-
140737341811589,3640,2,140737341811589-140737341811592-
140737341811598,3641,2,140737341811598-140737341811600-
140737341811606,3643,2,140737341811606-140737341811609-
140737341811615,3644,6,140737341811615-140737341811620-140737341811625-140737341811627-140737341811637-140737341811639-
140737341811645,3645,2,140737341811645-140737341811648-
140737341811654,3646,9,140737341811654-140737341811661-140737341811665-140737341811672-140737341811675-140737341811677-140737341811682-140737341811685-140737341811688-
140737341811696,3650,1,140737341811696-
140737341811705,3651,8,140737341811705-140737341811709-140737341811713-140737341811716-140737341811719-140737341811723-140737341811727-140737341811730-
140737341811732,3652,2,140737341811732-140737341811734-
140737341811736,3647,3,140737341811736-140737341811739-140737341811743-
140737341811772,3648,3,140737341811772-140737341811776-140737341811778-
140737341811780,3649,2,140737341811780-140737341811783-
140737341811808,3653,2,140737341811808-140737341811811-
140737341811817,3654,3,140737341811817-140737341811822-140737341811825-
140737341811830,3655,2,140737341811830-140737341811833-
140737341811920,3642,2,140737341811920-140737341811923-
140737341812064,3656,5,140737341812064-140737341812074-140737341812079-140737341812082-140737341812085-
140737341812091,3657,13,140737341812091-140737341812095-140737341812098-140737341812101-140737341812103-140737341812107-140737341812111-140737341812112-140737341812113-140737341812115-140737341812117-140737341812119-140737341812121-
140737341864896,4407,3,140737341864896-140737341864900-140737341864904-
140737341864922,4408,4,140737341864922-140737341864926-140737341864930-140737341864933-
140737341864935,4409,5,140737341864935-140737341864938-140737341864940-140737341864943-140737341864946-
140737341865056,4452,15,140737341865056-140737341865060-140737341865062-140737341865065-140737341865068-140737341865070-140737341865072-140737341865074-140737341865077-140737341865078-140737341865079-140737341865083-140737341865088-140737341865093-140737341865097-
140737341865834,4458,9,140737341865834-140737341865839-140737341865843-140737341865844-140737341865845-140737341865847-140737341865849-140737341865851-140737341865853-
140737341866240,4453,5,140737341866240-140737341866243-140737341866248-140737341866257-140737341866260-
140737341866266,4454,6,140737341866266-140737341866271-140737341866279-140737341866282-140737341866285-140737341866289-
140737341866291,4455,8,140737341866291-140737341866295-140737341866304-140737341866308-140737341866311-140737341866315-140737341866319-140737341866323-
140737341866325,4456,2,140737341866325-140737341866328-
140737341866371,4457,2,140737341866371-140737341866374-
140737341866688,4389,6,140737341866688-140737341866692-140737341866697-140737341866702-140737341866704-140737341866707-
140737341866739,4390,2,140737341866739-140737341866742-
140737341866744,4391,5,140737341866744-140737341866747-140737341866749-140737341866753-140737341866757-
140737341866777,4392,3,140737341866777-140737341866780-140737341866783-
140737341866976,4423,4,140737341866976-140737341866980-140737341866982-140737341866985-
140737341867021,4424,2,140737341867021-140737341867024-
140737341867066,4425,1,140737341867066-
140737341867068,4426,6,140737341867068-140737341867071-140737341867075-140737341867077-140737341867081-140737341867085-
140737341867101,4427,5,140737341867101-140737341867105-140737341867108-140737341867111-140737341867115-
140737341868512,4464,11,140737341868512-140737341868516-140737341868517-140737341868520-140737341868523-140737341868526-140737341868529-140737341868532-140737341868535-140737341868539-140737341868542-
140737341868544,4465,2,140737341868544-140737341868547-
140737341868549,4466,1,140737341868549-
140737341868551,4467,2,140737341868551-140737341868554-
140737341868556,4468,2,140737341868556-140737341868559-
140737341868638,4672,9,140737341868638-140737341868643-140737341868648-140737341868651-140737341868654-140737341868656-140737341868659-140737341868664-140737341868667-
140737341868761,4673,3,140737341868761-140737341868764-140737341868768-
140737341868770,4674,8,140737341868770-140737341868774-140737341868777-140737341868780-140737341868785-140737341868788-140737341868791-140737341868792-
140737341868788,4469,3,140737341868788-140737341868791-140737341868792-
140737341872880,4377,16,140737341872880-140737341872884-140737341872889-140737341872894-140737341872898-140737341872900-140737341872905-140737341872915-140737341872919-140737341872922-140737341872926-140737341872932-140737341872938-140737341872940-140737341872943-140737341872948-
140737341872976,4378,4,140737341872976-140737341872981-140737341872986-140737341872989-
140737341887968,3419,8,140737341887968-140737341887972-140737341887975-140737341887977-140737341887984-140737341887991-140737341887995-140737341887998-
140737341888112,3420,16,140737341888112-140737341888122-140737341888128-140737341888131-140737341888134-140737341888138-140737341888141-140737341888145-140737341888149-140737341888152-140737341888155-140737341888160-140737341888163-140737341888166-140737341888169-140737341888173-
140737341888128,3421,14,140737341888128-140737341888131-140737341888134-140737341888138-140737341888141-140737341888145-140737341888149-140737341888152-140737341888155-140737341888160-140737341888163-140737341888166-140737341888169-140737341888173-
140737341888175,3422,2,140737341888175-140737341888178-
140737341888720,4448,7,140737341888720-140737341888722-140737341888723-140737341888726-140737341888730-140737341888732-140737341888734-
140737341888736,4685,2,140737341888736-140737341888740-
140737341888746,4449,5,140737341888746-140737341888750-140737341888754-140737341888758-140737341888761-
140737341888767,4450,2,140737341888767-140737341888770-
140737341888778,4463,3,140737341888778-140737341888783-140737341888786-
140737341888791,4470,2,140737341888791-140737341888794-
140737341888796,4478,10,140737341888796-140737341888800-140737341888804-140737341888808-140737341888812-140737341888816-140737341888820-140737341888823-140737341888824-140737341888826-
140737341888816,4471,5,140737341888816-140737341888820-140737341888823-140737341888824-140737341888826-
140737341888832,4451,7,140737341888832-140737341888836-140737341888840-140737341888843-140737341888845-140737341888848-140737341888851-
140737341888856,4459,10,140737341888856-140737341888860-140737341888863-140737341888867-140737341888871-140737341888875-140737341888878-140737341888882-140737341888886-140737341888889-
140737341888895,4460,2,140737341888895-140737341888899-
140737341888914,4461,2,140737341888914-140737341888920-
140737341888922,4462,2,140737341888922-140737341888926-
140737341888936,4687,6,140737341888936-140737341888941-140737341888946-140737341888950-140737341888953-140737341888956-
140737341888961,4688,7,140737341888961-140737341888964-140737341888968-140737341888972-140737341888975-140737341888976-140737341888978-
140737341888984,4686,6,140737341888984-140737341888987-140737341888993-140737341888996-140737341888999-140737341889001-
140737341889872,4370,29,140737341889872-140737341889876-140737341889877-140737341889880-140737341889883-140737341889885-140737341889887-140737341889889-140737341889891-140737341889894-140737341889897-140737341889898-140737341889905-140737341889912-140737341889919-140737341889928-140737341889932-140737341889934-140737341889938-140737341889948-140737341889958-140737341889960-140737341889962-140737341889965-140737341889967-140737341889970-140737341889976-140737341889980-140737341889983-
140737341889989,4371,7,140737341889989-140737341889993-140737341889997-140737341890004-140737341890007-140737341890013-140737341890015-
140737341890021,4372,6,140737341890021-140737341890032-140737341890042-140737341890053-140737341890056-140737341890058-
140737341890608,4373,2,140737341890608-140737341890611-
140737341890672,4374,3,140737341890672-140737341890676-140737341890680-
140737341890686,4375,4,140737341890686-140737341890690-140737341890698-140737341890706-
140737341891241,4536,3,140737341891241-140737341891245-140737341891254-
140737341891260,4537,9,140737341891260-140737341891264-140737341891267-140737341891268-140737341891270-140737341891272-140737341891274-140737341891276-140737341891277-
140737341891440,4376,6,140737341891440-140737341891444-140737341891451-140737341891456-140737341891463-140737341891466-
140737341891471,4379,25,140737341891471-140737341891473-140737341891480-140737341891483-140737341891486-140737341891490-140737341891496-140737341891499-140737341891501-140737341891504-140737341891506-140737341891508-140737341891510-140737341891513-140737341891516-140737341891519-140737341891521-140737341891529-140737341891532-140737341891535-140737341891542-140737341891546-140737341891549-140737341891552-140737341891555-
140737341891578,4380,4,140737341891578-140737341891584-140737341891587-140737341891590-
140737341891596,4382,12,140737341891596-140737341891599-140737341891602-140737341891607-140737341891610-140737341891617-140737341891621-140737341891625-140737341891628-140737341891635-140737341891638-140737341891641-
140737341891664,4383,4,140737341891664-140737341891670-140737341891673-140737341891676-
140737341891678,4384,12,140737341891678-140737341891684-140737341891689-140737341891692-140737341891696-140737341891700-140737341891703-140737341891709-140737341891712-140737341891716-140737341891719-140737341891722-
140737341891745,4385,4,140737341891745-140737341891751-140737341891754-140737341891757-
140737341891759,4386,7,140737341891759-140737341891765-140737341891770-140737341891778-140737341891782-140737341891786-140737341891789-
140737341891795,4387,7,140737341891795-140737341891799-140737341891801-140737341891804-140737341891807-140737341891810-140737341891812-
140737341891879,4395,2,140737341891879-140737341891882-
140737341891914,4396,11,140737341891914-140737341891920-140737341891923-140737341891925-140737341891929-140737341891936-140737341891943-140737341891946-140737341891949-140737341891956-140737341891959-
140737341891968,4401,3,140737341891968-140737341891975-140737341891979-
140737341891985,4402,7,140737341891985-140737341891989-140737341891992-140737341891999-140737341892003-140737341892007-140737341892011-
140737341892016,4404,3,140737341892016-140737341892020-140737341892027-
140737341892033,4405,1,140737341892033-
140737341892039,4412,4,140737341892039-140737341892043-140737341892047-140737341892050-
140737341892043,4398,3,140737341892043-140737341892047-140737341892050-
140737341892056,4399,7,140737341892056-140737341892062-140737341892066-140737341892070-140737341892073-140737341892076-140737341892078-
140737341892062,4397,6,140737341892062-140737341892066-140737341892070-140737341892073-140737341892076-140737341892078-
140737341892080,4400,3,140737341892080-140737341892084-140737341892087-
140737341892160,4413,5,140737341892160-140737341892164-140737341892168-140737341892172-140737341892176-
140737341892181,4414,16,140737341892181-140737341892185-140737341892189-140737341892195-140737341892197-140737341892200-140737341892207-140737341892210-140737341892214-140737341892218-140737341892221-140737341892226-140737341892228-140737341892231-140737341892234-140737341892237-
140737341892243,4415,4,140737341892243-140737341892250-140737341892257-140737341892260-
140737341892262,4416,7,140737341892262-140737341892266-140737341892272-140737341892275-140737341892279-140737341892281-140737341892284-
140737341892290,4417,4,140737341892290-140737341892297-140737341892300-140737341892303-
140737341892340,4418,4,140737341892340-140737341892344-140737341892346-140737341892349-
140737341892351,4419,2,140737341892351-140737341892353-
140737341892368,4431,13,140737341892368-140737341892375-140737341892378-140737341892382-140737341892384-140737341892390-140737341892397-140737341892400-140737341892404-140737341892410-140737341892413-140737341892419-140737341892421-
140737341892427,4432,2,140737341892427-140737341892434-
140737341892582,4680,2,140737341892582-140737341892590-
140737341892714,4437,3,140737341892714-140737341892724-140737341892731-
140737341892737,4438,5,140737341892737-140737341892744-140737341892751-140737341892757-140737341892760-
140737341892766,4439,3,140737341892766-140737341892774-140737341892777-
140737341892782,4442,3,140737341892782-140737341892788-140737341892790-
140737341892805,4443,8,140737341892805-140737341892809-140737341892812-140737341892815-140737341892822-140737341892825-140737341892829-140737341892832-
140737341892855,4444,4,140737341892855-140737341892860-140737341892863-140737341892866-
140737341892868,4445,9,140737341892868-140737341892874-140737341892884-140737341892889-140737341892893-140737341892900-140737341892907-140737341892911-140737341892914-
140737341892916,4682,2,140737341892916-140737341892919-
140737341892925,4446,3,140737341892925-140737341892931-140737341892933-
140737341892939,4447,10,140737341892939-140737341892942-140737341892949-140737341892952-140737341892959-140737341892966-140737341892971-140737341892976-140737341892979-140737341892983-
140737341892976,4473,3,140737341892976-140737341892979-140737341892983-
140737341892988,4472,3,140737341892988-140737341892992-140737341892995-
140737341892997,4474,7,140737341892997-140737341893003-140737341893010-140737341893016-140737341893021-140737341893028-140737341893032-
140737341893034,4475,3,140737341893034-140737341893040-140737341893042-
140737341893048,4476,16,140737341893048-140737341893054-140737341893058-140737341893063-140737341893065-140737341893071-140737341893073-140737341893080-140737341893083-140737341893093-140737341893096-140737341893098-140737341893104-140737341893110-140737341893113-140737341893116-
140737341893065,4684,12,140737341893065-140737341893071-140737341893073-140737341893080-140737341893083-140737341893093-140737341893096-140737341893098-140737341893104-140737341893110-140737341893113-140737341893116-
140737341893118,4482,2,140737341893118-140737341893125-
140737341893145,4477,4,140737341893145-140737341893148-140737341893152-140737341893156-
140737341893161,4479,3,140737341893161-140737341893165-140737341893167-
140737341893178,4480,5,140737341893178-140737341893184-140737341893189-140737341893192-140737341893195-
140737341893197,4481,1,140737341893197-
140737341893951,4381,2,140737341893951-140737341893957-
140737341894105,4483,6,140737341894105-140737341894108-140737341894111-140737341894118-140737341894122-140737341894128-
140737341894134,4484,4,140737341894134-140737341894137-140737341894143-140737341894150-
140737341894155,4485,8,140737341894155-140737341894162-140737341894168-140737341894171-140737341894175-140737341894178-140737341894182-140737341894185-
140737341894187,5229,3,140737341894187-140737341894194-140737341894198-
140737341894204,5230,2,140737341894204-140737341894209-
140737341894211,5231,3,140737341894211-140737341894218-140737341894221-
140737341894238,5232,2,140737341894238-140737341894244-
140737341894246,5233,6,140737341894246-140737341894251-140737341894257-140737341894264-140737341894269-140737341894274-
140737341894251,4486,5,140737341894251-140737341894257-140737341894264-140737341894269-140737341894274-
140737341894280,4487,1,140737341894280-
140737341894286,4488,2,140737341894286-140737341894289-
140737341894295,4489,2,140737341894295-140737341894298-
140737341894300,4490,2,140737341894300-140737341894303-
140737341894309,4491,2,140737341894309-140737341894312-
140737341894320,5222,2,140737341894320-140737341894323-
140737341894325,5223,1,140737341894325-
140737341894355,5224,2,140737341894355-140737341894357-
140737341894392,4499,3,140737341894392-140737341894399-140737341894402-
140737341894746,4500,3,140737341894746-140737341894752-140737341894755-
140737341894891,4501,7,140737341894891-140737341894898-140737341894904-140737341894907-140737341894910-140737341894914-140737341894916-
140737341894922,4502,2,140737341894922-140737341894925-
140737341894931,4503,7,140737341894931-140737341894937-140737341894940-140737341894944-140737341894946-140737341894952-140737341894955-
140737341894961,4504,4,140737341894961-140737341894968-140737341894971-140737341894974-
140737341894980,4505,3,140737341894980-140737341894986-140737341894988-
140737341895130,4509,2,140737341895130-140737341895132-
140737341895134,4510,3,140737341895134-140737341895141-140737341895145-
140737341895161,4511,4,140737341895161-140737341895168-140737341895175-140737341895178-
140737341895184,4512,2,140737341895184-140737341895188-
140737341895221,4513,3,140737341895221-140737341895228-140737341895235-
140737341895240,4514,5,140737341895240-140737341895247-140737341895254-140737341895257-140737341895260-
140737341895295,4516,6,140737341895295-140737341895302-140737341895307-140737341895310-140737341895317-140737341895324-
140737341895330,4517,9,140737341895330-140737341895334-140737341895337-140737341895340-140737341895346-140737341895349-140737341895353-140737341895356-140737341895359-
140737341895382,4518,4,140737341895382-140737341895388-140737341895391-140737341895394-
140737341895396,4519,6,140737341895396-140737341895402-140737341895407-140737341895411-140737341895418-140737341895421-
140737341895427,4520,10,140737341895427-140737341895434-140737341895441-140737341895448-140737341895455-140737341895458-140737341895461-140737341895468-140737341895471-140737341895477-
140737341895488,4522,2,140737341895488-140737341895491-
140737341895497,4523,5,140737341895497-140737341895499-140737341895503-140737341895507-140737341895510-
140737341895512,4521,3,140737341895512-140737341895515-140737341895517-
140737341895519,4524,4,140737341895519-140737341895526-140737341895529-140737341895533-
140737341895538,4527,3,140737341895538-140737341895541-140737341895544-
140737341895546,4528,5,140737341895546-140737341895553-140737341895560-140737341895567-140737341895571-
140737341895577,4529,6,140737341895577-140737341895584-140737341895587-140737341895590-140737341895593-140737341895597-
140737341895699,4534,2,140737341895699-140737341895706-
140737341895712,4535,3,140737341895712-140737341895719-140737341895723-
140737341895908,4492,4,140737341895908-140737341895912-140737341895916-140737341895918-
140737341895924,4493,4,140737341895924-140737341895930-140737341895932-140737341895938-
140737341895952,5234,6,140737341895952-140737341895958-140737341895961-140737341895965-140737341895968-140737341895970-
140737341895976,4494,2,140737341895976-140737341895979-
140737341895981,4495,2,140737341895981-140737341895987-
140737341896032,4496,4,140737341896032-140737341896035-140737341896037-140737341896043-
140737341896049,4497,2,140737341896049-140737341896052-
140737341896058,4498,1,140737341896058-
140737341896171,4664,2,140737341896171-140737341896173-
140737341896179,5213,4,140737341896179-140737341896182-140737341896185-140737341896188-
140737341896193,5214,8,140737341896193-140737341896196-140737341896203-140737341896207-140737341896214-140737341896221-140737341896225-140737341896235-
140737341896240,4406,3,140737341896240-140737341896244-140737341896251-
140737341896256,4410,3,140737341896256-140737341896260-140737341896262-
140737341896268,4411,1,140737341896268-
140737341896608,4681,2,140737341896608-140737341896618-
140737341896635,4507,3,140737341896635-140737341896637-140737341896640-
140737341896744,4433,4,140737341896744-140737341896754-140737341896757-140737341896759-
140737341896776,4434,4,140737341896776-140737341896782-140737341896788-140737341896790-
140737341896796,4435,12,140737341896796-140737341896803-140737341896811-140737341896816-140737341896826-140737341896829-140737341896834-140737341896841-140737341896847-140737341896853-140737341896858-140737341896864-
140737341896870,4436,1,140737341896870-
140737341896936,4665,5,140737341896936-140737341896939-140737341896942-140737341896945-140737341896951-
140737341896956,4666,14,140737341896956-140737341896962-140737341896972-140737341896979-140737341896982-140737341896989-140737341896996-140737341896998-140737341897002-140737341897009-140737341897016-140737341897020-140737341897030-140737341897036-
140737341897177,4668,4,140737341897177-140737341897184-140737341897188-140737341897191-
140737341897197,4669,2,140737341897197-140737341897199-
140737341897205,4667,3,140737341897205-140737341897209-140737341897212-
140737341897696,4530,4,140737341897696-140737341897699-140737341897702-140737341897705-
140737341897712,4532,9,140737341897712-140737341897716-140737341897721-140737341897724-140737341897727-140737341897732-140737341897735-140737341897738-140737341897741-
140737341897747,4531,5,140737341897747-140737341897751-140737341897756-140737341897761-140737341897766-
140737341897824,4508,2,140737341897824-140737341897827-
140737341897992,4533,2,140737341897992-140737341897995-
140737341898000,4388,11,140737341898000-140737341898002-140737341898005-140737341898008-140737341898012-140737341898015-140737341898018-140737341898021-140737341898024-140737341898026-140737341898029-
140737341898034,4393,11,140737341898034-140737341898040-140737341898047-140737341898050-140737341898054-140737341898058-140737341898061-140737341898064-140737341898067-140737341898074-140737341898077-
140737341898083,4394,5,140737341898083-140737341898087-140737341898094-140737341898101-140737341898105-
140737341898112,4506,2,140737341898112-140737341898115-
140737341898387,4683,8,140737341898387-140737341898393-140737341898397-140737341898404-140737341898411-140737341898418-140737341898421-140737341898431-
140737341898595,4430,2,140737341898595-140737341898602-
140737341898607,4670,3,140737341898607-140737341898614-140737341898616-
140737341898622,4671,5,140737341898622-140737341898629-140737341898633-140737341898638-140737341898645-
140737341898650,4675,10,140737341898650-140737341898654-140737341898656-140737341898661-140737341898668-140737341898672-140737341898677-140737341898684-140737341898691-140737341898693-
140737341898748,4678,6,140737341898748-140737341898752-140737341898759-140737341898766-140737341898772-140737341898778-
140737341898783,4515,3,140737341898783-140737341898785-140737341898788-
140737341899048,4679,9,140737341899048-140737341899052-140737341899057-140737341899062-140737341899072-140737341899079-140737341899085-140737341899095-140737341899101-
140737341899783,4420,5,140737341899783-140737341899789-140737341899794-140737341899797-140737341899799-
140737341899805,4421,4,140737341899805-140737341899807-140737341899810-140737341899813-
140737341899819,4422,4,140737341899819-140737341899822-140737341899825-140737341899828-
140737341899833,4428,8,140737341899833-140737341899840-140737341899843-140737341899846-140737341899853-140737341899857-140737341899861-140737341899864-
140737341899869,4429,6,140737341899869-140737341899876-140737341899883-140737341899886-140737341899889-140737341899895-
140737341900200,4676,2,140737341900200-140737341900207-
140737341900212,4677,1,140737341900212-
140737341901264,4369,7,140737341901264-140737341901268-140737341901275-140737341901278-140737341901281-140737341901284-140737341901288-
140737341999200,3132,22,140737341999200-140737341999204-140737341999205-140737341999208-140737341999210-140737341999212-140737341999215-140737341999217-140737341999220-140737341999222-140737341999225-140737341999226-140737341999233-140737341999239-140737341999248-140737341999252-140737341999254-140737341999261-140737341999264-140737341999270-140737341999276-140737341999278-
140737341999284,4286,4,140737341999284-140737341999294-140737341999298-140737341999302-
140737341999294,3134,3,140737341999294-140737341999298-140737341999302-
140737341999308,3135,2,140737341999308-140737341999311-
140737341999317,3136,3,140737341999317-140737341999320-140737341999323-
140737341999329,3137,7,140737341999329-140737341999334-140737341999338-140737341999343-140737341999346-140737341999353-140737341999360-
140737341999365,3142,4,140737341999365-140737341999372-140737341999382-140737341999389-
140737341999395,3143,11,140737341999395-140737341999402-140737341999410-140737341999417-140737341999420-140737341999427-140737341999434-140737341999437-140737341999440-140737341999443-140737341999446-
140737341999452,3144,6,140737341999452-140737341999459-140737341999462-140737341999465-140737341999468-140737341999471-
140737341999474,3158,2,140737341999474-140737341999477-
140737341999483,3159,2,140737341999483-140737341999490-
140737341999496,3160,4,140737341999496-140737341999503-140737341999506-140737341999509-
140737341999515,3161,4,140737341999515-140737341999522-140737341999529-140737341999532-
140737341999538,3162,2,140737341999538-140737341999546-
140737341999552,3163,2,140737341999552-140737341999560-
140737341999566,3164,18,140737341999566-140737341999576-140737341999582-140737341999592-140737341999603-140737341999605-140737341999607-140737341999610-140737341999613-140737341999619-140737341999622-140737341999628-140737341999634-140737341999637-140737341999642-140737341999646-140737341999650-140737341999652-
140737341999637,3181,5,140737341999637-140737341999642-140737341999646-140737341999650-140737341999652-
140737341999658,3165,26,140737341999658-140737341999662-140737341999669-140737341999673-140737341999683-140737341999686-140737341999692-140737341999699-140737341999709-140737341999711-140737341999721-140737341999726-140737341999736-140737341999746-140737341999750-140737341999757-140737341999767-140737341999777-140737341999780-140737341999790-140737341999800-140737341999810-140737341999820-140737341999831-140737341999838-140737341999845-
140737341999856,3133,2,140737341999856-140737341999859-
140737341999958,3247,2,140737341999958-140737341999966-
140737341999968,4542,5,140737341999968-140737341999976-140737341999979-140737341999982-140737341999985-
140737341999991,3248,3,140737341999991-140737341999997-140737341999999-
140737342000046,3249,3,140737342000046-140737342000050-140737342000059-
140737342000065,3250,9,140737342000065-140737342000069-140737342000072-140737342000073-140737342000075-140737342000077-140737342000079-140737342000081-140737342000082-
140737342000088,4287,4,140737342000088-140737342000094-140737342000100-140737342000102-
140737342000108,4288,7,140737342000108-140737342000115-140737342000122-140737342000129-140737342000137-140737342000146-140737342000150-
140737342000152,4289,3,140737342000152-140737342000160-140737342000162-
140737342000168,4290,6,140737342000168-140737342000173-140737342000176-140737342000184-140737342000188-140737342000192-
140737342000200,4543,4,140737342000200-140737342000208-140737342000216-140737342000218-
140737342000224,4544,2,140737342000224-140737342000227-
140737342000992,3173,3,140737342000992-140737342000999-140737342001007-
140737342001013,3174,6,140737342001013-140737342001017-140737342001022-140737342001029-140737342001032-140737342001039-
140737342001044,3175,5,140737342001044-140737342001051-140737342001058-140737342001061-140737342001064-
140737342001070,3176,5,140737342001070-140737342001078-140737342001081-140737342001088-140737342001095-
140737342001101,3177,7,140737342001101-140737342001104-140737342001111-140737342001114-140737342001117-140737342001120-140737342001123-
140737342001126,3178,2,140737342001126-140737342001129-
140737342001135,3179,6,140737342001135-140737342001142-140737342001147-140737342001150-140737342001152-140737342001155-
140737342001161,3180,3,140737342001161-140737342001164-140737342001167-
140737342001173,3246,1,140737342001173-
140737342001184,3191,4,140737342001184-140737342001188-140737342001191-140737342001194-
140737342001200,4293,7,140737342001200-140737342001202-140737342001205-140737342001209-140737342001212-140737342001215-140737342001218-
140737342001212,3193,3,140737342001212-140737342001215-140737342001218-
140737342001224,3194,3,140737342001224-140737342001230-140737342001232-
140737342001238,3195,2,140737342001238-140737342001242-
140737342001248,3196,2,140737342001248-140737342001252-
140737342001290,3199,8,140737342001290-140737342001300-140737342001307-140737342001310-140737342001312-140737342001319-140737342001326-140737342001332-
140737342001456,3166,4,140737342001456-140737342001460-140737342001466-140737342001468-
140737342001474,3167,7,140737342001474-140737342001480-140737342001487-140737342001490-140737342001492-140737342001496-140737342001499-
140737342001501,3168,2,140737342001501-140737342001504-
140737342001510,3169,3,140737342001510-140737342001513-140737342001516-
140737342001522,3170,8,140737342001522-140737342001524-140737342001527-140737342001531-140737342001534-140737342001536-140737342001541-140737342001546-
140737342001552,3171,5,140737342001552-140737342001556-140737342001561-140737342001563-140737342001570-
140737342001576,3172,4,140737342001576-140737342001583-140737342001587-140737342001590-
140737342002010,4539,3,140737342002010-140737342002017-140737342002024-
140737342002030,4540,5,140737342002030-140737342002035-140737342002042-140737342002045-140737342002047-
140737342002053,4541,2,140737342002053-140737342002056-
140737342002064,4365,3,140737342002064-140737342002068-140737342002075-
140737342002081,4366,39,140737342002081-140737342002088-140737342002091-140737342002097-140737342002100-140737342002104-140737342002114-140737342002121-140737342002128-140737342002134-140737342002141-140737342002148-140737342002150-140737342002152-140737342002159-140737342002162-140737342002164-140737342002171-140737342002174-140737342002176-140737342002183-140737342002186-140737342002188-140737342002195-140737342002198-140737342002200-140737342002207-140737342002210-140737342002212-140737342002219-140737342002222-140737342002224-140737342002231-140737342002234-140737342002236-140737342002243-140737342002250-140737342002256-140737342002259-
140737342002265,4367,4,140737342002265-140737342002269-140737342002276-140737342002281-
140737342002287,4368,14,140737342002287-140737342002289-140737342002292-140737342002296-140737342002300-140737342002304-140737342002312-140737342002319-140737342002326-140737342002329-140737342002336-140737342002343-140737342002350-140737342002357-
140737342002362,4538,2,140737342002362-140737342002364-
140737342002476,3416,2,140737342002476-140737342002479-
140737342002501,3418,9,140737342002501-140737342002503-140737342002509-140737342002513-140737342002520-140737342002527-140737342002530-140737342002537-140737342002544-
140737342002549,3423,6,140737342002549-140737342002556-140737342002563-140737342002570-140737342002573-140737342002576-
140737342002578,3424,3,140737342002578-140737342002584-140737342002586-
140737342002648,3425,2,140737342002648-140737342002655-
140737342002657,3426,3,140737342002657-140737342002663-140737342002665-
140737342002716,3427,4,140737342002716-140737342002723-140737342002726-140737342002729-
140737342002802,3432,2,140737342002802-140737342002809-
140737342002819,3433,4,140737342002819-140737342002825-140737342002831-140737342002837-
140737342002918,3437,2,140737342002918-140737342002926-
140737342002928,3438,2,140737342002928-140737342002935-
140737342003033,3439,3,140737342003033-140737342003036-140737342003038-
140737342003044,3440,2,140737342003044-140737342003047-
140737342003053,3441,5,140737342003053-140737342003061-140737342003064-140737342003071-140737342003078-
140737342003084,3442,7,140737342003084-140737342003091-140737342003094-140737342003097-140737342003100-140737342003107-140737342003114-
140737342003117,3443,3,140737342003117-140737342003124-140737342003127-
140737342003133,3444,7,140737342003133-140737342003140-140737342003145-140737342003152-140737342003155-140737342003157-140737342003160-
140737342003166,3445,2,140737342003166-140737342003173-
140737342003288,4356,5,140737342003288-140737342003292-140737342003297-140737342003301-140737342003303-
140737342003309,4357,3,140737342003309-140737342003313-140737342003317-
140737342003329,4361,4,140737342003329-140737342003333-140737342003337-140737342003339-
140737342003345,4362,8,140737342003345-140737342003349-140737342003352-140737342003354-140737342003359-140737342003366-140737342003370-140737342003373-
140737342003496,3409,5,140737342003496-140737342003500-140737342003506-140737342003509-140737342003511-
140737342003541,3414,2,140737342003541-140737342003544-
140737342003550,3415,4,140737342003550-140737342003557-140737342003567-140737342003577-
140737342003648,3182,7,140737342003648-140737342003652-140737342003657-140737342003661-140737342003668-140737342003672-140737342003675-
140737342003677,3183,11,140737342003677-140737342003681-140737342003688-140737342003691-140737342003693-140737342003698-140737342003702-140737342003705-140737342003712-140737342003715-140737342003725-
140737342004376,3184,10,140737342004376-140737342004380-140737342004384-140737342004389-140737342004392-140737342004395-140737342004399-140737342004402-140737342004408-140737342004411-
140737342004413,3185,1,140737342004413-
140737342004424,3224,6,140737342004424-140737342004427-140737342004432-140737342004434-140737342004436-140737342004438-
140737342004440,3225,3,140737342004440-140737342004442-140737342004445-
140737342004456,3222,6,140737342004456-140737342004460-140737342004464-140737342004467-140737342004470-140737342004472-
140737342004474,3223,2,140737342004474-140737342004480-
140737342005000,4363,7,140737342005000-140737342005004-140737342005009-140737342005013-140737342005020-140737342005024-140737342005027-
140737342005029,4364,10,140737342005029-140737342005033-140737342005036-140737342005038-140737342005043-140737342005050-140737342005054-140737342005057-140737342005067-140737342005070-
140737342005792,3428,2,140737342005792-140737342005800-
140737342005806,3429,4,140737342005806-140737342005813-140737342005816-140737342005823-
140737342005851,3430,7,140737342005851-140737342005856-140737342005859-140737342005863-140737342005869-140737342005872-140737342005874-
140737342005880,3431,6,140737342005880-140737342005886-140737342005892-140737342005894-140737342005896-140737342005898-
140737342006026,3200,7,140737342006026-140737342006033-140737342006039-140737342006042-140737342006049-140737342006056-140737342006058-
140737342006060,3240,2,140737342006060-140737342006062-
140737342006068,3201,2,140737342006068-140737342006071-
140737342006077,3202,5,140737342006077-140737342006085-140737342006088-140737342006095-140737342006102-
140737342006108,3203,7,140737342006108-140737342006115-140737342006118-140737342006121-140737342006124-140737342006131-140737342006138-
140737342006141,3205,2,140737342006141-140737342006144-
140737342006150,3206,8,140737342006150-140737342006157-140737342006162-140737342006169-140737342006176-140737342006179-140737342006181-140737342006184-
140737342006190,3207,4,140737342006190-140737342006196-140737342006199-140737342006201-
140737342006203,3208,2,140737342006203-140737342006210-
140737342006216,3221,3,140737342006216-140737342006222-140737342006224-
140737342006272,3417,2,140737342006272-140737342006277-
140737342006336,3434,2,140737342006336-140737342006343-
140737342006349,3435,2,140737342006349-140737342006351-
140737342006960,3226,3,140737342006960-140737342006966-140737342006972-
140737342006978,3227,2,140737342006978-140737342006984-
140737342007176,3188,2,140737342007176-140737342007180-
140737342007186,3189,3,140737342007186-140737342007190-140737342007192-
140737342007198,3190,8,140737342007198-140737342007202-140737342007205-140737342007207-140737342007212-140737342007219-140737342007223-140737342007226-
140737342007616,3192,4,140737342007616-140737342007620-140737342007624-140737342007628-
140737342007784,3410,3,140737342007784-140737342007791-140737342007794-
140737342008568,3197,5,140737342008568-140737342008571-140737342008578-140737342008585-140737342008592-
140737342008597,3198,1,140737342008597-
140737342009525,3411,3,140737342009525-140737342009531-140737342009533-
140737342009539,3412,2,140737342009539-140737342009542-
140737342009548,3413,6,140737342009548-140737342009550-140737342009553-140737342009557-140737342009560-140737342009563-
140737342009568,3241,8,140737342009568-140737342009575-140737342009580-140737342009583-140737342009590-140737342009597-140737342009604-140737342009611-
140737342009616,3242,3,140737342009616-140737342009623-140737342009626-
140737342009632,3243,3,140737342009632-140737342009639-140737342009646-
140737342009652,3244,6,140737342009652-140737342009657-140737342009664-140737342009671-140737342009674-140737342009680-
140737342009686,3245,2,140737342009686-140737342009693-
140737342009698,4358,5,140737342009698-140737342009702-140737342009706-140737342009709-140737342009712-
140737342009714,4359,1,140737342009714-
140737342010024,3209,8,140737342010024-140737342010031-140737342010036-140737342010039-140737342010046-140737342010053-140737342010056-140737342010063-
140737342010068,3217,2,140737342010068-140737342010071-
140737342010077,3218,3,140737342010077-140737342010084-140737342010091-
140737342010097,3219,6,140737342010097-140737342010102-140737342010109-140737342010116-140737342010119-140737342010121-
140737342010127,3220,2,140737342010127-140737342010134-
140737342011240,3186,2,140737342011240-140737342011250-
140737342011256,3187,2,140737342011256-140737342011259-
140737342012346,4360,2,140737342012346-140737342012349-
140737342012711,3436,2,140737342012711-140737342012713-
140737342045296,4306,12,140737342045296-140737342045300-140737342045302-140737342045303-140737342045306-140737342045307-140737342045314-140737342045323-140737342045331-140737342045333-140737342045336-140737342045338-
140737342045344,4307,8,140737342045344-140737342045351-140737342045358-140737342045365-140737342045368-140737342045371-140737342045374-140737342045377-
140737342045383,4308,3,140737342045383-140737342045386-140737342045389-
140737342045395,4314,2,140737342045395-140737342045397-
140737342045399,4315,4,140737342045399-140737342045403-140737342045408-140737342045413-
140737342045419,4316,4,140737342045419-140737342045424-140737342045428-140737342045434-
140737342045436,4317,2,140737342045436-140737342045439-
140737342045444,4331,3,140737342045444-140737342045447-140737342045450-
140737342045452,4332,4,140737342045452-140737342045456-140737342045461-140737342045464-
140737342045469,4333,4,140737342045469-140737342045474-140737342045482-140737342045491-
140737342045497,4334,5,140737342045497-140737342045504-140737342045505-140737342045506-140737342045508-
140737342045648,4198,8,140737342045648-140737342045652-140737342045654-140737342045655-140737342045658-140737342045659-140737342045661-140737342045664-
140737342045693,4243,2,140737342045693-140737342045695-
140737342045697,4244,3,140737342045697-140737342045704-140737342045708-
140737342045714,4247,8,140737342045714-140737342045721-140737342045728-140737342045735-140737342045738-140737342045741-140737342045744-140737342045747-
140737342045753,4248,3,140737342045753-140737342045755-140737342045758-
140737342045761,4256,3,140737342045761-140737342045767-140737342045769-
140737342045850,4258,6,140737342045850-140737342045857-140737342045860-140737342045867-140737342045870-140737342045872-
140737342045874,4259,2,140737342045874-140737342045881-
140737342045883,4260,2,140737342045883-140737342045886-
140737342045891,4262,5,140737342045891-140737342045894-140737342045895-140737342045896-140737342045898-
140737342045904,4199,1,140737342045904-
140737342045909,4219,3,140737342045909-140737342045912-140737342045915-
140737342045917,4220,4,140737342045917-140737342045924-140737342045933-140737342045937-
140737342045939,4221,3,140737342045939-140737342045947-140737342045949-
140737342045955,4222,10,140737342045955-140737342045960-140737342045963-140737342045970-140737342045973-140737342045977-140737342045981-140737342045983-140737342045989-140737342045992-
140737342045998,4223,2,140737342045998-140737342046001-
140737342046006,4242,4,140737342046006-140737342046009-140737342046012-140737342046018-
140737342046032,4245,4,140737342046032-140737342046040-140737342046048-140737342046050-
140737342046056,4246,2,140737342046056-140737342046059-
140737342046064,4257,2,140737342046064-140737342046069-
140737342047040,5025,3,140737342047040-140737342047044-140737342047047-
140737342047053,5026,7,140737342047053-140737342047054-140737342047055-140737342047058-140737342047062-140737342047064-140737342047070-
140737342047072,5027,4,140737342047072-140737342047079-140737342047088-140737342047092-
140737342047094,5028,3,140737342047094-140737342047102-140737342047104-
140737342047110,5029,13,140737342047110-140737342047115-140737342047118-140737342047125-140737342047129-140737342047133-140737342047140-140737342047147-140737342047154-140737342047157-140737342047160-140737342047163-140737342047166-
140737342047168,5030,2,140737342047168-140737342047171-
140737342047174,5061,6,140737342047174-140737342047177-140737342047179-140737342047183-140737342047186-140737342047192-
140737342047194,5062,5,140737342047194-140737342047201-140737342047204-140737342047207-140737342047210-
140737342047212,5063,4,140737342047212-140737342047220-140737342047228-140737342047230-
140737342047232,5064,6,140737342047232-140737342047235-140737342047239-140737342047242-140737342047243-140737342047244-
140737342048528,3819,10,140737342048528-140737342048532-140737342048534-140737342048537-140737342048539-140737342048540-140737342048543-140737342048548-140737342048549-140737342048553-
140737342048558,3821,2,140737342048558-140737342048561-
140737342048567,3822,10,140737342048567-140737342048570-140737342048577-140737342048579-140737342048581-140737342048588-140737342048595-140737342048598-140737342048601-140737342048608-
140737342048613,3825,4,140737342048613-140737342048620-140737342048623-140737342048630-
140737342048635,3844,5,140737342048635-140737342048640-140737342048643-140737342048646-140737342048649-
140737342048654,3876,2,140737342048654-140737342048657-
140737342048659,3877,2,140737342048659-140737342048663-
140737342048717,3878,7,140737342048717-140737342048721-140737342048724-140737342048725-140737342048726-140737342048728-140737342048730-
140737342051072,4921,12,140737342051072-140737342051076-140737342051078-140737342051080-140737342051082-140737342051084-140737342051087-140737342051088-140737342051092-140737342051093-140737342051097-140737342051100-
140737342051106,4922,7,140737342051106-140737342051109-140737342051111-140737342051114-140737342051117-140737342051120-140737342051126-
140737342051128,4923,4,140737342051128-140737342051135-140737342051144-140737342051148-
140737342051150,4924,3,140737342051150-140737342051158-140737342051160-
140737342051166,4925,8,140737342051166-140737342051171-140737342051174-140737342051181-140737342051185-140737342051189-140737342051195-140737342051197-
140737342051213,4927,8,140737342051213-140737342051220-140737342051227-140737342051234-140737342051237-140737342051240-140737342051243-140737342051246-
140737342051252,4928,4,140737342051252-140737342051255-140737342051258-140737342051261-
140737342051265,4929,5,140737342051265-140737342051269-140737342051272-140737342051276-140737342051282-
140737342051284,4930,3,140737342051284-140737342051291-140737342051295-
140737342051297,4931,4,140737342051297-140737342051305-140737342051313-140737342051315-
140737342051321,4932,3,140737342051321-140737342051324-140737342051327-
140737342051334,4933,10,140737342051334-140737342051337-140737342051341-140737342051344-140737342051345-140737342051346-140737342051348-140737342051350-140737342051352-140737342051354-
140737342051360,4926,2,140737342051360-140737342051363-
140737342053168,3210,16,140737342053168-140737342053172-140737342053174-140737342053177-140737342053180-140737342053182-140737342053184-140737342053191-140737342053193-140737342053194-140737342053195-140737342053199-140737342053208-140737342053213-140737342053215-140737342053218-
140737342053274,3211,3,140737342053274-140737342053276-140737342053279-
140737342053281,3233,6,140737342053281-140737342053288-140737342053295-140737342053298-140737342053301-140737342053306-
140737342053312,3235,4,140737342053312-140737342053317-140737342053320-140737342053323-
140737342053327,3237,3,140737342053327-140737342053330-140737342053334-
140737342053336,3238,3,140737342053336-140737342053339-140737342053342-
140737342053344,3234,5,140737342053344-140737342053351-140737342053354-140737342053357-140737342053362-
140737342053371,3212,4,140737342053371-140737342053374-140737342053376-140737342053378-
140737342053376,3239,2,140737342053376-140737342053378-
140737342053380,3213,8,140737342053380-140737342053387-140737342053394-140737342053401-140737342053404-140737342053407-140737342053410-140737342053413-
140737342053415,3214,4,140737342053415-140737342053418-140737342053421-140737342053424-
140737342053427,3215,4,140737342053427-140737342053430-140737342053435-140737342053444-
140737342053446,3216,9,140737342053446-140737342053450-140737342053453-140737342053454-140737342053455-140737342053457-140737342053459-140737342053461-140737342053463-
140737342082720,3935,3,140737342082720-140737342082724-140737342082730-
140737342082732,3936,3,140737342082732-140737342082735-140737342082737-
140737342082739,3937,1,140737342082739-
140737342085264,5011,8,140737342085264-140737342085268-140737342085270-140737342085271-140737342085274-140737342085275-140737342085277-140737342085281-
140737342085440,5012,4,140737342085440-140737342085444-140737342085448-140737342085452-
140737342085454,5013,8,140737342085454-140737342085458-140737342085462-140737342085465-140737342085468-140737342085469-140737342085470-140737342085472-
140737342086896,3114,17,140737342086896-140737342086900-140737342086902-140737342086905-140737342086907-140737342086910-140737342086912-140737342086914-140737342086915-140737342086916-140737342086919-140737342086926-140737342086935-140737342086943-140737342086945-140737342086957-140737342086960-
140737342086966,3115,11,140737342086966-140737342086969-140737342086973-140737342086981-140737342086986-140737342086989-140737342086991-140737342086996-140737342087001-140737342087004-140737342087009-
140737342087014,3123,8,140737342087014-140737342087017-140737342087020-140737342087023-140737342087030-140737342087033-140737342087041-140737342087045-
140737342087050,3131,5,140737342087050-140737342087052-140737342087055-140737342087058-140737342087061-
140737342087066,3251,3,140737342087066-140737342087071-140737342087076-
140737342087078,3252,5,140737342087078-140737342087083-140737342087086-140737342087094-140737342087103-
140737342087105,3253,8,140737342087105-140737342087112-140737342087113-140737342087114-140737342087116-140737342087118-140737342087120-140737342087122-
140737342096320,5031,9,140737342096320-140737342096324-140737342096325-140737342096326-140737342096329-140737342096333-140737342096337-140737342096341-140737342096344-
140737342096346,5032,3,140737342096346-140737342096352-140737342096354-
140737342096392,5058,2,140737342096392-140737342096394-
140737342096400,5059,3,140737342096400-140737342096404-140737342096408-
140737342096473,5060,6,140737342096473-140737342096484-140737342096486-140737342096490-140737342096491-140737342096492-
140737342096496,5033,2,140737342096496-140737342096499-
140737342096504,5057,3,140737342096504-140737342096506-140737342096509-
140737342096672,4233,3,140737342096672-140737342096676-140737342096679-
140737342096688,5472,4,140737342096688-140737342096692-140737342096693-140737342096696-
140737342096701,5481,2,140737342096701-140737342096704-
140737342096706,5482,8,140737342096706-140737342096711-140737342096714-140737342096718-140737342096722-140737342096726-140737342096730-140737342096731-
140737342099008,4309,5,140737342099008-140737342099012-140737342099015-140737342099018-140737342099023-
140737342099040,5038,9,140737342099040-140737342099044-140737342099046-140737342099049-140737342099051-140737342099052-140737342099053-140737342099057-140737342099060-
140737342099066,5039,4,140737342099066-140737342099069-140737342099072-140737342099075-
140737342099080,5041,1,140737342099080-
140737342099085,5046,2,140737342099085-140737342099088-
140737342099090,5047,4,140737342099090-140737342099093-140737342099096-140737342099099-
140737342099101,5040,5,140737342099101-140737342099105-140737342099108-140737342099111-140737342099116-
140737342099147,5049,3,140737342099147-140737342099154-140737342099157-
140737342099169,5050,6,140737342099169-140737342099173-140737342099174-140737342099175-140737342099177-140737342099179-
140737342099184,5048,3,140737342099184-140737342099187-140737342099190-
140737342100944,4291,11,140737342100944-140737342100948-140737342100950-140737342100952-140737342100954-140737342100957-140737342100959-140737342100960-140737342100961-140737342100965-140737342100968-
140737342100970,4294,8,140737342100970-140737342100973-140737342100976-140737342100980-140737342100983-140737342100986-140737342100991-140737342100996-
140737342100998,4295,3,140737342100998-140737342101002-140737342101005-
140737342101007,4352,5,140737342101007-140737342101010-140737342101013-140737342101016-140737342101019-
140737342101021,4353,6,140737342101021-140737342101024-140737342101027-140737342101030-140737342101034-140737342101037-
140737342101042,4354,5,140737342101042-140737342101045-140737342101048-140737342101052-140737342101055-
140737342101057,4355,11,140737342101057-140737342101060-140737342101063-140737342101067-140737342101070-140737342101071-140737342101072-140737342101074-140737342101076-140737342101078-140737342101080-
140737342101063,4292,9,140737342101063-140737342101067-140737342101070-140737342101071-140737342101072-140737342101074-140737342101076-140737342101078-140737342101080-
140737342101120,4296,9,140737342101120-140737342101123-140737342101130-140737342101137-140737342101144-140737342101147-140737342101150-140737342101153-140737342101156-
140737342101162,4297,3,140737342101162-140737342101167-140737342101170-
140737342101173,4346,2,140737342101173-140737342101176-
140737342101182,4347,5,140737342101182-140737342101186-140737342101190-140737342101193-140737342101197-
140737342101199,4348,6,140737342101199-140737342101202-140737342101204-140737342101207-140737342101210-140737342101213-
140737342101215,4349,3,140737342101215-140737342101218-140737342101221-
140737342101227,4350,4,140737342101227-140737342101231-140737342101234-140737342101237-
140737342101242,4351,3,140737342101242-140737342101245-140737342101248-
140737342102896,3826,6,140737342102896-140737342102900-140737342102906-140737342102907-140737342102910-140737342102921-
140737342102926,3843,3,140737342102926-140737342102933-140737342102934-
140737342103024,4224,7,140737342103024-140737342103028-140737342103030-140737342103031-140737342103032-140737342103036-140737342103040-
140737342103046,4225,6,140737342103046-140737342103048-140737342103051-140737342103053-140737342103058-140737342103063-
140737342103069,4226,3,140737342103069-140737342103072-140737342103075-
140737342103080,4230,2,140737342103080-140737342103084-
140737342103086,4231,8,140737342103086-140737342103093-140737342103100-140737342103107-140737342103110-140737342103113-140737342103116-140737342103119-
140737342103125,4232,2,140737342103125-140737342103128-
140737342103136,4237,4,140737342103136-140737342103139-140737342103145-140737342103147-
140737342103207,4238,5,140737342103207-140737342103209-140737342103211-140737342103213-140737342103216-
140737342103221,4239,6,140737342103221-140737342103225-140737342103228-140737342103232-140737342103236-140737342103240-
140737342103245,4241,10,140737342103245-140737342103248-140737342103254-140737342103261-140737342103265-140737342103276-140737342103279-140737342103280-140737342103281-140737342103283-
140737342103376,4249,7,140737342103376-140737342103380-140737342103381-140737342103384-140737342103385-140737342103389-140737342103393-
140737342103482,4250,6,140737342103482-140737342103486-140737342103489-140737342103491-140737342103492-140737342103493-
140737342103536,3852,12,140737342103536-140737342103540-140737342103542-140737342103544-140737342103545-140737342103548-140737342103549-140737342103552-140737342103555-140737342103557-140737342103559-140737342103563-
140737342103569,3853,1,140737342103569-
140737342103574,3861,3,140737342103574-140737342103577-140737342103580-
140737342103586,3862,10,140737342103586-140737342103588-140737342103590-140737342103596-140737342103600-140737342103605-140737342103611-140737342103613-140737342103615-140737342103621-
140737342103680,3863,2,140737342103680-140737342103683-
140737342103688,3864,5,140737342103688-140737342103691-140737342103692-140737342103693-140737342103695-
140737342103776,3845,13,140737342103776-140737342103780-140737342103782-140737342103784-140737342103786-140737342103788-140737342103789-140737342103790-140737342103794-140737342103803-140737342103808-140737342103810-140737342103814-
140737342103820,3846,6,140737342103820-140737342103823-140737342103826-140737342103829-140737342103832-140737342103834-
140737342103872,3874,3,140737342103872-140737342103877-140737342103886-
140737342103892,3875,9,140737342103892-140737342103896-140737342103899-140737342103900-140737342103901-140737342103903-140737342103905-140737342103907-140737342103909-
140737342103936,3848,4,140737342103936-140737342103940-140737342103944-140737342103946-
140737342103948,3849,2,140737342103948-140737342103950-
140737342104267,3851,4,140737342104267-140737342104269-140737342104272-140737342104277-
140737342104282,3865,3,140737342104282-140737342104285-140737342104288-
140737342104294,3866,3,140737342104294-140737342104298-140737342104305-
140737342104310,3873,3,140737342104310-140737342104313-140737342104316-
140737342104584,3850,2,140737342104584-140737342104586-
140737342105296,3847,4,140737342105296-140737342105302-140737342105304-140737342105306-
140737342105760,4344,4,140737342105760-140737342105764-140737342105766-140737342105769-
140737342105771,4345,1,140737342105771-
140737342105776,5034,18,140737342105776-140737342105778-140737342105785-140737342105787-140737342105789-140737342105796-140737342105798-140737342105801-140737342105804-140737342105805-140737342105808-140737342105809-140737342105812-140737342105816-140737342105823-140737342105826-140737342105829-140737342105835-
140737342105841,5035,4,140737342105841-140737342105845-140737342105849-140737342105852-
140737342105915,5036,2,140737342105915-140737342105918-
140737342105924,5037,4,140737342105924-140737342105927-140737342105930-140737342105933-
140737342105937,5051,4,140737342105937-140737342105940-140737342105947-140737342105950-
140737342105952,5052,2,140737342105952-140737342105955-
140737342105957,5053,9,140737342105957-140737342105961-140737342105967-140737342105971-140737342105975-140737342105979-140737342105983-140737342105987-140737342105989-
140737342105991,5056,14,140737342105991-140737342105995-140737342105999-140737342106001-140737342106004-140737342106007-140737342106009-140737342106013-140737342106014-140737342106015-140737342106017-140737342106019-140737342106021-140737342106023-
140737342106048,5054,2,140737342106048-140737342106054-
140737342106056,5055,1,140737342106056-
140737342107008,4298,8,140737342107008-140737342107012-140737342107014-140737342107015-140737342107018-140737342107019-140737342107021-140737342107023-
140737342107029,4299,4,140737342107029-140737342107031-140737342107035-140737342107038-
140737342107053,4342,2,140737342107053-140737342107056-
140737342107120,4300,2,140737342107120-140737342107123-
140737342107133,4338,2,140737342107133-140737342107136-
140737342107142,4339,3,140737342107142-140737342107146-140737342107149-
140737342107155,4340,16,140737342107155-140737342107160-140737342107165-140737342107170-140737342107172-140737342107177-140737342107180-140737342107184-140737342107187-140737342107190-140737342107196-140737342107200-140737342107205-140737342107209-140737342107213-140737342107215-
140737342107221,4341,2,140737342107221-140737342107226-
140737342107245,4343,6,140737342107245-140737342107246-140737342107249-140737342107252-140737342107253-140737342107255-
140737342107432,4301,2,140737342107432-140737342107435-
140737342107440,4337,6,140737342107440-140737342107444-140737342107447-140737342107451-140737342107455-140737342107459-
140737342107792,4202,11,140737342107792-140737342107794-140737342107795-140737342107796-140737342107799-140737342107803-140737342107809-140737342107818-140737342107823-140737342107825-140737342107827-
140737342107867,4204,3,140737342107867-140737342107876-140737342107883-
140737342107885,4205,3,140737342107885-140737342107893-140737342107895-
140737342107901,4206,11,140737342107901-140737342107906-140737342107913-140737342107920-140737342107926-140737342107928-140737342107935-140737342107938-140737342107941-140737342107947-140737342107954-
140737342107960,4207,4,140737342107960-140737342107967-140737342107976-140737342107980-
140737342107986,4208,4,140737342107986-140737342107994-140737342107999-140737342108001-
140737342108007,4209,10,140737342108007-140737342108010-140737342108012-140737342108019-140737342108026-140737342108029-140737342108033-140737342108037-140737342108044-140737342108047-
140737342108049,4210,3,140737342108049-140737342108053-140737342108056-
140737342108062,4211,5,140737342108062-140737342108069-140737342108073-140737342108075-140737342108078-
140737342108084,4212,6,140737342108084-140737342108091-140737342108094-140737342108097-140737342108100-140737342108106-
140737342108108,4213,4,140737342108108-140737342108116-140737342108124-140737342108126-
140737342108132,4214,6,140737342108132-140737342108135-140737342108141-140737342108152-140737342108155-140737342108161-
140737342108163,4215,4,140737342108163-140737342108174-140737342108182-140737342108184-
140737342108190,4216,3,140737342108190-140737342108197-140737342108199-
140737342108228,4217,3,140737342108228-140737342108233-140737342108242-
140737342108248,4218,5,140737342108248-140737342108252-140737342108253-140737342108254-140737342108256-
140737342108264,4203,4,140737342108264-140737342108273-140737342108280-140737342108284-
140737342108608,4200,3,140737342108608-140737342108612-140737342108615-
140737342108617,4201,1,140737342108617-
140737342108624,4240,1,140737342108624-
140737342108640,3827,11,140737342108640-140737342108644-140737342108646-140737342108647-140737342108648-140737342108652-140737342108661-140737342108666-140737342108668-140737342108670-140737342108672-
140737342108678,3828,6,140737342108678-140737342108684-140737342108686-140737342108689-140737342108691-140737342108693-
140737342108699,3829,6,140737342108699-140737342108708-140737342108715-140737342108719-140737342108728-140737342108735-
140737342108737,3830,3,140737342108737-140737342108745-140737342108747-
140737342108753,3831,10,140737342108753-140737342108758-140737342108765-140737342108772-140737342108778-140737342108780-140737342108787-140737342108790-140737342108796-140737342108802-
140737342108808,3832,4,140737342108808-140737342108815-140737342108824-140737342108828-
140737342108834,3833,4,140737342108834-140737342108842-140737342108847-140737342108849-
140737342108855,3834,10,140737342108855-140737342108858-140737342108865-140737342108867-140737342108874-140737342108878-140737342108882-140737342108889-140737342108893-140737342108896-
140737342108902,3835,5,140737342108902-140737342108905-140737342108908-140737342108911-140737342108917-
140737342108919,3836,4,140737342108919-140737342108927-140737342108935-140737342108937-
140737342108943,3837,3,140737342108943-140737342108946-140737342108952-
140737342108978,3838,4,140737342108978-140737342108989-140737342108992-140737342108998-
140737342109000,3839,4,140737342109000-140737342109011-140737342109019-140737342109021-
140737342109027,3840,3,140737342109027-140737342109034-140737342109036-
140737342109065,3841,3,140737342109065-140737342109070-140737342109079-
140737342109085,3842,5,140737342109085-140737342109089-140737342109090-140737342109091-140737342109093-
140737342111264,3127,12,140737342111264-140737342111268-140737342111269-140737342111271-140737342111272-140737342111275-140737342111279-140737342111283-140737342111285-140737342111289-140737342111294-140737342111297-
140737342111303,3128,13,140737342111303-140737342111305-140737342111310-140737342111313-140737342111316-140737342111318-140737342111321-140737342111326-140737342111330-140737342111332-140737342111336-140737342111337-140737342111338-
140737342111360,4302,3,140737342111360-140737342111364-140737342111369-
140737342111376,4303,7,140737342111376-140737342111378-140737342111379-140737342111380-140737342111382-140737342111385-140737342111387-
140737342111399,4304,8,140737342111399-140737342111406-140737342111413-140737342111420-140737342111423-140737342111426-140737342111429-140737342111432-
140737342111434,4305,2,140737342111434-140737342111437-
140737342111440,4335,2,140737342111440-140737342111443-
140737342111497,4336,4,140737342111497-140737342111498-140737342111499-140737342111501-
140737342111664,3145,3,140737342111664-140737342111668-140737342111671-
140737342111677,3146,14,140737342111677-140737342111679-140737342111682-140737342111684-140737342111687-140737342111689-140737342111692-140737342111694-140737342111701-140737342111702-140737342111709-140737342111710-140737342111713-140737342111717-
140737342111728,3149,2,140737342111728-140737342111731-
140737342111737,3156,3,140737342111737-140737342111740-140737342111743-
140737342111792,3147,4,140737342111792-140737342111796-140737342111800-140737342111803-
140737342111805,3148,5,140737342111805-140737342111808-140737342111811-140737342111815-140737342111819-
140737342111821,3228,3,140737342111821-140737342111824-140737342111828-
140737342111833,3232,4,140737342111833-140737342111837-140737342111841-140737342111844-
140737342111907,3157,9,140737342111907-140737342111911-140737342111914-140737342111915-140737342111916-140737342111918-140737342111920-140737342111922-140737342111924-
140737342111928,3150,4,140737342111928-140737342111932-140737342111935-140737342111939-
140737342111941,3151,3,140737342111941-140737342111945-140737342111949-
140737342111951,3236,4,140737342111951-140737342111955-140737342111958-140737342111962-
140737342111964,3346,4,140737342111964-140737342111968-140737342111971-140737342111975-
140737342111977,3347,5,140737342111977-140737342111981-140737342111984-140737342111988-140737342111992-
140737342111994,3348,4,140737342111994-140737342111998-140737342112001-140737342112004-
140737342112006,3349,6,140737342112006-140737342112010-140737342112013-140737342112016-140737342112019-140737342112023-
140737342112013,3155,4,140737342112013-140737342112016-140737342112019-140737342112023-
140737342112032,3204,2,140737342112032-140737342112034-
140737342112040,3152,7,140737342112040-140737342112042-140737342112048-140737342112052-140737342112055-140737342112059-140737342112062-
140737342112048,3153,5,140737342112048-140737342112052-140737342112055-140737342112059-140737342112062-
140737342112064,3154,1,140737342112064-
140737342112992,5473,17,140737342112992-140737342112996-140737342112998-140737342113005-140737342113007-140737342113010-140737342113017-140737342113018-140737342113021-140737342113024-140737342113025-140737342113028-140737342113032-140737342113039-140737342113042-140737342113045-140737342113048-
140737342113054,5474,2,140737342113054-140737342113057-
140737342113061,5475,2,140737342113061-140737342113064-
140737342113070,5476,5,140737342113070-140737342113072-140737342113076-140737342113078-140737342113081-
140737342113128,5480,11,140737342113128-140737342113132-140737342113135-140737342113139-140737342113143-140737342113147-140737342113151-140737342113152-140737342113153-140737342113155-140737342113157-
140737342113168,5477,6,140737342113168-140737342113171-140737342113178-140737342113185-140737342113187-140737342113190-
140737342113192,5478,2,140737342113192-140737342113194-
140737342113196,5479,7,140737342113196-140737342113201-140737342113206-140737342113209-140737342113213-140737342113215-140737342113219-
140737342113584,3117,7,140737342113584-140737342113588-140737342113594-140737342113600-140737342113607-140737342113609-140737342113611-
140737342113620,3118,13,140737342113620-140737342113622-140737342113626-140737342113634-140737342113641-140737342113648-140737342113652-140737342113656-140737342113660-140737342113664-140737342113668-140737342113672-140737342113675-
140737342113677,3823,3,140737342113677-140737342113684-140737342113692-
140737342113692,3119,1,140737342113692-
140737342113696,3116,11,140737342113696-140737342113700-140737342113702-140737342113705-140737342113707-140737342113710-140737342113711-140737342113714-140737342113715-140737342113718-140737342113722-
140737342113727,3120,3,140737342113727-140737342113734-140737342113737-
140737342113739,3824,16,140737342113739-140737342113746-140737342113750-140737342113758-140737342113765-140737342113768-140737342113772-140737342113776-140737342113780-140737342113784-140737342113795-140737342113799-140737342113800-140737342113801-140737342113803-140737342113805-
140737342113784,3122,7,140737342113784-140737342113795-140737342113799-140737342113800-140737342113801-140737342113803-140737342113805-
140737342113808,3121,2,140737342113808-140737342113819-
140737342113920,4251,6,140737342113920-140737342113924-140737342113925-140737342113928-140737342113932-140737342113935-
140737342113943,4252,3,140737342113943-140737342113947-140737342113950-
140737342113968,4253,3,140737342113968-140737342113972-140737342113975-
140737342113990,4254,2,140737342113990-140737342113994-
140737342114008,4255,2,140737342114008-140737342114009-
140737342114352,5436,16,140737342114352-140737342114356-140737342114358-140737342114360-140737342114362-140737342114364-140737342114365-140737342114367-140737342114368-140737342114372-140737342114381-140737342114386-140737342114388-140737342114394-140737342114398-140737342114400-
140737342114442,5438,3,140737342114442-140737342114451-140737342114458-
140737342114460,5439,3,140737342114460-140737342114468-140737342114470-
140737342114476,5440,10,140737342114476-140737342114481-140737342114488-140737342114495-140737342114501-140737342114508-140737342114511-140737342114514-140737342114520-140737342114523-
140737342114529,5441,5,140737342114529-140737342114536-140737342114543-140737342114546-140737342114555-
140737342114622,5446,2,140737342114622-140737342114624-
140737342114688,5447,4,140737342114688-140737342114699-140737342114703-140737342114706-
140737342114708,5442,3,140737342114708-140737342114715-140737342114717-
140737342114781,5443,3,140737342114781-140737342114787-140737342114789-
140737342114795,5444,3,140737342114795-140737342114799-140737342114803-
140737342114809,5445,1,140737342114809-
140737342114816,5448,5,140737342114816-140737342114822-140737342114825-140737342114831-140737342114833-
140737342114835,5449,4,140737342114835-140737342114846-140737342114854-140737342114856-
140737342114862,5450,4,140737342114862-140737342114869-140737342114873-140737342114875-
140737342114906,5451,3,140737342114906-140737342114911-140737342114920-
140737342114926,5452,9,140737342114926-140737342114930-140737342114933-140737342114934-140737342114935-140737342114937-140737342114939-140737342114941-140737342114943-
140737342114944,5437,4,140737342114944-140737342114953-140737342114960-140737342114965-
140737342115168,5435,13,140737342115168-140737342115172-140737342115174-140737342115176-140737342115178-140737342115180-140737342115182-140737342115183-140737342115184-140737342115188-140737342115197-140737342115202-140737342115204-
140737342115209,5453,4,140737342115209-140737342115216-140737342115219-140737342115222-
140737342115264,5455,3,140737342115264-140737342115273-140737342115280-
140737342115282,5456,3,140737342115282-140737342115290-140737342115292-
140737342115298,5457,9,140737342115298-140737342115303-140737342115310-140737342115317-140737342115323-140737342115330-140737342115333-140737342115339-140737342115342-
140737342115348,5458,6,140737342115348-140737342115355-140737342115362-140737342115371-140737342115374-140737342115378-
140737342115384,5460,4,140737342115384-140737342115395-140737342115399-140737342115402-
140737342115408,5459,3,140737342115408-140737342115411-140737342115414-
140737342115416,5461,3,140737342115416-140737342115423-140737342115425-
140737342115427,5462,3,140737342115427-140737342115434-140737342115437-
140737342115439,5463,3,140737342115439-140737342115443-140737342115447-
140737342115453,5464,3,140737342115453-140737342115461-140737342115463-
140737342115469,5465,4,140737342115469-140737342115474-140737342115477-140737342115479-
140737342115504,5467,2,140737342115504-140737342115511-
140737342115513,5468,3,140737342115513-140737342115516-140737342115518-
140737342115524,5470,5,140737342115524-140737342115531-140737342115534-140737342115537-140737342115540-
140737342115546,5471,4,140737342115546-140737342115548-140737342115550-140737342115553-
140737342115556,5483,3,140737342115556-140737342115563-140737342115565-
140737342115581,5484,2,140737342115581-140737342115584-
140737342115590,5485,3,140737342115590-140737342115597-140737342115600-
140737342115606,5486,4,140737342115606-140737342115609-140737342115612-140737342115615-
140737342115621,5487,4,140737342115621-140737342115629-140737342115637-140737342115639-
140737342115645,5488,2,140737342115645-140737342115648-
140737342115656,5489,5,140737342115656-140737342115662-140737342115665-140737342115671-140737342115673-
140737342115675,5490,4,140737342115675-140737342115686-140737342115694-140737342115696-
140737342115702,5491,3,140737342115702-140737342115709-140737342115712-
140737342115743,5492,3,140737342115743-140737342115748-140737342115757-
140737342115763,5493,9,140737342115763-140737342115767-140737342115770-140737342115771-140737342115772-140737342115774-140737342115776-140737342115778-140737342115780-
140737342115800,5454,4,140737342115800-140737342115809-140737342115816-140737342115821-
140737342115832,5469,7,140737342115832-140737342115840-140737342115843-140737342115850-140737342115853-140737342115858-140737342115866-
140737342116032,5466,5,140737342116032-140737342116039-140737342116043-140737342116050-140737342116054-
140737342117424,4227,5,140737342117424-140737342117428-140737342117429-140737342117434-140737342117437-
140737342117447,4228,3,140737342117447-140737342117451-140737342117454-
140737342117485,4229,2,140737342117485-140737342117486-
140737342119312,3124,11,140737342119312-140737342119316-140737342119318-140737342119321-140737342119323-140737342119326-140737342119327-140737342119330-140737342119331-140737342119335-140737342119338-
140737342119353,3126,8,140737342119353-140737342119358-140737342119360-140737342119363-140737342119366-140737342119370-140737342119373-140737342119377-
140737342119382,3129,5,140737342119382-140737342119387-140737342119391-140737342119395-140737342119398-
140737342119400,3130,12,140737342119400-140737342119405-140737342119410-140737342119414-140737342119418-140737342119422-140737342119433-140737342119437-140737342119438-140737342119439-140737342119441-140737342119443-
140737342119448,3125,5,140737342119448-140737342119451-140737342119458-140737342119461-140737342119465-
140737342120272,4440,7,140737342120272-140737342120276-140737342120285-140737342120289-140737342120294-140737342120298-140737342120304-
140737342120335,4441,4,140737342120335-140737342120337-140737342120340-140737342120343-
140737342122240,5352,6,140737342122240-140737342122244-140737342122245-140737342122248-140737342122256-140737342122258-
140737342122264,5353,5,140737342122264-140737342122269-140737342122276-140737342122283-140737342122286-
140737342122475,5354,3,140737342122475-140737342122483-140737342122485-
140737342122487,5355,3,140737342122487-140737342122494-140737342122495-
140737342125232,4154,8,140737342125232-140737342125236-140737342125240-140737342125247-140737342125250-140737342125254-140737342125258-140737342125261-
140737342125263,4155,2,140737342125263-140737342125270-
140737342125272,4157,14,140737342125272-140737342125275-140737342125278-140737342125282-140737342125286-140737342125289-140737342125292-140737342125295-140737342125298-140737342125301-140737342125304-140737342125308-140737342125311-140737342125314-
140737342125316,4158,7,140737342125316-140737342125323-140737342125326-140737342125329-140737342125337-140737342125340-140737342125344-
140737342125352,4156,2,140737342125352-140737342125359-
140737342126240,4089,6,140737342126240-140737342126244-140737342126248-140737342126251-140737342126255-140737342126259-
140737342126265,4090,4,140737342126265-140737342126269-140737342126273-140737342126277-
140737342126279,4091,2,140737342126279-140737342126283-
140737342126285,4092,4,140737342126285-140737342126289-140737342126293-140737342126300-
140737342126302,4093,3,140737342126302-140737342126306-140737342126309-
140737342126311,4094,2,140737342126311-140737342126315-
140737342126317,4095,3,140737342126317-140737342126321-140737342126325-
140737342126327,4096,2,140737342126327-140737342126332-
140737342126334,4097,5,140737342126334-140737342126338-140737342126342-140737342126346-140737342126350-
140737342126346,4657,2,140737342126346-140737342126350-
140737342126352,4889,2,140737342126352-140737342126355-
140737342126357,4890,9,140737342126357-140737342126362-140737342126367-140737342126371-140737342126375-140737342126379-140737342126383-140737342126387-140737342126391-
140737342130032,4134,11,140737342130032-140737342130034-140737342130036-140737342130037-140737342130038-140737342130042-140737342130049-140737342130053-140737342130057-140737342130061-140737342130064-
140737342130066,4135,7,140737342130066-140737342130073-140737342130076-140737342130080-140737342130083-140737342130086-140737342130089-
140737342130091,4136,3,140737342130091-140737342130098-140737342130100-
140737342130104,4137,5,140737342130104-140737342130107-140737342130114-140737342130117-140737342130120-
140737342130124,4145,6,140737342130124-140737342130128-140737342130129-140737342130130-140737342130132-140737342130134-
140737342130144,4138,3,140737342130144-140737342130147-140737342130150-
140737342130154,4140,4,140737342130154-140737342130161-140737342130164-140737342130167-
140737342130169,4141,2,140737342130169-140737342130171-
140737342130175,4142,3,140737342130175-140737342130176-140737342130179-
140737342130181,4143,2,140737342130181-140737342130184-
140737342130186,4144,7,140737342130186-140737342130193-140737342130196-140737342130203-140737342130207-140737342130211-140737342130216-
140737342130240,3293,18,140737342130240-140737342130242-140737342130244-140737342130246-140737342130249-140737342130251-140737342130252-140737342130253-140737342130257-140737342130266-140737342130271-140737342130273-140737342130277-140737342130280-140737342130284-140737342130287-140737342130290-140737342130293-
140737342130299,3294,3,140737342130299-140737342130302-140737342130306-
140737342130312,3295,2,140737342130312-140737342130316-
140737342130322,3296,2,140737342130322-140737342130324-
140737342130330,3297,5,140737342130330-140737342130337-140737342130340-140737342130344-140737342130347-
140737342130349,3298,4,140737342130349-140737342130353-140737342130357-140737342130364-
140737342130366,3299,3,140737342130366-140737342130370-140737342130375-
140737342130381,3300,5,140737342130381-140737342130385-140737342130389-140737342130396-140737342130399-
140737342130405,4052,2,140737342130405-140737342130412-
140737342130418,5260,4,140737342130418-140737342130422-140737342130426-140737342130430-
140737342130436,5261,3,140737342130436-140737342130440-140737342130447-
140737342130453,5262,3,140737342130453-140737342130459-140737342130461-
140737342130467,5263,8,140737342130467-140737342130474-140737342130477-140737342130480-140737342130485-140737342130489-140737342130497-140737342130499-
140737342130505,5264,2,140737342130505-140737342130508-
140737342130514,5265,4,140737342130514-140737342130519-140737342130523-140737342130526-
140737342130528,5266,2,140737342130528-140737342130532-
140737342130549,3302,3,140737342130549-140737342130554-140737342130563-
140737342130569,3303,8,140737342130569-140737342130573-140737342130574-140737342130575-140737342130577-140737342130579-140737342130581-140737342130583-
140737342130592,4053,2,140737342130592-140737342130598-
140737342130604,4054,3,140737342130604-140737342130612-140737342130614-
140737342130626,4055,5,140737342130626-140737342130634-140737342130638-140737342130642-140737342130645-
140737342130651,4056,2,140737342130651-140737342130655-
140737342130661,4058,3,140737342130661-140737342130665-140737342130667-
140737342130673,4059,4,140737342130673-140737342130676-140737342130680-140737342130684-
140737342130690,4060,2,140737342130690-140737342130697-
140737342130703,4061,3,140737342130703-140737342130709-140737342130711-
140737342130717,4062,2,140737342130717-140737342130723-
140737342130725,4087,7,140737342130725-140737342130729-140737342130732-140737342130735-140737342130740-140737342130744-140737342130747-
140737342130753,4088,2,140737342130753-140737342130756-
140737342130761,4063,2,140737342130761-140737342130765-
140737342130771,4064,2,140737342130771-140737342130777-
140737342130783,4065,5,140737342130783-140737342130788-140737342130792-140737342130796-140737342130800-
140737342130788,4659,4,140737342130788-140737342130792-140737342130796-140737342130800-
140737342130806,4066,6,140737342130806-140737342130811-140737342130816-140737342130820-140737342130826-140737342130833-
140737342130839,4068,8,140737342130839-140737342130843-140737342130847-140737342130850-140737342130854-140737342130859-140737342130863-140737342130870-
140737342130863,4129,2,140737342130863-140737342130870-
140737342130876,4069,3,140737342130876-140737342130880-140737342130882-
140737342130936,3301,8,140737342130936-140737342130940-140737342130945-140737342130948-140737342130955-140737342130960-140737342130967-140737342130970-
140737342131120,4067,3,140737342131120-140737342131124-140737342131130-
140737342131304,4130,3,140737342131304-140737342131307-140737342131309-
140737342131315,4131,3,140737342131315-140737342131322-140737342131325-
140737342131728,4128,6,140737342131728-140737342131731-140737342131734-140737342131738-140737342131743-140737342131747-
140737342131840,4656,3,140737342131840-140737342131843-140737342131846-
140737342131851,4658,1,140737342131851-
140737342132096,4057,5,140737342132096-140737342132100-140737342132104-140737342132107-140737342132110-
140737342132200,4132,5,140737342132200-140737342132204-140737342132208-140737342132212-140737342132219-
140737342132225,4133,2,140737342132225-140737342132232-
140737342132237,4146,1,140737342132237-
140737342132736,2221,12,140737342132736-140737342132738-140737342132740-140737342132742-140737342132744-140737342132745-140737342132748-140737342132749-140737342132753-140737342132760-140737342132764-140737342132767-
140737342132773,2222,3,140737342132773-140737342132780-140737342132783-
140737342132789,2223,16,140737342132789-140737342132794-140737342132798-140737342132801-140737342132804-140737342132809-140737342132814-140737342132817-140737342132822-140737342132827-140737342132831-140737342132835-140737342132838-140737342132842-140737342132846-140737342132851-
140737342132853,2224,2,140737342132853-140737342132856-
140737342132858,4103,2,140737342132858-140737342132862-
140737342132868,4104,2,140737342132868-140737342132870-
140737342132876,4105,3,140737342132876-140737342132880-140737342132883-
140737342132889,2225,3,140737342132889-140737342132893-140737342132896-
140737342132902,2226,3,140737342132902-140737342132909-140737342132912-
140737342133033,2263,2,140737342133033-140737342133040-
140737342133042,2264,5,140737342133042-140737342133049-140737342133053-140737342133057-140737342133060-
140737342133066,2265,22,140737342133066-140737342133069-140737342133076-140737342133080-140737342133083-140737342133087-140737342133090-140737342133094-140737342133098-140737342133102-140737342133106-140737342133110-140737342133114-140737342133118-140737342133122-140737342133125-140737342133126-140737342133127-140737342133129-140737342133131-140737342133133-140737342133135-
140737342133118,4127,9,140737342133118-140737342133122-140737342133125-140737342133126-140737342133127-140737342133129-140737342133131-140737342133133-140737342133135-
140737342133136,4112,3,140737342133136-140737342133142-140737342133148-
140737342133154,4113,6,140737342133154-140737342133157-140737342133162-140737342133165-140737342133168-140737342133171-
140737342133427,4122,3,140737342133427-140737342133431-140737342133433-
140737342133439,4123,10,140737342133439-140737342133442-140737342133449-140737342133453-140737342133457-140737342133462-140737342133470-140737342133473-140737342133479-140737342133481-
140737342133483,4124,2,140737342133483-140737342133491-
140737342133493,4125,6,140737342133493-140737342133496-140737342133505-140737342133508-140737342133515-140737342133518-
140737342133524,4126,2,140737342133524-140737342133533-
140737342133544,2227,9,140737342133544-140737342133548-140737342133551-140737342133556-140737342133563-140737342133566-140737342133571-140737342133574-140737342133578-
140737342133584,2228,4,140737342133584-140737342133587-140737342133590-140737342133593-
140737342133599,2229,5,140737342133599-140737342133606-140737342133611-140737342133614-140737342133619-
140737342133621,2246,6,140737342133621-140737342133624-140737342133625-140737342133628-140737342133633-140737342133638-
140737342133644,2247,4,140737342133644-140737342133651-140737342133654-140737342133657-
140737342133663,2248,6,140737342133663-140737342133670-140737342133677-140737342133682-140737342133685-140737342133688-
140737342133694,4106,4,140737342133694-140737342133696-140737342133703-140737342133706-
140737342133696,2250,3,140737342133696-140737342133703-140737342133706-
140737342133712,4107,2,140737342133712-140737342133715-
140737342133721,4108,5,140737342133721-140737342133724-140737342133731-140737342133735-140737342133739-
140737342133744,4633,3,140737342133744-140737342133747-140737342133750-
140737342133756,4596,5,140737342133756-140737342133763-140737342133768-140737342133772-140737342133775-
140737342133781,4605,3,140737342133781-140737342133788-140737342133795-
140737342133976,4594,2,140737342133976-140737342133983-
140737342133989,4595,6,140737342133989-140737342133994-140737342133997-140737342134001-140737342134004-140737342134007-
140737342134018,2249,2,140737342134018-140737342134025-
140737342134032,4597,9,140737342134032-140737342134035-140737342134041-140737342134043-140737342134048-140737342134053-140737342134056-140737342134061-140737342134066-
140737342134071,4598,5,140737342134071-140737342134076-140737342134081-140737342134085-140737342134088-
140737342134094,4599,4,140737342134094-140737342134101-140737342134105-140737342134108-
140737342134114,4600,4,140737342134114-140737342134121-140737342134124-140737342134132-
140737342134134,4601,4,140737342134134-140737342134141-140737342134144-140737342134148-
140737342134154,2262,8,140737342134154-140737342134157-140737342134164-140737342134167-140737342134171-140737342134175-140737342134182-140737342134185-
140737342134191,4602,9,140737342134191-140737342134195-140737342134199-140737342134202-140737342134206-140737342134210-140737342134219-140737342134228-140737342134232-
140737342134238,4603,4,140737342134238-140737342134243-140737342134246-140737342134253-
140737342134258,4604,1,140737342134258-
140737342134272,2251,2,140737342134272-140737342134279-
140737342134285,2252,2,140737342134285-140737342134288-
140737342134320,2253,3,140737342134320-140737342134323-140737342134326-
140737342134348,2255,10,140737342134348-140737342134352-140737342134357-140737342134361-140737342134364-140737342134367-140737342134370-140737342134374-140737342134377-140737342134380-
140737342134386,2256,2,140737342134386-140737342134393-
140737342134395,2259,2,140737342134395-140737342134398-
140737342134400,2260,4,140737342134400-140737342134407-140737342134410-140737342134413-
140737342134415,2261,4,140737342134415-140737342134422-140737342134427-140737342134430-
140737342134440,2254,3,140737342134440-140737342134445-140737342134448-
140737342134622,4114,7,140737342134622-140737342134625-140737342134629-140737342134631-140737342134636-140737342134641-140737342134644-
140737342134649,4121,2,140737342134649-140737342134653-
140737342134896,2201,2,140737342134896-140737342134899-
140737342134905,2202,12,140737342134905-140737342134907-140737342134911-140737342134913-140737342134915-140737342134917-140737342134918-140737342134921-140737342134922-140737342134925-140737342134932-140737342134936-
140737342134982,2207,5,140737342134982-140737342134985-140737342134989-140737342134993-140737342134996-
140737342135200,2203,4,140737342135200-140737342135204-140737342135207-140737342135210-
140737342135216,2204,4,140737342135216-140737342135219-140737342135223-140737342135230-
140737342135236,2205,2,140737342135236-140737342135242-
140737342135248,2278,32,140737342135248-140737342135251-140737342135254-140737342135257-140737342135260-140737342135264-140737342135268-140737342135273-140737342135277-140737342135281-140737342135285-140737342135290-140737342135294-140737342135301-140737342135306-140737342135310-140737342135314-140737342135317-140737342135321-140737342135326-140737342135331-140737342135335-140737342135338-140737342135340-140737342135345-140737342135348-140737342135353-140737342135358-140737342135363-140737342135367-140737342135372-140737342135376-
140737342135378,2279,3,140737342135378-140737342135382-140737342135386-
140737342135388,2280,3,140737342135388-140737342135393-140737342135397-
140737342135403,4100,4,140737342135403-140737342135408-140737342135411-140737342135413-
140737342135408,2282,3,140737342135408-140737342135411-140737342135413-
140737342135459,3059,4,140737342135459-140737342135463-140737342135467-140737342135470-
140737342135744,2206,3,140737342135744-140737342135749-140737342135757-
140737342135826,2268,9,140737342135826-140737342135833-140737342135836-140737342135837-140737342135838-140737342135840-140737342135842-140737342135844-140737342135846-
140737342135856,3058,3,140737342135856-140737342135860-140737342135868-
140737342135880,2208,24,140737342135880-140737342135883-140737342135886-140737342135891-140737342135895-140737342135899-140737342135907-140737342135912-140737342135915-140737342135920-140737342135923-140737342135927-140737342135931-140737342135939-140737342135947-140737342135956-140737342135965-140737342135969-140737342135976-140737342135980-140737342135983-140737342135985-140737342135990-140737342135996-
140737342135965,2283,8,140737342135965-140737342135969-140737342135976-140737342135980-140737342135983-140737342135985-140737342135990-140737342135996-
140737342135998,2284,11,140737342135998-140737342136005-140737342136009-140737342136014-140737342136022-140737342136026-140737342136031-140737342136036-140737342136039-140737342136043-140737342136046-
140737342136014,2209,8,140737342136014-140737342136022-140737342136026-140737342136031-140737342136036-140737342136039-140737342136043-140737342136046-
140737342136052,4070,19,140737342136052-140737342136059-140737342136066-140737342136069-140737342136074-140737342136078-140737342136080-140737342136083-140737342136088-140737342136092-140737342136097-140737342136101-140737342136106-140737342136110-140737342136115-140737342136119-140737342136123-140737342136127-140737342136131-
140737342136115,4701,5,140737342136115-140737342136119-140737342136123-140737342136127-140737342136131-
140737342136137,4071,3,140737342136137-140737342136144-140737342136147-
140737342136153,4072,3,140737342136153-140737342136157-140737342136161-
140737342136167,4073,2,140737342136167-140737342136170-
140737342136176,4074,4,140737342136176-140737342136179-140737342136183-140737342136186-
140737342136192,4075,3,140737342136192-140737342136196-140737342136200-
140737342136206,4076,2,140737342136206-140737342136210-
140737342136216,4077,2,140737342136216-140737342136219-
140737342136225,4078,2,140737342136225-140737342136232-
140737342136243,4079,4,140737342136243-140737342136247-140737342136251-140737342136254-
140737342136260,4080,2,140737342136260-140737342136266-
140737342136295,4084,16,140737342136295-140737342136297-140737342136302-140737342136307-140737342136312-140737342136315-140737342136319-140737342136324-140737342136326-140737342136328-140737342136335-140737342136339-140737342136343-140737342136347-140737342136352-140737342136355-
140737342136664,4081,5,140737342136664-140737342136667-140737342136671-140737342136674-140737342136680-
140737342136682,4101,5,140737342136682-140737342136685-140737342136689-140737342136692-140737342136698-
140737342136700,4102,5,140737342136700-140737342136703-140737342136707-140737342136710-140737342136716-
140737342136718,4111,5,140737342136718-140737342136721-140737342136725-140737342136728-140737342136734-
140737342136736,4700,14,140737342136736-140737342136739-140737342136744-140737342136748-140737342136754-140737342136758-140737342136761-140737342136768-140737342136772-140737342136775-140737342136780-140737342136784-140737342136789-140737342136792-
140737342136768,4082,7,140737342136768-140737342136772-140737342136775-140737342136780-140737342136784-140737342136789-140737342136792-
140737342136798,4643,6,140737342136798-140737342136803-140737342136807-140737342136812-140737342136817-140737342136819-
140737342136825,4644,2,140737342136825-140737342136830-
140737342136836,4645,6,140737342136836-140737342136840-140737342136844-140737342136848-140737342136852-140737342136856-
140737342136864,4085,3,140737342136864-140737342136867-140737342136873-
140737342136875,4086,3,140737342136875-140737342136879-140737342136882-
140737342136888,2210,2,140737342136888-140737342136895-
140737342136897,2285,7,140737342136897-140737342136901-140737342136905-140737342136910-140737342136913-140737342136917-140737342136920-
140737342136922,4702,2,140737342136922-140737342136926-
140737342136932,2211,13,140737342136932-140737342136936-140737342136939-140737342136941-140737342136943-140737342136948-140737342136951-140737342136953-140737342136960-140737342136965-140737342136967-140737342136976-140737342136978-
140737342136976,4323,2,140737342136976-140737342136978-
140737342136984,4318,2,140737342136984-140737342136986-
140737342137000,4320,3,140737342137000-140737342137004-140737342137006-
140737342137012,4319,2,140737342137012-140737342137014-
140737342137016,4321,3,140737342137016-140737342137020-140737342137023-
140737342137029,4322,8,140737342137029-140737342137031-140737342137035-140737342137037-140737342137039-140737342137041-140737342137043-140737342137050-
140737342137120,2281,4,140737342137120-140737342137124-140737342137128-140737342137133-
140737342137144,4083,5,140737342137144-140737342137149-140737342137152-140737342137156-140737342137160-
140737342137408,2212,3,140737342137408-140737342137411-140737342137414-
140737342137416,2213,4,140737342137416-140737342137418-140737342137425-140737342137427-
140737342137433,2214,3,140737342137433-140737342137436-140737342137439-
140737342137441,2215,4,140737342137441-140737342137443-140737342137450-140737342137452-
140737342137458,2216,2,140737342137458-140737342137461-
140737342137463,3060,3,140737342137463-140737342137469-140737342137471-
140737342137477,2217,5,140737342137477-140737342137481-140737342137485-140737342137489-140737342137496-
140737342137502,2218,3,140737342137502-140737342137506-140737342137509-
140737342137515,2219,4,140737342137515-140737342137520-140737342137523-140737342137525-
140737342137672,4854,3,140737342137672-140737342137676-140737342137680-
140737342137686,4855,2,140737342137686-140737342137691-
140737342137696,4857,4,140737342137696-140737342137700-140737342137704-140737342137708-
140737342137714,4856,2,140737342137714-140737342137717-
140737342137719,4858,1,140737342137719-
140737342137721,5077,6,140737342137721-140737342137725-140737342137729-140737342137733-140737342137737-140737342137741-
140737342137747,5078,7,140737342137747-140737342137751-140737342137755-140737342137758-140737342137762-140737342137766-140737342137771-
140737342137762,4860,3,140737342137762-140737342137766-140737342137771-
140737342137792,4859,2,140737342137792-140737342137796-
140737342137798,4324,5,140737342137798-140737342137802-140737342137807-140737342137811-140737342137814-
140737342137820,4325,6,140737342137820-140737342137823-140737342137826-140737342137831-140737342137834-140737342137838-
140737342137843,4326,4,140737342137843-140737342137847-140737342137851-140737342137856-
140737342137862,4327,4,140737342137862-140737342137866-140737342137870-140737342137874-
140737342137880,4328,8,140737342137880-140737342137885-140737342137890-140737342137894-140737342137898-140737342137902-140737342137906-140737342137913-
140737342137919,4329,2,140737342137919-140737342137926-
140737342137928,4330,18,140737342137928-140737342137932-140737342137936-140737342137943-140737342137946-140737342137949-140737342137952-140737342137956-140737342137959-140737342137963-140737342137967-140737342137970-140737342137974-140737342137978-140737342137982-140737342137988-140737342137992-140737342137994-
140737342138005,5227,7,140737342138005-140737342138007-140737342138009-140737342138012-140737342138015-140737342138020-140737342138025-
140737342138117,2286,18,140737342138117-140737342138124-140737342138127-140737342138131-140737342138136-140737342138139-140737342138143-140737342138146-140737342138150-140737342138154-140737342138157-140737342138161-140737342138164-140737342138168-140737342138172-140737342138176-140737342138182-140737342138184-
140737342138243,2220,4,140737342138243-140737342138246-140737342138249-140737342138254-
140737342138259,2266,3,140737342138259-140737342138262-140737342138265-
140737342138271,2267,3,140737342138271-140737342138277-140737342138279-
140737342138290,4703,3,140737342138290-140737342138295-140737342138299-
140737342138305,4704,5,140737342138305-140737342138309-140737342138312-140737342138316-140737342138319-
140737342138321,4705,2,140737342138321-140737342138325-
140737342138327,5079,7,140737342138327-140737342138331-140737342138335-140737342138339-140737342138342-140737342138345-140737342138349-
140737342138339,4706,4,140737342138339-140737342138342-140737342138345-140737342138349-
140737342138354,4707,4,140737342138354-140737342138357-140737342138361-140737342138365-
140737342138371,4708,4,140737342138371-140737342138375-140737342138379-140737342138383-
140737342138389,4709,8,140737342138389-140737342138394-140737342138399-140737342138403-140737342138407-140737342138411-140737342138415-140737342138422-
140737342138424,4710,18,140737342138424-140737342138428-140737342138432-140737342138439-140737342138442-140737342138445-140737342138448-140737342138452-140737342138455-140737342138459-140737342138463-140737342138466-140737342138470-140737342138474-140737342138478-140737342138484-140737342138488-140737342138490-
140737342138688,2198,5,140737342138688-140737342138695-140737342138696-140737342138700-140737342138703-
140737342138709,2199,3,140737342138709-140737342138717-140737342138719-
140737342138725,2200,5,140737342138725-140737342138730-140737342138734-140737342138739-140737342138742-
140737342138747,2269,3,140737342138747-140737342138750-140737342138753-
140737342138759,2270,3,140737342138759-140737342138767-140737342138769-
140737342138775,2271,3,140737342138775-140737342138779-140737342138782-
140737342138784,2272,10,140737342138784-140737342138791-140737342138795-140737342138799-140737342138803-140737342138805-140737342138812-140737342138823-140737342138826-140737342138833-
140737342138836,2273,1,140737342138836-
140737342138839,2274,2,140737342138839-140737342138840-
140737342140496,2128,8,140737342140496-140737342140497-140737342140501-140737342140510-140737342140515-140737342140517-140737342140525-140737342140535-
140737342140558,2171,13,140737342140558-140737342140565-140737342140572-140737342140576-140737342140580-140737342140583-140737342140590-140737342140592-140737342140597-140737342140601-140737342140605-140737342140608-140737342140611-
140737342140592,2172,6,140737342140592-140737342140597-140737342140601-140737342140605-140737342140608-140737342140611-
140737342140613,2173,8,140737342140613-140737342140624-140737342140629-140737342140634-140737342140644-140737342140651-140737342140654-140737342140661-
140737342140666,2177,4,140737342140666-140737342140673-140737342140676-140737342140681-
140737342140686,2178,4,140737342140686-140737342140693-140737342140696-140737342140701-
140737342140706,2179,4,140737342140706-140737342140713-140737342140716-140737342140721-
140737342140726,2180,4,140737342140726-140737342140733-140737342140736-140737342140741-
140737342140746,2181,4,140737342140746-140737342140753-140737342140756-140737342140761-
140737342140766,2182,4,140737342140766-140737342140773-140737342140776-140737342140781-
140737342140786,2183,4,140737342140786-140737342140793-140737342140796-140737342140801-
140737342140806,2184,4,140737342140806-140737342140813-140737342140816-140737342140821-
140737342140826,2185,4,140737342140826-140737342140833-140737342140836-140737342140841-
140737342140846,2186,4,140737342140846-140737342140853-140737342140856-140737342140861-
140737342140866,2187,4,140737342140866-140737342140873-140737342140876-140737342140881-
140737342140886,2188,4,140737342140886-140737342140893-140737342140896-140737342140899-
140737342140903,2189,4,140737342140903-140737342140913-140737342140918-140737342140927-
140737342140929,2190,3,140737342140929-140737342140933-140737342140934-
140737342140944,2129,5,140737342140944-140737342140946-140737342140949-140737342140954-140737342140961-
140737342140966,2168,2,140737342140966-140737342140968-
140737342140974,2169,3,140737342140974-140737342140978-140737342140983-
140737342140989,2170,1,140737342140989-
140737342143248,2126,10,140737342143248-140737342143252-140737342143254-140737342143260-140737342143261-140737342143264-140737342143265-140737342143272-140737342143279-140737342143281-
140737342143287,2127,1,140737342143287-
140737342143292,2191,3,140737342143292-140737342143295-140737342143298-
140737342143304,2192,2,140737342143304-140737342143307-
140737342143313,2193,4,140737342143313-140737342143317-140737342143319-140737342143323-
140737342143329,2195,4,140737342143329-140737342143336-140737342143341-140737342143344-
140737342143363,2276,3,140737342143363-140737342143371-140737342143373-
140737342143379,2277,3,140737342143379-140737342143382-140737342143389-
140737342143394,2287,3,140737342143394-140737342143397-140737342143400-
140737342143406,2288,3,140737342143406-140737342143410-140737342143412-
140737342143414,2289,2,140737342143414-140737342143416-
140737342143444,2290,5,140737342143444-140737342143445-140737342143448-140737342143449-140737342143451-
140737342143456,2194,4,140737342143456-140737342143460-140737342143464-140737342143468-
140737342143480,2196,3,140737342143480-140737342143487-140737342143491-
140737342143497,2197,1,140737342143497-
140737342143502,2275,2,140737342143502-140737342143509-
140737342144736,2124,9,140737342144736-140737342144740-140737342144747-140737342144749-140737342144750-140737342144753-140737342144754-140737342144757-140737342144760-
140737342144766,3050,2,140737342144766-140737342144769-
140737342144775,3051,4,140737342144775-140737342144779-140737342144781-140737342144785-
140737342144787,3053,4,140737342144787-140737342144794-140737342144799-140737342144802-
140737342144808,3054,2,140737342144808-140737342144815-
140737342144821,3056,3,140737342144821-140737342144829-140737342144831-
140737342144837,3057,3,140737342144837-140737342144840-140737342144847-
140737342144852,3061,3,140737342144852-140737342144855-140737342144858-
140737342144864,3062,3,140737342144864-140737342144868-140737342144870-
140737342144872,3063,2,140737342144872-140737342144874-
140737342144902,3064,5,140737342144902-140737342144903-140737342144906-140737342144907-140737342144909-
140737342144912,3052,4,140737342144912-140737342144916-140737342144920-140737342144924-
140737342144992,3055,4,140737342144992-140737342144996-140737342144999-140737342145002-
140737342145008,3306,8,140737342145008-140737342145012-140737342145015-140737342145022-140737342145025-140737342145032-140737342145035-140737342145043-
140737342145104,2125,5,140737342145104-140737342145109-140737342145110-140737342145111-140737342145113-
140737342146256,3287,6,140737342146256-140737342146260-140737342146264-140737342146271-140737342146274-140737342146277-
140737342146283,3288,2,140737342146283-140737342146286-
140737342146288,3289,4,140737342146288-140737342146292-140737342146296-140737342146298-
140737342146300,3290,3,140737342146300-140737342146307-140737342146312-
140737342146318,3291,3,140737342146318-140737342146325-140737342146327-
140737342146341,3292,3,140737342146341-140737342146343-140737342146347-
140737342146352,4147,3,140737342146352-140737342146358-140737342146360-
140737342146362,4148,2,140737342146362-140737342146369-
140737342146371,4149,2,140737342146371-140737342146377-
140737342146379,4153,3,140737342146379-140737342146382-140737342146386-
140737342146424,4150,2,140737342146424-140737342146431-
140737342146433,4151,2,140737342146433-140737342146440-
140737342146442,4152,6,140737342146442-140737342146446-140737342146450-140737342146457-140737342146464-140737342146465-
140737342155648,2230,3,140737342155648-140737342155652-140737342155656-
140737342155661,2245,5,140737342155661-140737342155666-140737342155670-140737342155674-140737342155678-
140737342165152,1584,8,140737342165152-140737342165156-140737342165163-140737342165170-140737342165180-140737342165190-140737342165197-140737342165200-
140737342165240,1585,1,140737342165240-
140737342165248,1623,8,140737342165248-140737342165252-140737342165259-140737342165266-140737342165276-140737342165286-140737342165293-140737342165296-
140737342165323,1624,1,140737342165323-
140737342165328,1600,8,140737342165328-140737342165332-140737342165339-140737342165346-140737342165356-140737342165366-140737342165373-140737342165376-
140737342165416,1601,1,140737342165416-
140737342165456,1611,8,140737342165456-140737342165460-140737342165467-140737342165474-140737342165484-140737342165494-140737342165501-140737342165504-
140737342165544,1612,1,140737342165544-
140737342165552,1608,7,140737342165552-140737342165556-140737342165563-140737342165570-140737342165574-140737342165581-140737342165585-
140737342166576,1625,10,140737342166576-140737342166580-140737342166587-140737342166597-140737342166604-140737342166614-140737342166617-140737342166624-140737342166631-140737342166635-
140737342166640,1607,10,140737342166640-140737342166644-140737342166651-140737342166661-140737342166668-140737342166678-140737342166681-140737342166688-140737342166695-140737342166699-
140737342166800,1598,8,140737342166800-140737342166804-140737342166811-140737342166818-140737342166828-140737342166838-140737342166845-140737342166848-
140737342166898,1599,1,140737342166898-
140737342166912,1580,8,140737342166912-140737342166916-140737342166923-140737342166930-140737342166940-140737342166950-140737342166957-140737342166960-
140737342167000,1581,1,140737342167000-
140737342167008,1586,10,140737342167008-140737342167012-140737342167019-140737342167029-140737342167036-140737342167046-140737342167049-140737342167056-140737342167063-140737342167067-
140737342167072,1622,7,140737342167072-140737342167076-140737342167083-140737342167090-140737342167094-140737342167101-140737342167105-
140737342167776,1631,7,140737342167776-140737342167780-140737342167787-140737342167794-140737342167798-140737342167805-140737342167809-
140737342168992,3867,14,140737342168992-140737342168996-140737342168998-140737342169000-140737342169002-140737342169004-140737342169005-140737342169006-140737342169013-140737342169016-140737342169025-140737342169033-140737342169035-140737342169037-
140737342169043,3868,4,140737342169043-140737342169046-140737342169049-140737342169051-
140737342169056,3870,3,140737342169056-140737342169059-140737342169062-
140737342169569,3871,4,140737342169569-140737342169572-140737342169580-140737342169589-
140737342169595,3872,9,140737342169595-140737342169602-140737342169605-140737342169606-140737342169607-140737342169609-140737342169611-140737342169613-140737342169615-
140737342170064,1629,10,140737342170064-140737342170068-140737342170075-140737342170085-140737342170092-140737342170102-140737342170105-140737342170112-140737342170119-140737342170123-
140737342170128,1594,7,140737342170128-140737342170132-140737342170139-140737342170149-140737342170156-140737342170159-140737342170163-
140737342170208,1595,2,140737342170208-140737342170214-
140737342170216,1596,3,140737342170216-140737342170223-140737342170230-
140737342170232,1597,1,140737342170232-
140737342170240,1574,6,140737342170240-140737342170244-140737342170251-140737342170258-140737342170264-140737342170267-
140737342170269,1575,4,140737342170269-140737342170279-140737342170286-140737342170290-
140737342170292,1576,2,140737342170292-140737342170295-
140737342170297,1577,5,140737342170297-140737342170301-140737342170308-140737342170315-140737342170319-
140737342170432,1602,6,140737342170432-140737342170436-140737342170443-140737342170450-140737342170456-140737342170459-
140737342170461,1603,4,140737342170461-140737342170471-140737342170478-140737342170482-
140737342170484,1604,4,140737342170484-140737342170487-140737342170492-140737342170499-
140737342170501,1605,5,140737342170501-140737342170503-140737342170510-140737342170517-140737342170521-
140737342170592,1590,6,140737342170592-140737342170596-140737342170603-140737342170610-140737342170616-140737342170619-
140737342170621,1591,4,140737342170621-140737342170631-140737342170638-140737342170642-
140737342170644,1592,2,140737342170644-140737342170647-
140737342170649,1593,5,140737342170649-140737342170653-140737342170660-140737342170667-140737342170671-
140737342170864,1634,8,140737342170864-140737342170868-140737342170875-140737342170882-140737342170892-140737342170902-140737342170909-140737342170912-
140737342170952,1635,1,140737342170952-
140737342170960,1632,8,140737342170960-140737342170964-140737342170971-140737342170978-140737342170988-140737342170998-140737342171005-140737342171008-
140737342171048,1633,1,140737342171048-
140737342171056,1582,5,140737342171056-140737342171060-140737342171067-140737342171074-140737342171081-
140737342171131,1583,1,140737342171131-
140737342171136,1609,5,140737342171136-140737342171140-140737342171147-140737342171154-140737342171161-
140737342171211,1610,1,140737342171211-
140737342171216,1627,5,140737342171216-140737342171220-140737342171227-140737342171234-140737342171241-
140737342171291,1628,1,140737342171291-
140737342171296,1641,5,140737342171296-140737342171300-140737342171307-140737342171314-140737342171321-
140737342171371,1642,1,140737342171371-
140737342171472,1613,6,140737342171472-140737342171476-140737342171483-140737342171490-140737342171496-140737342171499-
140737342171501,1614,4,140737342171501-140737342171511-140737342171518-140737342171522-
140737342171524,1615,2,140737342171524-140737342171527-
140737342171529,1616,5,140737342171529-140737342171533-140737342171540-140737342171547-140737342171551-
140737342176336,1587,10,140737342176336-140737342176340-140737342176347-140737342176357-140737342176364-140737342176374-140737342176377-140737342176384-140737342176391-140737342176395-
140737342176400,1640,10,140737342176400-140737342176404-140737342176411-140737342176421-140737342176428-140737342176438-140737342176441-140737342176448-140737342176455-140737342176459-
140737342204848,1626,10,140737342204848-140737342204852-140737342204859-140737342204869-140737342204876-140737342204886-140737342204889-140737342204896-140737342204903-140737342204907-
140737342284352,1908,2,140737342284352-140737342284354-
140737342284360,1909,16,140737342284360-140737342284362-140737342284365-140737342284367-140737342284368-140737342284369-140737342284372-140737342284378-140737342284381-140737342284384-140737342284391-140737342284395-140737342284399-140737342284401-140737342284405-140737342284407-
140737342284413,1910,4,140737342284413-140737342284416-140737342284419-140737342284426-
140737342284446,1918,2,140737342284446-140737342284449-
140737342284455,1911,3,140737342284455-140737342284459-140737342284463-
140737342284465,1912,2,140737342284465-140737342284470-
140737342284476,1913,2,140737342284476-140737342284479-
140737342284518,1914,8,140737342284518-140737342284520-140737342284525-140737342284528-140737342284532-140737342284535-140737342284539-140737342284542-
140737342284528,1920,5,140737342284528-140737342284532-140737342284535-140737342284539-140737342284542-
140737342284544,1915,1,140737342284544-
140737342284546,1916,2,140737342284546-140737342284549-
140737342284551,1917,6,140737342284551-140737342284554-140737342284558-140737342284561-140737342284565-140737342284568-
140737342284605,1922,7,140737342284605-140737342284607-140737342284611-140737342284612-140737342284613-140737342284615-140737342284617-
140737342284607,1931,6,140737342284607-140737342284611-140737342284612-140737342284613-140737342284615-140737342284617-
140737342284624,1919,3,140737342284624-140737342284628-140737342284631-
140737342284633,1921,1,140737342284633-
140737342284654,1925,6,140737342284654-140737342284659-140737342284661-140737342284663-140737342284665-140737342284668-
140737342284670,1926,3,140737342284670-140737342284672-140737342284676-
140737342284682,1936,2,140737342284682-140737342284685-
140737342284691,1937,2,140737342284691-140737342284697-
140737342284704,1939,2,140737342284704-140737342284707-
140737342284709,1940,7,140737342284709-140737342284712-140737342284715-140737342284717-140737342284719-140737342284721-140737342284724-
140737342284726,1938,6,140737342284726-140737342284729-140737342284732-140737342284735-140737342284739-140737342284742-
140737342284744,1941,2,140737342284744-140737342284747-
140737342284749,1942,2,140737342284749-140737342284752-
140737342284754,1943,2,140737342284754-140737342284757-
140737342284763,1944,2,140737342284763-140737342284767-
140737342284773,1929,3,140737342284773-140737342284779-140737342284782-
140737342284862,1930,15,140737342284862-140737342284864-140737342284866-140737342284869-140737342284872-140737342284878-140737342284881-140737342284884-140737342284887-140737342284890-140737342284893-140737342284895-140737342284901-140737342284904-140737342284907-
140737342284921,1946,2,140737342284921-140737342284924-
140737342284926,1948,2,140737342284926-140737342284930-
140737342284936,1947,2,140737342284936-140737342284939-
140737342285112,1927,5,140737342285112-140737342285118-140737342285121-140737342285124-140737342285127-
140737342285129,1928,2,140737342285129-140737342285132-
140737342285168,1904,13,140737342285168-140737342285170-140737342285172-140737342285174-140737342285176-140737342285177-140737342285178-140737342285182-140737342285189-140737342285198-140737342285203-140737342285205-140737342285213-
140737342285219,1905,8,140737342285219-140737342285224-140737342285226-140737342285232-140737342285237-140737342285242-140737342285247-140737342285255-
140737342285267,1906,7,140737342285267-140737342285272-140737342285274-140737342285278-140737342285280-140737342285284-140737342285288-
140737342285290,1907,9,140737342285290-140737342285293-140737342285296-140737342285300-140737342285307-140737342285310-140737342285313-140737342285315-140737342285322-
140737342285327,1923,2,140737342285327-140737342285330-
140737342285336,1924,7,140737342285336-140737342285343-140737342285346-140737342285349-140737342285351-140737342285358-140737342285360-
140737342285365,1932,2,140737342285365-140737342285368-
140737342285472,1933,3,140737342285472-140737342285477-140737342285486-
140737342285488,1934,8,140737342285488-140737342285492-140737342285493-140737342285494-140737342285496-140737342285498-140737342285500-140737342285502-
140737342285792,1606,10,140737342285792-140737342285796-140737342285803-140737342285813-140737342285820-140737342285830-140737342285833-140737342285840-140737342285847-140737342285851-
140737342285856,1589,10,140737342285856-140737342285860-140737342285867-140737342285877-140737342285884-140737342285894-140737342285897-140737342285904-140737342285911-140737342285915-
140737342285920,1621,7,140737342285920-140737342285924-140737342285931-140737342285938-140737342285942-140737342285949-140737342285953-
140737342286128,1630,10,140737342286128-140737342286132-140737342286139-140737342286149-140737342286156-140737342286166-140737342286169-140737342286176-140737342286183-140737342286187-
140737342287072,1588,10,140737342287072-140737342287076-140737342287083-140737342287093-140737342287100-140737342287110-140737342287113-140737342287120-140737342287127-140737342287131-
140737342287136,1636,7,140737342287136-140737342287140-140737342287147-140737342287157-140737342287164-140737342287167-140737342287171-
140737342287216,1637,2,140737342287216-140737342287222-
140737342287224,1638,3,140737342287224-140737342287231-140737342287238-
140737342287240,1639,1,140737342287240-
140737342287280,1619,9,140737342287280-140737342287284-140737342287291-140737342287298-140737342287308-140737342287315-140737342287325-140737342287328-140737342287331-
140737342287333,1620,8,140737342287333-140737342287343-140737342287350-140737342287353-140737342287360-140737342287364-140737342287368-140737342287371-
140737342287568,2545,12,140737342287568-140737342287572-140737342287574-140737342287580-140737342287582-140737342287583-140737342287584-140737342287588-140737342287597-140737342287602-140737342287604-140737342287610-
140737342287616,2546,3,140737342287616-140737342287618-140737342287621-
140737342287627,2547,3,140737342287627-140737342287629-140737342287635-
140737342287637,2552,6,140737342287637-140737342287644-140737342287648-140737342287651-140737342287655-140737342287658-
140737342287664,2554,4,140737342287664-140737342287668-140737342287672-140737342287676-
140737342287691,2555,2,140737342287691-140737342287697-
140737342287699,2556,2,140737342287699-140737342287702-
140737342287704,2557,2,140737342287704-140737342287707-
140737342287712,2560,3,140737342287712-140737342287716-140737342287719-
140737342287721,2548,3,140737342287721-140737342287726-140737342287735-
140737342287741,2549,6,140737342287741-140737342287745-140737342287746-140737342287747-140737342287749-140737342287751-
140737342287968,2553,4,140737342287968-140737342287975-140737342287982-140737342287985-
140737342288016,2535,10,140737342288016-140737342288020-140737342288022-140737342288023-140737342288024-140737342288028-140737342288037-140737342288042-140737342288044-140737342288047-
140737342288053,2536,4,140737342288053-140737342288055-140737342288057-140737342288060-
140737342288062,2537,3,140737342288062-140737342288067-140737342288076-
140737342288082,2538,5,140737342288082-140737342288086-140737342288087-140737342288088-140737342288090-
140737342291792,1617,8,140737342291792-140737342291796-140737342291803-140737342291810-140737342291820-140737342291830-140737342291837-140737342291840-
140737342291864,1618,1,140737342291864-
140737342419088,3739,10,140737342419088-140737342419092-140737342419094-140737342419097-140737342419098-140737342419100-140737342419104-140737342419111-140737342419118-140737342419121-
140737342419123,3740,1,140737342419123-
140737342419125,3753,3,140737342419125-140737342419128-140737342419135-
140737342419164,3754,4,140737342419164-140737342419168-140737342419169-140737342419171-
140737342443792,5496,6,140737342443792-140737342443796-140737342443803-140737342443805-140737342443811-140737342443816-
140737342443839,5497,3,140737342443839-140737342443841-140737342443844-
140737342570288,3554,14,140737342570288-140737342570292-140737342570294-140737342570296-140737342570298-140737342570300-140737342570301-140737342570302-140737342570306-140737342570311-140737342570316-140737342570321-140737342570325-140737342570327-
140737342570333,3555,7,140737342570333-140737342570335-140737342570343-140737342570345-140737342570348-140737342570351-140737342570353-
140737342570359,3556,3,140737342570359-140737342570362-140737342570364-
140737342570366,3557,6,140737342570366-140737342570369-140737342570372-140737342570380-140737342570385-140737342570387-
140737342570393,3558,2,140737342570393-140737342570395-
140737342570401,3559,4,140737342570401-140737342570405-140737342570407-140737342570409-
140737342570432,3625,5,140737342570432-140737342570435-140737342570439-140737342570442-140737342570448-
140737342570488,3572,3,140737342570488-140737342570490-140737342570493-
140737342570498,3573,3,140737342570498-140737342570501-140737342570503-
140737342570510,3574,2,140737342570510-140737342570514-
140737342570520,3582,2,140737342570520-140737342570522-
140737342570528,3583,4,140737342570528-140737342570531-140737342570535-140737342570539-
140737342570545,3584,2,140737342570545-140737342570550-
140737342570637,3571,7,140737342570637-140737342570644-140737342570649-140737342570651-140737342570656-140737342570660-140737342570663-
140737342570649,3626,5,140737342570649-140737342570651-140737342570656-140737342570660-140737342570663-
140737342570669,3629,2,140737342570669-140737342570672-
140737342570678,3589,9,140737342570678-140737342570682-140737342570685-140737342570690-140737342570694-140737342570698-140737342570703-140737342570706-140737342570711-
140737342570716,3594,5,140737342570716-140737342570721-140737342570726-140737342570731-140737342570735-
140737342570737,3595,4,140737342570737-140737342570740-140737342570743-140737342570746-
140737342570752,3596,2,140737342570752-140737342570755-
140737342570761,3597,3,140737342570761-140737342570764-140737342570768-
140737342570774,3598,2,140737342570774-140737342570777-
140737342570783,3603,9,140737342570783-140737342570787-140737342570790-140737342570791-140737342570792-140737342570794-140737342570796-140737342570798-140737342570800-
140737342570808,3585,2,140737342570808-140737342570812-
140737342570864,3665,4,140737342570864-140737342570867-140737342570870-140737342570872-
140737342570876,3666,2,140737342570876-140737342570882-
140737342570888,3575,3,140737342570888-140737342570892-140737342570894-
140737342570928,3578,2,140737342570928-140737342570930-
140737342570932,3663,1,140737342570932-
140737342570957,3579,5,140737342570957-140737342570961-140737342570963-140737342570965-140737342570968-
140737342570970,3580,2,140737342570970-140737342570974-
140737342570976,3581,2,140737342570976-140737342570979-
140737342570992,3586,3,140737342570992-140737342570997-140737342570999-
140737342571005,3587,2,140737342571005-140737342571011-
140737342571136,3588,2,140737342571136-140737342571140-
140737342571264,3560,3,140737342571264-140737342571271-140737342571276-
140737342571281,3569,3,140737342571281-140737342571286-140737342571289-
140737342571312,3599,3,140737342571312-140737342571316-140737342571320-
140737342571326,3600,3,140737342571326-140737342571329-140737342571331-
140737342571333,3601,2,140737342571333-140737342571335-
140737342571341,3602,6,140737342571341-140737342571344-140737342571348-140737342571350-140737342571354-140737342571362-
140737342571376,3576,2,140737342571376-140737342571378-
140737342571384,3627,3,140737342571384-140737342571387-140737342571390-
140737342571560,3570,3,140737342571560-140737342571567-140737342571571-
140737342571581,3664,2,140737342571581-140737342571583-
140737342571796,3577,2,140737342571796-140737342571799-
140737342571808,3553,13,140737342571808-140737342571812-140737342571813-140737342571820-140737342571822-140737342571828-140737342571835-140737342571837-140737342571843-140737342571847-140737342571848-140737342571855-140737342571856-
140737342571861,3604,12,140737342571861-140737342571867-140737342571874-140737342571876-140737342571883-140737342571886-140737342571893-140737342571899-140737342571901-140737342571902-140737342571903-140737342571904-
140737342571920,3552,7,140737342571920-140737342571924-140737342571928-140737342571931-140737342571934-140737342571936-140737342571938-
140737342571943,3605,2,140737342571943-140737342571947-
140737342617376,4310,6,140737342617376-140737342617380-140737342617383-140737342617385-140737342617388-140737342617392-
140737342617394,4311,2,140737342617394-140737342617399-
140737342617401,4312,2,140737342617401-140737342617407-
140737342617409,4313,1,140737342617409-
140737342619392,3854,13,140737342619392-140737342619396-140737342619398-140737342619401-140737342619404-140737342619405-140737342619408-140737342619412-140737342619417-140737342619426-140737342619431-140737342619433-140737342619437-
140737342619439,3855,4,140737342619439-140737342619441-140737342619446-140737342619451-
140737342619453,3856,3,140737342619453-140737342619461-140737342619463-
140737342619465,3857,5,140737342619465-140737342619468-140737342619471-140737342619476-140737342619481-
140737342619483,3858,2,140737342619483-140737342619489-
140737342619495,3859,3,140737342619495-140737342619500-140737342619509-
140737342619515,3860,4,140737342619515-140737342619519-140737342619520-140737342619522-
140737342620128,3941,4,140737342620128-140737342620132-140737342620140-140737342620142-
140737342620144,3942,1,140737342620144-
140737342620146,3943,2,140737342620146-140737342620152-
140737342620154,3944,1,140737342620154-
140737342620288,5042,4,140737342620288-140737342620292-140737342620300-140737342620302-
140737342620304,5043,2,140737342620304-140737342620309-
140737342620311,5044,2,140737342620311-140737342620317-
140737342620319,5045,1,140737342620319-
140737342641504,4234,3,140737342641504-140737342641508-140737342641513-
140737342641515,4235,2,140737342641515-140737342641521-
140737342641523,4236,1,140737342641523-
140737342645408,2233,3,140737342645408-140737342645412-140737342645417-
140737342645419,2234,2,140737342645419-140737342645425-
140737342645427,2235,4,140737342645427-140737342645434-140737342645437-140737342645440-
140737342645442,2236,2,140737342645442-140737342645444-
140737342645480,4592,4,140737342645480-140737342645487-140737342645494-140737342645499-
140737342645504,2231,9,140737342645504-140737342645508-140737342645510-140737342645511-140737342645518-140737342645519-140737342645522-140737342645526-140737342645529-
140737342645531,2257,3,140737342645531-140737342645537-140737342645539-
140737342645541,2239,2,140737342645541-140737342645544-
140737342645546,2240,1,140737342645546-
140737342645548,2241,5,140737342645548-140737342645551-140737342645554-140737342645557-140737342645559-
140737342645575,4593,6,140737342645575-140737342645582-140737342645585-140737342645586-140737342645587-140737342645589-
140737342645582,2258,5,140737342645582-140737342645585-140737342645586-140737342645587-140737342645589-
140737342645600,2232,2,140737342645600-140737342645602-
140737342645607,2237,2,140737342645607-140737342645609-
140737342645611,2238,2,140737342645611-140737342645615-
140737342645624,4139,6,140737342645624-140737342645627-140737342645630-140737342645633-140737342645636-140737342645638-
140737342645640,2242,2,140737342645640-140737342645644-
140737342645649,2243,2,140737342645649-140737342645651-
140737342645653,2244,5,140737342645653-140737342645656-140737342645657-140737342645658-140737342645660-
140737342663392,4115,3,140737342663392-140737342663396-140737342663403-
140737342663405,4116,6,140737342663405-140737342663406-140737342663409-140737342663410-140737342663412-140737342663415-
140737342663417,4118,4,140737342663417-140737342663420-140737342663423-140737342663428-
140737342663430,4119,2,140737342663430-140737342663436-
140737342663438,4120,3,140737342663438-140737342663439-140737342663440-
140737342663472,4117,2,140737342663472-140737342663475-
140737342663568,4159,3,140737342663568-140737342663572-140737342663577-
140737342663579,4160,2,140737342663579-140737342663585-
140737342663587,4161,1,140737342663587-
140737342689696,1878,3,140737342689696-140737342689700-140737342689703-
140737342689705,1879,7,140737342689705-140737342689706-140737342689707-140737342689710-140737342689714-140737342689717-140737342689720-
140737342689722,1880,3,140737342689722-140737342689725-140737342689730-
140737342689735,1890,12,140737342689735-140737342689739-140737342689742-140737342689749-140737342689753-140737342689756-140737342689763-140737342689766-140737342689769-140737342689773-140737342689774-140737342689775-
140737342708976,2573,12,140737342708976-140737342708980-140737342708982-140737342708984-140737342708986-140737342708989-140737342708991-140737342708992-140737342708994-140737342708995-140737342708998-140737342709002-
140737342709007,2578,4,140737342709007-140737342709010-140737342709013-140737342709020-
140737342709024,2597,3,140737342709024-140737342709029-140737342709033-
140737342709035,2598,3,140737342709035-140737342709038-140737342709041-
140737342709038,2579,2,140737342709038-140737342709041-
140737342709046,2580,3,140737342709046-140737342709049-140737342709052-
140737342709054,2581,4,140737342709054-140737342709057-140737342709060-140737342709063-
140737342709068,2590,2,140737342709068-140737342709070-
140737342709072,2591,10,140737342709072-140737342709079-140737342709084-140737342709088-140737342709089-140737342709090-140737342709092-140737342709094-140737342709096-140737342709098-
140737342750912,3111,7,140737342750912-140737342750916-140737342750923-140737342750926-140737342750929-140737342750934-140737342750936-
140737342750993,3112,5,140737342750993-140737342751002-140737342751007-140737342751009-140737342751012-
140737342751014,3113,12,140737342751014-140737342751017-140737342751020-140737342751028-140737342751031-140737342751035-140737342751040-140737342751045-140737342751048-140737342751055-140737342751063-140737342751068-
140737342751073,3254,3,140737342751073-140737342751078-140737342751087-
140737342751089,3255,2,140737342751089-140737342751096-
140737342751120,3405,3,140737342751120-140737342751124-140737342751127-
140737342751129,3406,8,140737342751129-140737342751131-140737342751134-140737342751137-140737342751140-140737342751142-140737342751146-140737342751149-
140737342751184,4284,8,140737342751184-140737342751188-140737342751195-140737342751200-140737342751205-140737342751210-140737342751215-140737342751217-
140737342751219,4285,25,140737342751219-140737342751224-140737342751229-140737342751234-140737342751242-140737342751250-140737342751258-140737342751266-140737342751274-140737342751283-140737342751288-140737342751290-140737342751298-140737342751300-140737342751302-140737342751307-140737342751312-140737342751315-140737342751318-140737342751323-140737342751330-140737342751332-140737342751339-140737342751342-140737342751350-
140737342751355,4545,3,140737342751355-140737342751360-140737342751369-
140737342751371,4546,2,140737342751371-140737342751378-
140737342953088,2130,16,140737342953088-140737342953092-140737342953094-140737342953096-140737342953099-140737342953101-140737342953104-140737342953106-140737342953109-140737342953110-140737342953111-140737342953114-140737342953118-140737342953125-140737342953130-140737342953137-
140737342953144,2131,2,140737342953144-140737342953147-
140737342953152,2144,2,140737342953152-140737342953155-
140737342953161,2145,6,140737342953161-140737342953165-140737342953170-140737342953177-140737342953182-140737342953185-
140737342953191,2146,11,140737342953191-140737342953195-140737342953202-140737342953206-140737342953210-140737342953214-140737342953221-140737342953226-140737342953229-140737342953233-140737342953236-
140737342953242,2147,3,140737342953242-140737342953248-140737342953250-
140737342953256,2148,6,140737342953256-140737342953263-140737342953266-140737342953269-140737342953273-140737342953277-
140737342953280,2150,3,140737342953280-140737342953283-140737342953286-
140737342953292,2151,4,140737342953292-140737342953296-140737342953298-140737342953300-
140737342953296,2149,3,140737342953296-140737342953298-140737342953300-
140737342953302,2152,3,140737342953302-140737342953309-140737342953313-
140737342953327,2156,4,140737342953327-140737342953332-140737342953336-140737342953340-
140737342953342,2157,5,140737342953342-140737342953346-140737342953349-140737342953352-140737342953355-
140737342953357,2159,2,140737342953357-140737342953360-
140737342953366,2160,3,140737342953366-140737342953370-140737342953373-
140737342953392,2158,3,140737342953392-140737342953396-140737342953400-
140737342953402,2153,9,140737342953402-140737342953405-140737342953408-140737342953412-140737342953414-140737342953418-140737342953422-140737342953426-140737342953429-
140737342953431,2154,2,140737342953431-140737342953435-
140737342953437,2155,1,140737342953437-
140737342953448,2162,2,140737342953448-140737342953451-
140737342953453,2163,4,140737342953453-140737342953456-140737342953461-140737342953464-
140737342953469,2164,2,140737342953469-140737342953472-
140737342953522,2166,2,140737342953522-140737342953529-
140737342953536,2167,9,140737342953536-140737342953540-140737342953543-140737342953544-140737342953545-140737342953547-140737342953549-140737342953551-140737342953553-
140737342953745,2161,3,140737342953745-140737342953748-140737342953751-
140737342953792,2165,4,140737342953792-140737342953796-140737342953802-140737342953807-
140737342954080,2558,5,140737342954080-140737342954084-140737342954091-140737342954094-140737342954102-
140737342954128,2559,1,140737342954128-
140737343102448,2877,8,140737343102448-140737343102452-140737343102454-140737343102456-140737343102460-140737343102462-140737343102467-140737343102472-
140737343102478,2878,7,140737343102478-140737343102482-140737343102486-140737343102490-140737343102494-140737343102498-140737343102500-
140737343102502,2879,6,140737343102502-140737343102506-140737343102510-140737343102514-140737343102516-140737343102519-
140737343106800,2583,3,140737343106800-140737343106804-140737343106808-
140737343106814,4953,5,140737343106814-140737343106818-140737343106822-140737343106826-140737343106829-
140737343106835,4954,2,140737343106835-140737343106839-
140737343106845,4955,3,140737343106845-140737343106849-140737343106856-
140737343106862,4956,2,140737343106862-140737343106869-
140737343106875,4957,13,140737343106875-140737343106879-140737343106883-140737343106888-140737343106893-140737343106898-140737343106903-140737343106908-140737343106913-140737343106917-140737343106921-140737343106925-140737343106930-
140737343106936,4958,15,140737343106936-140737343106941-140737343106946-140737343106950-140737343106954-140737343106959-140737343106964-140737343106968-140737343106973-140737343106978-140737343106982-140737343106987-140737343106992-140737343106996-140737343107001-
140737343107007,4959,3,140737343107007-140737343107009-140737343107012-
140737343107104,2588,10,140737343107104-140737343107108-140737343107112-140737343107116-140737343107120-140737343107126-140737343107132-140737343107135-140737343107138-140737343107141-
140737343107143,2596,3,140737343107143-140737343107145-140737343107148-
140737343107152,2589,1,140737343107152-
140737343107168,3714,10,140737343107168-140737343107171-140737343107174-140737343107177-140737343107180-140737343107182-140737343107184-140737343107188-140737343107192-140737343107194-
140737343107232,2584,2,140737343107232-140737343107235-
140737343107237,2585,1,140737343107237-
140737343107239,2586,2,140737343107239-140737343107242-
140737343107244,2587,2,140737343107244-140737343107247-
140737343120144,3591,8,140737343120144-140737343120148-140737343120150-140737343120154-140737343120159-140737343120164-140737343120167-140737343120170-
140737343120172,3869,7,140737343120172-140737343120176-140737343120181-140737343120186-140737343120190-140737343120194-140737343120196-
140737343120224,3592,10,140737343120224-140737343120227-140737343120231-140737343120235-140737343120240-140737343120245-140737343120249-140737343120253-140737343120255-140737343120257-
140737343120259,3593,8,140737343120259-140737343120263-140737343120266-140737343120268-140737343120272-140737343120275-140737343120279-140737343120282-
140737343120288,3659,8,140737343120288-140737343120292-140737343120296-140737343120301-140737343120306-140737343120310-140737343120314-140737343120316-
140737343120544,3660,7,140737343120544-140737343120548-140737343120550-140737343120554-140737343120557-140737343120561-140737343120564-
140737343120704,3139,8,140737343120704-140737343120708-140737343120710-140737343120714-140737343120719-140737343120724-140737343120727-140737343120730-
140737343120732,3140,7,140737343120732-140737343120736-140737343120741-140737343120746-140737343120750-140737343120754-140737343120756-
140737343120784,3407,10,140737343120784-140737343120787-140737343120791-140737343120795-140737343120800-140737343120805-140737343120809-140737343120813-140737343120815-140737343120817-
140737343120819,3408,5,140737343120819-140737343120823-140737343120826-140737343120829-140737343120832-
140737343121104,3141,4,140737343121104-140737343121108-140737343121111-140737343121114-
140737343121200,1882,8,140737343121200-140737343121204-140737343121208-140737343121210-140737343121215-140737343121219-140737343121222-140737343121225-
140737343121312,1883,12,140737343121312-140737343121315-140737343121319-140737343121323-140737343121327-140737343121331-140737343121335-140737343121339-140737343121341-140737343121343-140737343121347-140737343121349-
140737343121376,1884,2,140737343121376-140737343121378-
140737343121384,1885,11,140737343121384-140737343121386-140737343121390-140737343121392-140737343121396-140737343121400-140737343121404-140737343121408-140737343121412-140737343121416-140737343121418-
140737343121504,1886,2,140737343121504-140737343121506-
140737343121536,1887,3,140737343121536-140737343121540-140737343121542-
140737343121568,1888,6,140737343121568-140737343121571-140737343121575-140737343121578-140737343121581-140737343121583-
140737343121585,1889,4,140737343121585-140737343121588-140737343121593-140737343121596-
140737343121664,2575,7,140737343121664-140737343121668-140737343121670-140737343121673-140737343121677-140737343121680-140737343121683-
140737343121685,2576,4,140737343121685-140737343121689-140737343121693-140737343121695-
140737343121701,3525,4,140737343121701-140737343121705-140737343121708-140737343121712-
140737343121728,2607,7,140737343121728-140737343121731-140737343121735-140737343121739-140737343121743-140737343121745-140737343121747-
140737343121749,2608,6,140737343121749-140737343121753-140737343121756-140737343121759-140737343121762-140737343121765-
140737343121776,2620,5,140737343121776-140737343121780-140737343121784-140737343121788-140737343121790-
140737343121780,3526,4,140737343121780-140737343121784-140737343121788-140737343121790-
140737343121936,2577,5,140737343121936-140737343121940-140737343121943-140737343121946-140737343121949-
140737343133936,3230,4,140737343133936-140737343133940-140737343133943-140737343133946-
140737343133968,3069,4,140737343133968-140737343133972-140737343133975-140737343133979-
140737343133975,3231,2,140737343133975-140737343133979-
140737343133981,3386,2,140737343133981-140737343133985-
140737343133991,3387,6,140737343133991-140737343133995-140737343134001-140737343134005-140737343134011-140737343134014-
140737343134015,4883,2,140737343134015-140737343134022-
140737343134028,4884,2,140737343134028-140737343134031-
140737343134033,5156,1,140737343134033-
140737343134035,5157,3,140737343134035-140737343134039-140737343134042-
140737343134048,4885,1,140737343134048-
140737343134051,4886,1,140737343134051-
140737343134053,4887,1,140737343134053-
140737343134054,3070,2,140737343134054-140737343134057-
140737343134059,3331,2,140737343134059-140737343134062-
140737343134064,3332,2,140737343134064-140737343134067-
140737343134069,3458,2,140737343134069-140737343134072-
140737343134074,4525,1,140737343134074-
140737343134076,4526,3,140737343134076-140737343134079-140737343134081-
140737343134082,3071,5,140737343134082-140737343134086-140737343134092-140737343134096-140737343134102-
140737343134103,3457,5,140737343134103-140737343134108-140737343134111-140737343134116-140737343134119-
140737343134120,3333,5,140737343134120-140737343134124-140737343134126-140737343134130-140737343134132-
140737343134133,3459,5,140737343134133-140737343134138-140737343134141-140737343134146-140737343134149-
140737343134150,4873,2,140737343134150-140737343134157-
140737343134163,4874,2,140737343134163-140737343134170-
140737343134176,4880,2,140737343134176-140737343134183-
140737343134185,4881,18,140737343134185-140737343134189-140737343134194-140737343134199-140737343134204-140737343134210-140737343134216-140737343134222-140737343134228-140737343134232-140737343134237-140737343134242-140737343134247-140737343134253-140737343134259-140737343134265-140737343134271-140737343134274-
140737343134275,4882,10,140737343134275-140737343134279-140737343134284-140737343134290-140737343134296-140737343134300-140737343134305-140737343134311-140737343134317-140737343134320-
140737343134321,4875,2,140737343134321-140737343134324-
140737343134330,4876,1,140737343134330-
140737343134336,4877,15,140737343134336-140737343134340-140737343134346-140737343134352-140737343134358-140737343134364-140737343134367-140737343134372-140737343134375-140737343134379-140737343134383-140737343134386-140737343134389-140737343134392-140737343134399-
140737343134405,4878,13,140737343134405-140737343134409-140737343134414-140737343134419-140737343134424-140737343134431-140737343134438-140737343134442-140737343134447-140737343134452-140737343134457-140737343134464-140737343134471-
140737343134473,4879,7,140737343134473-140737343134477-140737343134482-140737343134487-140737343134492-140737343134497-140737343134500-
140737343134501,5160,15,140737343134501-140737343134505-140737343134510-140737343134515-140737343134520-140737343134526-140737343134531-140737343134536-140737343134539-140737343134542-140737343134546-140737343134549-140737343134552-140737343134555-140737343134562-
140737343134568,5161,13,140737343134568-140737343134572-140737343134577-140737343134582-140737343134587-140737343134594-140737343134601-140737343134606-140737343134612-140737343134618-140737343134624-140737343134631-140737343134638-
140737343134640,5162,7,140737343134640-140737343134644-140737343134649-140737343134654-140737343134659-140737343134664-140737343134667-
140737343135076,4612,4,140737343135076-140737343135079-140737343135082-140737343135086-
140737343135089,4613,1,140737343135089-
140737343135091,4614,2,140737343135091-140737343135094-
140737343135120,4609,6,140737343135120-140737343135124-140737343135128-140737343135131-140737343135136-140737343135140-
140737343135146,4610,2,140737343135146-140737343135150-
140737343135166,4611,2,140737343135166-140737343135173-
140737346269184,2053,5,140737346269184-140737346269188-140737346269192-140737346269199-140737346269202-
140737346269206,2054,2,140737346269206-140737346269210-
140737346269216,2061,2,140737346269216-140737346269222-
140737346269568,2924,3,140737346269568-140737346269572-140737346269577-
140737346269664,2970,3,140737346269664-140737346269668-140737346269673-
140737346269696,3934,3,140737346269696-140737346269700-140737346269705-
140737346269792,2894,3,140737346269792-140737346269796-140737346269801-
140737346269808,2514,3,140737346269808-140737346269812-140737346269817-
140737346270096,2821,3,140737346270096-140737346270100-140737346270105-
140737346270128,2403,3,140737346270128-140737346270132-140737346270137-
140737346270320,4568,3,140737346270320-140737346270324-140737346270329-
140737346270752,2715,3,140737346270752-140737346270756-140737346270761-
140737346270880,2915,3,140737346270880-140737346270884-140737346270889-
140737346271072,2521,3,140737346271072-140737346271076-140737346271081-
140737346271248,3737,3,140737346271248-140737346271252-140737346271257-
140737346271296,2632,3,140737346271296-140737346271300-140737346271305-
140737346271344,2687,3,140737346271344-140737346271348-140737346271353-
140737346271376,3048,3,140737346271376-140737346271380-140737346271385-
140737346271632,3885,3,140737346271632-140737346271636-140737346271641-
140737346271952,2979,3,140737346271952-140737346271956-140737346271961-
140737346272240,2659,3,140737346272240-140737346272244-140737346272249-
140737346272368,3931,3,140737346272368-140737346272372-140737346272377-
140737346272496,5385,3,140737346272496-140737346272500-140737346272505-
140737346272656,3940,3,140737346272656-140737346272660-140737346272665-
140737346272688,2123,3,140737346272688-140737346272692-140737346272697-
140737346272720,3808,3,140737346272720-140737346272724-140737346272729-
140737346272912,2830,3,140737346272912-140737346272916-140737346272921-
140737346272976,2116,3,140737346272976-140737346272980-140737346272985-
140737346273040,2961,3,140737346273040-140737346273044-140737346273049-
140737346273136,2399,3,140737346273136-140737346273140-140737346273145-
140737346273184,2390,3,140737346273184-140737346273188-140737346273193-
140737346273216,4049,3,140737346273216-140737346273220-140737346273225-
140737346273408,2412,3,140737346273408-140737346273412-140737346273417-
140737346273504,2101,3,140737346273504-140737346273508-140737346273513-
140737346273536,2572,3,140737346273536-140737346273540-140737346273545-
140737346273568,2626,3,140737346273568-140737346273572-140737346273577-
140737346273680,2080,3,140737346273680-140737346273684-140737346273689-
140737346273984,2699,3,140737346273984-140737346273988-140737346273993-
140737346274192,2442,3,140737346274192-140737346274196-140737346274201-
140737346274400,2383,3,140737346274400-140737346274404-140737346274409-
140737346274704,2456,3,140737346274704-140737346274708-140737346274713-
140737346274720,2933,3,140737346274720-140737346274724-140737346274729-
140737346274928,2525,3,140737346274928-140737346274932-140737346274937-
140737346275296,4175,3,140737346275296-140737346275300-140737346275305-
140737346275360,3286,3,140737346275360-140737346275364-140737346275369-
140737346275472,3102,3,140737346275472-140737346275476-140737346275481-
140737346275568,3781,3,140737346275568-140737346275572-140737346275577-
140737346275808,2479,3,140737346275808-140737346275812-140737346275817-
140737346275904,4182,3,140737346275904-140737346275908-140737346275913-
140737346276032,2566,3,140737346276032-140737346276036-140737346276041-
140737346276224,4948,3,140737346276224-140737346276228-140737346276233-
140737346276272,3927,3,140737346276272-140737346276276-140737346276281-
140737346276304,2534,3,140737346276304-140737346276308-140737346276313-
140737346276400,2749,3,140737346276400-140737346276404-140737346276409-
140737346276432,2060,3,140737346276432-140737346276436-140737346276441-
140737346276448,2438,3,140737346276448-140737346276452-140737346276457-
140737346276816,3964,3,140737346276816-140737346276820-140737346276825-
140737346276992,2676,3,140737346276992-140737346276996-140737346277001-
140737346277024,5391,3,140737346277024-140737346277028-140737346277033-
140737346277376,2415,3,140737346277376-140737346277380-140737346277385-
140737346277440,4563,3,140737346277440-140737346277444-140737346277449-
140737346277968,2765,3,140737346277968-140737346277972-140737346277977-
140737346278208,3483,3,140737346278208-140737346278212-140737346278217-
140737346278352,5293,3,140737346278352-140737346278356-140737346278361-
140737346278480,2997,3,140737346278480-140737346278484-140737346278489-
140737346278560,2843,3,140737346278560-140737346278564-140737346278569-
140737346278624,2499,3,140737346278624-140737346278628-140737346278633-
140737346278944,2954,3,140737346278944-140737346278948-140737346278953-
140737346278960,5010,3,140737346278960-140737346278964-140737346278969-
140737346279072,2105,3,140737346279072-140737346279076-140737346279081-
140737346279120,4968,3,140737346279120-140737346279124-140737346279129-
140737346279200,2795,3,140737346279200-140737346279204-140737346279209-
140737346279440,2648,3,140737346279440-140737346279444-140737346279449-
140737346279712,2849,3,140737346279712-140737346279716-140737346279721-
140737346279744,2503,3,140737346279744-140737346279748-140737346279753-
140737346280048,2528,3,140737346280048-140737346280052-140737346280057-
140737346280080,2988,3,140737346280080-140737346280084-140737346280089-
140737346280320,3790,3,140737346280320-140737346280324-140737346280329-
140737346280384,2874,3,140737346280384-140737346280388-140737346280393-
140737346280688,2777,3,140737346280688-140737346280692-140737346280697-
140737346280768,2903,3,140737346280768-140737346280772-140737346280777-
140737346280832,2865,3,140737346280832-140737346280836-140737346280841-
140737346281024,2672,3,140737346281024-140737346281028-140737346281033-
140737346281040,2406,3,140737346281040-140737346281044-140737346281049-
140737346281280,3803,3,140737346281280-140737346281284-140737346281289-
140737346281360,2488,3,140737346281360-140737346281364-140737346281369-
140737346281584,3713,3,140737346281584-140737346281588-140737346281593-
140737346281744,2836,3,140737346281744-140737346281748-140737346281753-
140737346281776,2463,3,140737346281776-140737346281780-140737346281785-
140737346281920,2839,3,140737346281920-140737346281924-140737346281929-
140737346281968,4197,3,140737346281968-140737346281972-140737346281977-
140737346282368,2856,3,140737346282368-140737346282372-140737346282377-
140737346282480,5298,3,140737346282480-140737346282484-140737346282489-
140737346282640,4191,3,140737346282640-140737346282644-140737346282649-
140737346282784,3910,3,140737346282784-140737346282788-140737346282793-
140737346282976,2544,3,140737346282976-140737346282980-140737346282985-
140737346283248,3818,3,140737346283248-140737346283252-140737346283257-
140737346283376,3006,3,140737346283376-140737346283380-140737346283385-
140737346283408,4920,3,140737346283408-140737346283412-140737346283417-
140737346283680,4167,3,140737346283680-140737346283684-140737346283689-
140737346283952,3777,3,140737346283952-140737346283956-140737346283961-
140737346284144,2725,3,140737346284144-140737346284148-140737346284153-
140737346284384,3478,3,140737346284384-140737346284388-140737346284393-
140737346284672,3330,3,140737346284672-140737346284676-140737346284681-
140737346284704,2958,3,140737346284704-140737346284708-140737346284713-
140737346284976,4911,3,140737346284976-140737346284980-140737346284985-
140737346285008,2859,3,140737346285008-140737346285012-140737346285017-
140737346285312,5024,3,140737346285312-140737346285316-140737346285321-
140737346285376,2741,3,140737346285376-140737346285380-140737346285385-
140737346285552,4186,2,140737346285552-140737346285556-
140737346285648,3889,2,140737346285648-140737346285652-
140737346285664,5373,2,140737346285664-140737346285668-
140737346286272,2923,2,140737346286272-140737346286276-
140737346286368,2969,2,140737346286368-140737346286372-
140737346286400,3933,2,140737346286400-140737346286404-
140737346286496,2893,2,140737346286496-140737346286500-
140737346286512,2513,2,140737346286512-140737346286516-
140737346286800,2820,2,140737346286800-140737346286804-
140737346286832,2402,2,140737346286832-140737346286836-
140737346287024,4567,2,140737346287024-140737346287028-
140737346287456,2714,2,140737346287456-140737346287460-
140737346287584,2914,2,140737346287584-140737346287588-
140737346287776,2520,2,140737346287776-140737346287780-
140737346287952,3736,2,140737346287952-140737346287956-
140737346288000,2631,2,140737346288000-140737346288004-
140737346288048,2686,2,140737346288048-140737346288052-
140737346288080,3047,2,140737346288080-140737346288084-
140737346288336,3884,2,140737346288336-140737346288340-
140737346288656,2978,2,140737346288656-140737346288660-
140737346288944,2658,2,140737346288944-140737346288948-
140737346289072,3930,2,140737346289072-140737346289076-
140737346289200,5384,2,140737346289200-140737346289204-
140737346289360,3939,2,140737346289360-140737346289364-
140737346289392,2122,2,140737346289392-140737346289396-
140737346289424,3807,2,140737346289424-140737346289428-
140737346289616,2829,2,140737346289616-140737346289620-
140737346289680,2115,2,140737346289680-140737346289684-
140737346289744,2960,2,140737346289744-140737346289748-
140737346289840,2398,2,140737346289840-140737346289844-
140737346289888,2389,2,140737346289888-140737346289892-
140737346289920,4048,2,140737346289920-140737346289924-
140737346290112,2411,2,140737346290112-140737346290116-
140737346290208,2100,2,140737346290208-140737346290212-
140737346290240,2571,2,140737346290240-140737346290244-
140737346290272,2625,2,140737346290272-140737346290276-
140737346290384,2079,2,140737346290384-140737346290388-
140737346290688,2698,2,140737346290688-140737346290692-
140737346290896,2441,2,140737346290896-140737346290900-
140737346291104,2382,2,140737346291104-140737346291108-
140737346291408,2455,2,140737346291408-140737346291412-
140737346291424,2932,2,140737346291424-140737346291428-
140737346291632,2524,2,140737346291632-140737346291636-
140737346292000,4174,2,140737346292000-140737346292004-
140737346292064,3285,2,140737346292064-140737346292068-
140737346292176,3101,2,140737346292176-140737346292180-
140737346292272,3780,2,140737346292272-140737346292276-
140737346292512,2478,2,140737346292512-140737346292516-
140737346292608,4181,2,140737346292608-140737346292612-
140737346292736,2565,2,140737346292736-140737346292740-
140737346292928,4947,2,140737346292928-140737346292932-
140737346292976,3926,2,140737346292976-140737346292980-
140737346293008,2533,2,140737346293008-140737346293012-
140737346293104,2748,2,140737346293104-140737346293108-
140737346293136,2059,2,140737346293136-140737346293140-
140737346293152,2437,2,140737346293152-140737346293156-
140737346293520,3963,2,140737346293520-140737346293524-
140737346293696,2675,2,140737346293696-140737346293700-
140737346293728,5390,2,140737346293728-140737346293732-
140737346294080,2414,2,140737346294080-140737346294084-
140737346294144,4562,2,140737346294144-140737346294148-
140737346294672,2764,2,140737346294672-140737346294676-
140737346294912,3482,2,140737346294912-140737346294916-
140737346295056,5292,2,140737346295056-140737346295060-
140737346295184,2996,2,140737346295184-140737346295188-
140737346295264,2842,2,140737346295264-140737346295268-
140737346295328,2498,2,140737346295328-140737346295332-
140737346295648,2953,2,140737346295648-140737346295652-
140737346295664,5009,2,140737346295664-140737346295668-
140737346295776,2104,2,140737346295776-140737346295780-
140737346295824,4967,2,140737346295824-140737346295828-
140737346295904,2794,2,140737346295904-140737346295908-
140737346296144,2647,2,140737346296144-140737346296148-
140737346296416,2848,2,140737346296416-140737346296420-
140737346296448,2502,2,140737346296448-140737346296452-
140737346296752,2527,2,140737346296752-140737346296756-
140737346296784,2987,2,140737346296784-140737346296788-
140737346297024,3789,2,140737346297024-140737346297028-
140737346297088,2873,2,140737346297088-140737346297092-
140737346297392,2776,2,140737346297392-140737346297396-
140737346297472,2902,2,140737346297472-140737346297476-
140737346297536,2864,2,140737346297536-140737346297540-
140737346297728,2671,2,140737346297728-140737346297732-
140737346297744,2405,2,140737346297744-140737346297748-
140737346297984,3802,2,140737346297984-140737346297988-
140737346298064,2487,2,140737346298064-140737346298068-
140737346298288,3712,2,140737346298288-140737346298292-
140737346298448,2835,2,140737346298448-140737346298452-
140737346298480,2462,2,140737346298480-140737346298484-
140737346298624,2838,2,140737346298624-140737346298628-
140737346298672,4196,2,140737346298672-140737346298676-
140737346299072,2855,2,140737346299072-140737346299076-
140737346299184,5297,2,140737346299184-140737346299188-
140737346299344,4190,2,140737346299344-140737346299348-
140737346299488,3909,2,140737346299488-140737346299492-
140737346299680,2543,2,140737346299680-140737346299684-
140737346299952,3817,2,140737346299952-140737346299956-
140737346300080,3005,2,140737346300080-140737346300084-
140737346300112,4919,2,140737346300112-140737346300116-
140737346300384,4166,2,140737346300384-140737346300388-
140737346300656,3776,2,140737346300656-140737346300660-
140737346300848,2724,2,140737346300848-140737346300852-
140737346301088,3477,2,140737346301088-140737346301092-
140737346301376,3329,2,140737346301376-140737346301380-
140737346301408,2957,2,140737346301408-140737346301412-
140737346301680,4910,2,140737346301680-140737346301684-
140737346301712,2858,2,140737346301712-140737346301716-
140737346302016,5023,2,140737346302016-140737346302020-
140737346302080,2740,2,140737346302080-140737346302084-
140737346337152,2058,6,140737346337152-140737346337156-140737346337157-140737346337164-140737346337175-140737346337178-
140737346337183,2078,7,140737346337183-140737346337186-140737346337193-140737346337200-140737346337207-140737346337214-140737346337221-
140737346337226,2094,3,140737346337226-140737346337229-140737346337240-
140737346337245,2095,7,140737346337245-140737346337252-140737346337255-140737346337256-140737346337263-140737346337270-140737346337277-
140737346337296,2099,3,140737346337296-140737346337300-140737346337304-
140737346337309,2120,4,140737346337309-140737346337316-140737346337319-140737346337323-
140737346337328,2121,9,140737346337328-140737346337332-140737346337336-140737346337340-140737346337345-140737346337356-140737346337367-140737346337374-140737346337381-
140737346337386,2291,3,140737346337386-140737346337393-140737346337396-
140737346337398,2292,5,140737346337398-140737346337405-140737346337412-140737346337420-140737346337424-
140737346337456,2293,4,140737346337456-140737346337460-140737346337467-140737346337470-
140737346337472,2294,8,140737346337472-140737346337475-140737346337482-140737346337489-140737346337497-140737346337505-140737346337512-140737346337515-
140737346337517,2296,3,140737346337517-140737346337524-140737346337527-
140737346337529,2297,4,140737346337529-140737346337536-140737346337539-140737346337544-
140737346337546,2298,1,140737346337546-
140737346337548,2299,3,140737346337548-140737346337555-140737346337558-
140737346337560,2300,8,140737346337560-140737346337563-140737346337570-140737346337577-140737346337585-140737346337593-140737346337600-140737346337603-
140737346337605,2302,3,140737346337605-140737346337612-140737346337615-
140737346337617,2303,4,140737346337617-140737346337624-140737346337627-140737346337632-
140737346337634,2304,1,140737346337634-
140737346337636,2305,1,140737346337636-
140737346337637,2295,7,140737346337637-140737346337640-140737346337647-140737346337654-140737346337657-140737346337665-140737346337673-
140737346337678,2301,7,140737346337678-140737346337681-140737346337688-140737346337695-140737346337698-140737346337706-140737346337714-
140737346337728,2306,52,140737346337728-140737346337732-140737346337742-140737346337753-140737346337760-140737346337767-140737346337774-140737346337785-140737346337792-140737346337802-140737346337809-140737346337819-140737346337826-140737346337836-140737346337847-140737346337858-140737346337869-140737346337880-140737346337891-140737346337902-140737346337913-140737346337924-140737346337935-140737346337946-140737346337957-140737346337968-140737346337979-140737346337990-140737346338001-140737346338012-140737346338023-140737346338034-140737346338045-140737346338056-140737346338067-140737346338078-140737346338089-140737346338100-140737346338111-140737346338118-140737346338128-140737346338139-140737346338150-140737346338161-140737346338172-140737346338183-140737346338194-140737346338205-140737346338212-140737346338223-140737346338234-140737346338244-
140737346338256,2307,6,140737346338256-140737346338260-140737346338264-140737346338271-140737346338278-140737346338285-
140737346338290,2308,5,140737346338290-140737346338297-140737346338304-140737346338308-140737346338315-
140737346338320,2309,4,140737346338320-140737346338324-140737346338331-140737346338334-
140737346338336,2310,4,140737346338336-140737346338339-140737346338346-140737346338349-
140737346338351,2311,4,140737346338351-140737346338354-140737346338361-140737346338364-
140737346338366,2312,4,140737346338366-140737346338369-140737346338376-140737346338379-
140737346338381,2313,4,140737346338381-140737346338384-140737346338391-140737346338394-
140737346338396,2314,4,140737346338396-140737346338399-140737346338406-140737346338409-
140737346338411,2315,4,140737346338411-140737346338414-140737346338421-140737346338424-
140737346338426,2316,4,140737346338426-140737346338429-140737346338436-140737346338439-
140737346338441,2317,2,140737346338441-140737346338444-
140737346338448,2318,4,140737346338448-140737346338452-140737346338459-140737346338462-
140737346338464,2319,4,140737346338464-140737346338467-140737346338474-140737346338477-
140737346338479,2320,4,140737346338479-140737346338482-140737346338489-140737346338492-
140737346338494,2321,4,140737346338494-140737346338497-140737346338504-140737346338507-
140737346338509,2322,4,140737346338509-140737346338512-140737346338519-140737346338522-
140737346338524,2323,4,140737346338524-140737346338527-140737346338534-140737346338537-
140737346338539,2324,4,140737346338539-140737346338542-140737346338549-140737346338552-
140737346338554,2325,4,140737346338554-140737346338557-140737346338564-140737346338567-
140737346338569,2326,2,140737346338569-140737346338572-
140737346338576,2327,4,140737346338576-140737346338580-140737346338587-140737346338590-
140737346338592,2328,4,140737346338592-140737346338595-140737346338602-140737346338605-
140737346338607,2329,4,140737346338607-140737346338610-140737346338617-140737346338620-
140737346338622,2330,4,140737346338622-140737346338625-140737346338632-140737346338635-
140737346338637,2331,4,140737346338637-140737346338640-140737346338647-140737346338650-
140737346338652,2332,4,140737346338652-140737346338655-140737346338662-140737346338665-
140737346338667,2333,4,140737346338667-140737346338670-140737346338677-140737346338680-
140737346338682,2334,4,140737346338682-140737346338685-140737346338692-140737346338695-
140737346338697,2335,4,140737346338697-140737346338700-140737346338707-140737346338710-
140737346338712,2336,4,140737346338712-140737346338715-140737346338722-140737346338725-
140737346338727,2337,4,140737346338727-140737346338730-140737346338737-140737346338740-
140737346338742,2338,4,140737346338742-140737346338745-140737346338752-140737346338755-
140737346338757,2339,2,140737346338757-140737346338760-
140737346338768,2340,4,140737346338768-140737346338772-140737346338779-140737346338782-
140737346338784,2341,4,140737346338784-140737346338787-140737346338794-140737346338797-
140737346338799,2342,4,140737346338799-140737346338802-140737346338809-140737346338812-
140737346338814,2343,4,140737346338814-140737346338817-140737346338824-140737346338827-
140737346338829,2344,4,140737346338829-140737346338832-140737346338839-140737346338842-
140737346338844,2345,4,140737346338844-140737346338847-140737346338854-140737346338857-
140737346338859,2346,4,140737346338859-140737346338862-140737346338869-140737346338872-
140737346338874,2347,4,140737346338874-140737346338877-140737346338884-140737346338887-
140737346338889,2348,4,140737346338889-140737346338892-140737346338899-140737346338902-
140737346338904,2349,4,140737346338904-140737346338907-140737346338914-140737346338917-
140737346338919,2350,4,140737346338919-140737346338922-140737346338929-140737346338932-
140737346338934,2351,4,140737346338934-140737346338937-140737346338944-140737346338947-
140737346338949,2352,2,140737346338949-140737346338952-
140737346338960,2353,6,140737346338960-140737346338964-140737346338968-140737346338975-140737346338982-140737346338989-
140737346338994,2354,4,140737346338994-140737346339001-140737346339008-140737346339015-
140737346339020,2355,5,140737346339020-140737346339027-140737346339034-140737346339038-140737346339045-
140737346339056,5396,4,140737346339056-140737346339063-140737346339070-140737346339073-
140737346339096,5397,1,140737346339096-
140737346339104,2056,9,140737346339104-140737346339111-140737346339118-140737346339121-140737346339124-140737346339128-140737346339132-140737346339135-140737346339138-
140737346339160,2057,1,140737346339160-
140737346339168,5370,3,140737346339168-140737346339172-140737346339179-
140737346339181,5371,4,140737346339181-140737346339182-140737346339190-140737346339193-
140737346339195,5372,2,140737346339195-140737346339202-
140737346339207,5395,1,140737346339207-
140737346339212,5398,3,140737346339212-140737346339219-140737346339220-
140737346339232,2055,2,140737346339232-140737346339236-
140737346343424,2077,5,140737346343424-140737346343428-140737346343435-140737346343439-140737346343442-
140737346343456,5392,2,140737346343456-140737346343460-
140737346343472,5389,4,140737346343472-140737346343476-140737346343483-140737346343486-
140737346343536,5393,4,140737346343536-140737346343540-140737346343547-140737346343550-
140737346346336,3284,2,140737346346336-140737346346340-
140737346346384,4047,2,140737346346384-140737346346388-
140737346346432,2866,20,140737346346432-140737346346436-140737346346438-140737346346440-140737346346441-140737346346442-140737346346445-140737346346449-140737346346458-140737346346463-140737346346466-140737346346470-140737346346473-140737346346477-140737346346485-140737346346495-140737346346500-140737346346503-140737346346512-140737346346516-
140737346346518,2867,12,140737346346518-140737346346521-140737346346524-140737346346527-140737346346530-140737346346531-140737346346534-140737346346537-140737346346542-140737346346543-140737346346546-140737346346549-
140737346346552,2886,6,140737346346552-140737346346557-140737346346558-140737346346559-140737346346562-140737346346565-
140737346346567,2887,5,140737346346567-140737346346571-140737346346573-140737346346576-140737346346579-
140737346346613,2888,3,140737346346613-140737346346618-140737346346627-
140737346346629,2889,6,140737346346629-140737346346633-140737346346634-140737346346635-140737346346637-140737346346639-
140737346353168,2106,4,140737346353168-140737346353172-140737346353175-140737346353177-
140737346353179,2107,6,140737346353179-140737346353180-140737346353181-140737346353184-140737346353188-140737346353196-
140737346353211,2111,5,140737346353211-140737346353215-140737346353220-140737346353221-140737346353222-
140737346353240,2108,2,140737346353240-140737346353243-
140737346353245,2109,2,140737346353245-140737346353249-
140737346353255,2110,2,140737346353255-140737346353259-
140737346353424,2117,3,140737346353424-140737346353428-140737346353436-
140737346353456,2118,3,140737346353456-140737346353460-140737346353463-
140737346353936,3049,7,140737346353936-140737346353940-140737346353941-140737346353944-140737346353949-140737346353953-140737346353956-
140737346353961,3065,2,140737346353961-140737346353964-
140737346353966,3066,2,140737346353966-140737346353967-
140737346354032,3890,2,140737346354032-140737346354036-
140737346355648,2908,18,140737346355648-140737346355652-140737346355654-140737346355656-140737346355659-140737346355661-140737346355664-140737346355666-140737346355669-140737346355670-140737346355671-140737346355674-140737346355678-140737346355682-140737346355687-140737346355692-140737346355697-140737346355700-
140737346355766,2909,4,140737346355766-140737346355769-140737346355773-140737346355776-
140737346355782,2910,15,140737346355782-140737346355785-140737346355787-140737346355790-140737346355793-140737346355797-140737346355800-140737346355804-140737346355806-140737346355807-140737346355808-140737346355810-140737346355812-140737346355814-140737346355816-
140737346358000,2868,22,140737346358000-140737346358004-140737346358006-140737346358009-140737346358011-140737346358014-140737346358016-140737346358019-140737346358021-140737346358022-140737346358023-140737346358027-140737346358035-140737346358039-140737346358044-140737346358052-140737346358057-140737346358062-140737346358071-140737346358076-140737346358078-140737346358082-
140737346358084,2869,5,140737346358084-140737346358087-140737346358090-140737346358094-140737346358099-
140737346358145,2883,5,140737346358145-140737346358149-140737346358152-140737346358155-140737346358158-
140737346358164,2884,11,140737346358164-140737346358166-140737346358170-140737346358175-140737346358180-140737346358183-140737346358187-140737346358190-140737346358192-140737346358197-140737346358206-
140737346358212,2885,9,140737346358212-140737346358217-140737346358221-140737346358222-140737346358223-140737346358225-140737346358227-140737346358229-140737346358231-
140737346358240,2870,4,140737346358240-140737346358245-140737346358249-140737346358252-
140737346358258,2871,2,140737346358258-140737346358262-
140737346359440,2872,2,140737346359440-140737346359443-
140737346359448,2880,2,140737346359448-140737346359450-
140737346359452,2881,4,140737346359452-140737346359457-140737346359461-140737346359464-
140737346359470,2882,1,140737346359470-
140737346407600,3923,3,140737346407600-140737346407604-140737346407609-
140737346407936,2457,13,140737346407936-140737346407940-140737346407942-140737346407944-140737346407945-140737346407948-140737346407952-140737346407955-140737346407958-140737346407961-140737346407968-140737346407972-140737346407975-
140737346407980,2459,5,140737346407980-140737346407984-140737346407988-140737346407989-140737346407991-
140737346408080,2627,13,140737346408080-140737346408084-140737346408086-140737346408088-140737346408089-140737346408092-140737346408096-140737346408099-140737346408102-140737346408105-140737346408112-140737346408116-140737346408119-
140737346408124,2628,5,140737346408124-140737346408128-140737346408132-140737346408133-140737346408135-
140737346420992,2379,11,140737346420992-140737346420996-140737346420998-140737346421000-140737346421002-140737346421004-140737346421005-140737346421006-140737346421010-140737346421018-140737346421025-
140737346421027,2380,5,140737346421027-140737346421031-140737346421034-140737346421038-140737346421040-
140737346421079,2381,15,140737346421079-140737346421086-140737346421093-140737346421104-140737346421115-140737346421118-140737346421125-140737346421136-140737346421147-140737346421150-140737346421157-140737346421168-140737346421179-140737346421183-140737346421190-
140737346421195,2825,16,140737346421195-140737346421202-140737346421209-140737346421216-140737346421223-140737346421233-140737346421237-140737346421244-140737346421251-140737346421262-140737346421265-140737346421276-140737346421287-140737346421298-140737346421309-140737346421320-
140737346421325,2827,14,140737346421325-140737346421332-140737346421339-140737346421346-140737346421353-140737346421356-140737346421363-140737346421373-140737346421384-140737346421395-140737346421406-140737346421417-140737346421428-140737346421439-
140737346421444,2828,6,140737346421444-140737346421451-140737346421458-140737346421465-140737346421475-140737346421479-
140737346421484,2834,15,140737346421484-140737346421491-140737346421493-140737346421497-140737346421504-140737346421511-140737346421522-140737346421526-140737346421530-140737346421534-140737346421545-140737346421556-140737346421567-140737346421578-140737346421582-
140737346421587,2942,3,140737346421587-140737346421594-140737346421599-
140737346421604,2943,16,140737346421604-140737346421611-140737346421613-140737346421625-140737346421634-140737346421641-140737346421646-140737346421658-140737346421662-140737346421666-140737346421678-140737346421690-140737346421702-140737346421706-140737346421711-140737346421720-
140737346421725,2944,3,140737346421725-140737346421732-140737346421736-
140737346421741,2945,14,140737346421741-140737346421745-140737346421747-140737346421751-140737346421754-140737346421758-140737346421765-140737346421776-140737346421783-140737346421794-140737346421805-140737346421816-140737346421827-140737346421831-
140737346421836,2946,3,140737346421836-140737346421843-140737346421847-
140737346421852,2947,14,140737346421852-140737346421854-140737346421861-140737346421872-140737346421880-140737346421884-140737346421888-140737346421891-140737346421895-140737346421906-140737346421917-140737346421928-140737346421939-140737346421943-
140737346421948,2948,16,140737346421948-140737346421955-140737346421962-140737346421969-140737346421977-140737346421984-140737346421987-140737346421994-140737346422005-140737346422016-140737346422027-140737346422031-140737346422038-140737346422049-140737346422060-140737346422071-
140737346422076,2949,16,140737346422076-140737346422083-140737346422090-140737346422097-140737346422104-140737346422114-140737346422118-140737346422125-140737346422132-140737346422143-140737346422146-140737346422157-140737346422168-140737346422179-140737346422190-140737346422201-
140737346422206,2950,14,140737346422206-140737346422213-140737346422220-140737346422227-140737346422234-140737346422237-140737346422244-140737346422254-140737346422265-140737346422276-140737346422287-140737346422298-140737346422309-140737346422320-
140737346422325,2951,6,140737346422325-140737346422332-140737346422339-140737346422346-140737346422356-140737346422360-
140737346422365,2952,15,140737346422365-140737346422372-140737346422379-140737346422386-140737346422397-140737346422401-140737346422411-140737346422415-140737346422419-140737346422423-140737346422434-140737346422445-140737346422456-140737346422467-140737346422471-
140737346422476,3015,3,140737346422476-140737346422483-140737346422488-
140737346422493,3016,16,140737346422493-140737346422500-140737346422505-140737346422517-140737346422526-140737346422533-140737346422545-140737346422549-140737346422553-140737346422565-140737346422577-140737346422589-140737346422601-140737346422605-140737346422610-140737346422619-
140737346422624,3017,3,140737346422624-140737346422631-140737346422635-
140737346422640,3018,14,140737346422640-140737346422644-140737346422651-140737346422658-140737346422661-140737346422665-140737346422669-140737346422680-140737346422690-140737346422701-140737346422712-140737346422723-140737346422734-140737346422738-
140737346422743,3019,3,140737346422743-140737346422750-140737346422754-
140737346422759,3020,14,140737346422759-140737346422763-140737346422770-140737346422781-140737346422784-140737346422788-140737346422792-140737346422803-140737346422811-140737346422822-140737346422833-140737346422844-140737346422855-140737346422859-
140737346422864,3021,5,140737346422864-140737346422871-140737346422879-140737346422887-140737346422894-
140737346422896,3022,9,140737346422896-140737346422901-140737346422905-140737346422906-140737346422907-140737346422909-140737346422911-140737346422913-140737346422915-
140737346423040,5289,4,140737346423040-140737346423044-140737346423052-140737346423059-
140737346423061,5290,5,140737346423061-140737346423063-140737346423066-140737346423068-140737346423071-
140737346423094,5291,3,140737346423094-140737346423098-140737346423105-
140737346423110,5294,2,140737346423110-140737346423117-
140737346423122,5295,2,140737346423122-140737346423129-
140737346423134,5296,2,140737346423134-140737346423141-
140737346423146,5304,2,140737346423146-140737346423153-
140737346423158,5305,2,140737346423158-140737346423165-
140737346423170,5306,2,140737346423170-140737346423174-
140737346423840,2840,14,140737346423840-140737346423844-140737346423845-140737346423846-140737346423849-140737346423853-140737346423862-140737346423867-140737346423869-140737346423877-140737346423880-140737346423888-140737346423895-140737346423898-
140737346423903,2841,3,140737346423903-140737346423910-140737346423913-
140737346423918,2847,2,140737346423918-140737346423921-
140737346423926,2852,3,140737346423926-140737346423931-140737346423940-
140737346423942,2853,4,140737346423942-140737346423946-140737346423947-140737346423948-
140737346425456,2410,5,140737346425456-140737346425460-140737346425467-140737346425474-140737346425476-
140737346425536,2822,3,140737346425536-140737346425540-140737346425543-
140737346426848,2407,4,140737346426848-140737346426852-140737346426860-140737346426861-
140737346426892,2458,2,140737346426892-140737346426893-
140737346426896,2408,4,140737346426896-140737346426903-140737346426906-140737346426909-
140737346426911,2409,1,140737346426911-
140737346426916,2428,3,140737346426916-140737346426919-140737346426920-
140737346426928,2400,3,140737346426928-140737346426932-140737346426939-
140737346427440,2844,9,140737346427440-140737346427444-140737346427445-140737346427448-140737346427452-140737346427459-140737346427462-140737346427465-140737346427468-
140737346427483,2845,3,140737346427483-140737346427486-140737346427489-
140737346427515,2846,5,140737346427515-140737346427518-140737346427521-140737346427525-140737346427526-
140737346427616,2850,6,140737346427616-140737346427620-140737346427627-140737346427628-140737346427631-140737346427634-
140737346427660,2851,2,140737346427660-140737346427661-
140737346428176,2443,4,140737346428176-140737346428180-140737346428183-140737346428186-
140737346428188,2444,2,140737346428188-140737346428196-
140737346428228,2802,2,140737346428228-140737346428232-
140737346428240,2445,8,140737346428240-140737346428247-140737346428249-140737346428252-140737346428254-140737346428256-140737346428259-140737346428263-
140737346428272,2439,3,140737346428272-140737346428276-140737346428279-
140737346428285,2440,11,140737346428285-140737346428287-140737346428289-140737346428291-140737346428293-140737346428296-140737346428297-140737346428298-140737346428301-140737346428304-140737346428308-
140737346428313,2446,5,140737346428313-140737346428316-140737346428320-140737346428324-140737346428327-
140737346428597,2447,3,140737346428597-140737346428604-140737346428607-
140737346428613,2448,6,140737346428613-140737346428619-140737346428623-140737346428627-140737346428630-140737346428633-
140737346428855,2449,3,140737346428855-140737346428860-140737346428863-
140737346428869,2450,4,140737346428869-140737346428873-140737346428875-140737346428882-
140737346428900,2452,3,140737346428900-140737346428904-140737346428908-
140737346428910,2451,4,140737346428910-140737346428914-140737346428922-140737346428925-
140737346429008,2453,8,140737346429008-140737346429012-140737346429013-140737346429014-140737346429016-140737346429018-140737346429020-140737346429022-
140737346430160,2391,20,140737346430160-140737346430164-140737346430166-140737346430173-140737346430178-140737346430180-140737346430182-140737346430184-140737346430185-140737346430186-140737346430189-140737346430193-140737346430202-140737346430207-140737346430209-140737346430211-140737346430219-140737346430222-140737346430226-140737346430233-
140737346430237,2392,1,140737346430237-
140737346430240,2393,3,140737346430240-140737346430243-140737346430248-
140737346430255,2394,1,140737346430255-
140737346430258,2395,2,140737346430258-140737346430261-
140737346430266,2396,1,140737346430266-
140737346430269,2397,5,140737346430269-140737346430273-140737346430277-140737346430284-140737346430291-
140737346430296,2401,7,140737346430296-140737346430301-140737346430303-140737346430305-140737346430308-140737346430315-140737346430322-
140737346430327,2436,4,140737346430327-140737346430334-140737346430341-140737346430344-
140737346430349,2454,3,140737346430349-140737346430354-140737346430361-
140737346430366,2460,4,140737346430366-140737346430373-140737346430380-140737346430383-
140737346430388,2461,23,140737346430388-140737346430395-140737346430402-140737346430404-140737346430406-140737346430413-140737346430423-140737346430427-140737346430434-140737346430441-140737346430448-140737346430459-140737346430463-140737346430474-140737346430485-140737346430496-140737346430507-140737346430518-140737346430525-140737346430532-140737346430542-140737346430549-140737346430556-
140737346430561,2472,4,140737346430561-140737346430568-140737346430575-140737346430578-
140737346430583,2473,8,140737346430583-140737346430590-140737346430597-140737346430604-140737346430607-140737346430617-140737346430621-140737346430628-
140737346430633,2474,8,140737346430633-140737346430640-140737346430647-140737346430654-140737346430657-140737346430667-140737346430671-140737346430678-
140737346430683,2475,5,140737346430683-140737346430690-140737346430700-140737346430704-140737346430711-
140737346430716,2476,5,140737346430716-140737346430723-140737346430730-140737346430733-140737346430740-
140737346430745,2477,28,140737346430745-140737346430752-140737346430754-140737346430761-140737346430763-140737346430770-140737346430772-140737346430779-140737346430783-140737346430793-140737346430800-140737346430807-140737346430818-140737346430822-140737346430833-140737346430840-140737346430851-140737346430862-140737346430873-140737346430884-140737346430895-140737346430906-140737346430917-140737346430927-140737346430934-140737346430944-140737346430951-140737346430958-
140737346430963,2485,4,140737346430963-140737346430970-140737346430977-140737346430980-
140737346430985,2486,28,140737346430985-140737346430992-140737346430999-140737346431001-140737346431003-140737346431010-140737346431020-140737346431024-140737346431031-140737346431038-140737346431040-140737346431047-140737346431054-140737346431065-140737346431069-140737346431080-140737346431091-140737346431102-140737346431113-140737346431124-140737346431135-140737346431146-140737346431157-140737346431167-140737346431174-140737346431184-140737346431191-140737346431198-
140737346431203,2494,4,140737346431203-140737346431210-140737346431217-140737346431220-
140737346431225,2495,8,140737346431225-140737346431232-140737346431239-140737346431246-140737346431249-140737346431259-140737346431263-140737346431270-
140737346431275,2496,8,140737346431275-140737346431282-140737346431289-140737346431296-140737346431299-140737346431309-140737346431313-140737346431320-
140737346431325,2497,56,140737346431325-140737346431332-140737346431337-140737346431344-140737346431351-140737346431361-140737346431372-140737346431376-140737346431383-140737346431394-140737346431405-140737346431416-140737346431427-140737346431438-140737346431449-140737346431460-140737346431471-140737346431482-140737346431493-140737346431504-140737346431515-140737346431526-140737346431537-140737346431548-140737346431559-140737346431570-140737346431581-140737346431592-140737346431603-140737346431614-140737346431625-140737346431636-140737346431647-140737346431658-140737346431669-140737346431680-140737346431691-140737346431702-140737346431713-140737346431724-140737346431735-140737346431746-140737346431757-140737346431768-140737346431779-140737346431790-140737346431801-140737346431812-140737346431823-140737346431834-140737346431845-140737346431856-140737346431867-140737346431878-140737346431889-140737346431896-
140737346431901,2509,4,140737346431901-140737346431908-140737346431915-140737346431918-
140737346431923,2510,8,140737346431923-140737346431930-140737346431937-140737346431944-140737346431947-140737346431957-140737346431961-140737346431968-
140737346431973,2511,8,140737346431973-140737346431980-140737346431987-140737346431994-140737346431997-140737346432007-140737346432011-140737346432018-
140737346432023,2512,3,140737346432023-140737346432028-140737346432035-
140737346432040,2518,4,140737346432040-140737346432047-140737346432054-140737346432057-
140737346432062,2519,3,140737346432062-140737346432067-140737346432074-
140737346432079,2623,4,140737346432079-140737346432086-140737346432093-140737346432096-
140737346432101,2624,3,140737346432101-140737346432106-140737346432113-
140737346432118,2629,4,140737346432118-140737346432125-140737346432132-140737346432135-
140737346432140,2630,22,140737346432140-140737346432147-140737346432154-140737346432156-140737346432163-140737346432173-140737346432177-140737346432184-140737346432191-140737346432198-140737346432209-140737346432213-140737346432224-140737346432235-140737346432246-140737346432257-140737346432268-140737346432279-140737346432286-140737346432296-140737346432303-140737346432310-
140737346432315,2641,4,140737346432315-140737346432322-140737346432329-140737346432332-
140737346432337,2642,8,140737346432337-140737346432344-140737346432351-140737346432358-140737346432361-140737346432371-140737346432375-140737346432382-
140737346432387,2643,8,140737346432387-140737346432394-140737346432401-140737346432408-140737346432411-140737346432421-140737346432425-140737346432432-
140737346432437,2644,5,140737346432437-140737346432444-140737346432454-140737346432458-140737346432465-
140737346432470,2645,5,140737346432470-140737346432477-140737346432484-140737346432487-140737346432494-
140737346432499,2646,27,140737346432499-140737346432506-140737346432513-140737346432515-140737346432517-140737346432524-140737346432534-140737346432538-140737346432545-140737346432552-140737346432559-140737346432570-140737346432574-140737346432585-140737346432596-140737346432607-140737346432618-140737346432629-140737346432640-140737346432651-140737346432662-140737346432673-140737346432683-140737346432690-140737346432700-140737346432707-140737346432714-
140737346432719,2656,4,140737346432719-140737346432726-140737346432733-140737346432736-
140737346432741,2657,27,140737346432741-140737346432748-140737346432750-140737346432752-140737346432759-140737346432769-140737346432773-140737346432780-140737346432787-140737346432794-140737346432805-140737346432809-140737346432820-140737346432827-140737346432834-140737346432845-140737346432856-140737346432867-140737346432878-140737346432889-140737346432900-140737346432911-140737346432922-140737346432932-140737346432939-140737346432949-140737346432956-
140737346432961,2667,4,140737346432961-140737346432968-140737346432975-140737346432978-
140737346432983,2668,8,140737346432983-140737346432990-140737346432997-140737346433004-140737346433007-140737346433017-140737346433021-140737346433028-
140737346433033,2669,8,140737346433033-140737346433040-140737346433047-140737346433054-140737346433057-140737346433067-140737346433071-140737346433078-
140737346433083,2670,56,140737346433083-140737346433090-140737346433095-140737346433102-140737346433109-140737346433119-140737346433130-140737346433134-140737346433141-140737346433152-140737346433163-140737346433174-140737346433185-140737346433196-140737346433207-140737346433218-140737346433229-140737346433240-140737346433251-140737346433262-140737346433273-140737346433284-140737346433295-140737346433306-140737346433317-140737346433328-140737346433339-140737346433350-140737346433361-140737346433372-140737346433383-140737346433394-140737346433405-140737346433416-140737346433427-140737346433438-140737346433449-140737346433460-140737346433471-140737346433482-140737346433493-140737346433504-140737346433515-140737346433526-140737346433537-140737346433548-140737346433559-140737346433570-140737346433581-140737346433592-140737346433603-140737346433614-140737346433625-140737346433636-140737346433647-140737346433654-
140737346433659,2682,4,140737346433659-140737346433666-140737346433673-140737346433676-
140737346433681,2683,8,140737346433681-140737346433688-140737346433695-140737346433702-140737346433705-140737346433715-140737346433719-140737346433726-
140737346433731,2684,8,140737346433731-140737346433738-140737346433745-140737346433752-140737346433755-140737346433765-140737346433769-140737346433776-
140737346433781,2685,3,140737346433781-140737346433786-140737346433793-
140737346433798,2691,4,140737346433798-140737346433805-140737346433812-140737346433815-
140737346433820,2692,8,140737346433820-140737346433827-140737346433834-140737346433841-140737346433844-140737346433854-140737346433858-140737346433865-
140737346433870,2693,8,140737346433870-140737346433877-140737346433884-140737346433891-140737346433894-140737346433904-140737346433908-140737346433915-
140737346433920,2694,8,140737346433920-140737346433927-140737346433934-140737346433941-140737346433944-140737346433954-140737346433958-140737346433965-
140737346433970,2695,8,140737346433970-140737346433977-140737346433984-140737346433991-140737346433994-140737346434004-140737346434008-140737346434015-
140737346434020,2696,10,140737346434020-140737346434027-140737346434032-140737346434035-140737346434040-140737346434045-140737346434050-140737346434055-140737346434060-140737346434065-
140737346434070,2809,4,140737346434070-140737346434074-140737346434081-140737346434086-
140737346434091,2810,5,140737346434091-140737346434096-140737346434103-140737346434107-140737346434111-
140737346434116,2811,4,140737346434116-140737346434123-140737346434127-140737346434131-
140737346434136,2812,4,140737346434136-140737346434143-140737346434147-140737346434151-
140737346434156,2813,5,140737346434156-140737346434163-140737346434170-140737346434175-140737346434179-
140737346434184,2814,4,140737346434184-140737346434191-140737346434196-140737346434200-
140737346434205,2815,4,140737346434205-140737346434212-140737346434216-140737346434220-
140737346434225,2816,5,140737346434225-140737346434232-140737346434239-140737346434243-140737346434248-
140737346434253,2817,5,140737346434253-140737346434260-140737346434264-140737346434269-140737346434278-
140737346434280,2818,8,140737346434280-140737346434284-140737346434285-140737346434286-140737346434288-140737346434290-140737346434292-140737346434294-
140737346434448,2388,5,140737346434448-140737346434452-140737346434456-140737346434461-140737346434468-
140737346434473,2819,8,140737346434473-140737346434480-140737346434487-140737346434494-140737346434497-140737346434504-140737346434507-140737346434511-
140737346434528,2385,3,140737346434528-140737346434532-140737346434540-
140737346434592,2386,3,140737346434592-140737346434599-140737346434603-
140737346434605,2826,1,140737346434605-
140737346434624,2387,1,140737346434624-
140737346434640,2384,7,140737346434640-140737346434644-140737346434646-140737346434647-140737346434648-140737346434651-140737346434658-
140737346434663,2823,6,140737346434663-140737346434670-140737346434677-140737346434681-140737346434684-140737346434687-
140737346434772,2824,4,140737346434772-140737346434773-140737346434774-140737346434776-
140737346466192,2726,12,140737346466192-140737346466196-140737346466198-140737346466200-140737346466202-140737346466204-140737346466205-140737346466208-140737346466209-140737346466212-140737346466216-140737346466221-
140737346466227,2727,2,140737346466227-140737346466230-
140737346466752,2728,31,140737346466752-140737346466756-140737346466763-140737346466767-140737346466771-140737346466775-140737346466779-140737346466783-140737346466787-140737346466791-140737346466795-140737346466802-140737346466810-140737346466812-140737346466816-140737346466824-140737346466832-140737346466840-140737346466847-140737346466850-140737346466854-140737346466857-140737346466864-140737346466867-140737346466869-140737346466872-140737346466876-140737346466880-140737346466884-140737346466888-140737346466892-
140737346466872,2729,6,140737346466872-140737346466876-140737346466880-140737346466884-140737346466888-140737346466892-
140737346466894,2730,8,140737346466894-140737346466898-140737346466899-140737346466900-140737346466902-140737346466904-140737346466906-140737346466908-
140737346467504,2716,12,140737346467504-140737346467508-140737346467510-140737346467512-140737346467514-140737346467516-140737346467517-140737346467520-140737346467521-140737346467524-140737346467528-140737346467533-
140737346467539,2717,2,140737346467539-140737346467542-
140737346468016,2718,31,140737346468016-140737346468020-140737346468027-140737346468031-140737346468035-140737346468039-140737346468043-140737346468047-140737346468051-140737346468055-140737346468059-140737346468066-140737346468074-140737346468076-140737346468080-140737346468088-140737346468096-140737346468104-140737346468111-140737346468114-140737346468118-140737346468121-140737346468128-140737346468131-140737346468133-140737346468136-140737346468140-140737346468144-140737346468148-140737346468152-140737346468156-
140737346468136,2719,6,140737346468136-140737346468140-140737346468144-140737346468148-140737346468152-140737346468156-
140737346468158,2720,8,140737346468158-140737346468162-140737346468163-140737346468164-140737346468166-140737346468168-140737346468170-140737346468172-
140737346469376,2778,15,140737346469376-140737346469380-140737346469382-140737346469384-140737346469386-140737346469388-140737346469389-140737346469392-140737346469393-140737346469396-140737346469400-140737346469409-140737346469414-140737346469416-140737346469421-
140737346469427,2779,2,140737346469427-140737346469430-
140737346469927,2783,3,140737346469927-140737346469932-140737346469941-
140737346469947,2784,8,140737346469947-140737346469951-140737346469952-140737346469953-140737346469955-140737346469957-140737346469959-140737346469961-
140737346469968,2780,30,140737346469968-140737346469972-140737346469979-140737346469989-140737346469993-140737346469997-140737346470001-140737346470008-140737346470012-140737346470019-140737346470021-140737346470025-140737346470033-140737346470036-140737346470040-140737346470048-140737346470056-140737346470064-140737346470071-140737346470075-140737346470078-140737346470085-140737346470089-140737346470092-140737346470094-140737346470096-140737346470100-140737346470104-140737346470108-140737346470112-
140737346470096,2781,5,140737346470096-140737346470100-140737346470104-140737346470108-140737346470112-
140737346470114,2782,1,140737346470114-
140737346470816,2766,15,140737346470816-140737346470820-140737346470822-140737346470824-140737346470826-140737346470828-140737346470829-140737346470832-140737346470833-140737346470836-140737346470840-140737346470849-140737346470854-140737346470856-140737346470861-
140737346470867,2767,2,140737346470867-140737346470870-
140737346471367,2771,3,140737346471367-140737346471372-140737346471381-
140737346471387,2772,8,140737346471387-140737346471391-140737346471392-140737346471393-140737346471395-140737346471397-140737346471399-140737346471401-
140737346471408,2768,30,140737346471408-140737346471412-140737346471419-140737346471429-140737346471433-140737346471437-140737346471441-140737346471448-140737346471452-140737346471459-140737346471461-140737346471465-140737346471473-140737346471476-140737346471480-140737346471488-140737346471496-140737346471504-140737346471511-140737346471515-140737346471518-140737346471525-140737346471529-140737346471532-140737346471534-140737346471536-140737346471540-140737346471544-140737346471548-140737346471552-
140737346471536,2769,5,140737346471536-140737346471540-140737346471544-140737346471548-140737346471552-
140737346471554,2770,1,140737346471554-
140737346473664,2700,10,140737346473664-140737346473668-140737346473670-140737346473672-140737346473673-140737346473676-140737346473677-140737346473680-140737346473684-140737346473689-
140737346473695,2701,2,140737346473695-140737346473698-
140737346473798,2707,13,140737346473798-140737346473802-140737346473809-140737346473817-140737346473821-140737346473828-140737346473832-140737346473840-140737346473844-140737346473845-140737346473846-140737346473848-140737346473850-
140737346473888,2702,18,140737346473888-140737346473892-140737346473899-140737346473903-140737346473911-140737346473915-140737346473919-140737346473923-140737346473927-140737346473934-140737346473937-140737346473939-140737346473944-140737346473948-140737346473952-140737346473956-140737346473960-140737346473964-
140737346473944,2703,6,140737346473944-140737346473948-140737346473952-140737346473956-140737346473960-140737346473964-
140737346473966,2704,10,140737346473966-140737346473973-140737346473976-140737346473978-140737346473984-140737346473988-140737346473992-140737346473996-140737346474000-140737346474004-
140737346473984,2705,6,140737346473984-140737346473988-140737346473992-140737346473996-140737346474000-140737346474004-
140737346474006,2706,1,140737346474006-
140737346474448,2750,10,140737346474448-140737346474452-140737346474454-140737346474456-140737346474457-140737346474460-140737346474461-140737346474464-140737346474468-140737346474473-
140737346474479,2751,2,140737346474479-140737346474482-
140737346474566,2757,12,140737346474566-140737346474573-140737346474581-140737346474585-140737346474592-140737346474596-140737346474604-140737346474608-140737346474609-140737346474610-140737346474612-140737346474614-
140737346474624,2752,16,140737346474624-140737346474628-140737346474635-140737346474639-140737346474649-140737346474653-140737346474660-140737346474668-140737346474672-140737346474675-140737346474677-140737346474680-140737346474684-140737346474688-140737346474692-140737346474696-
140737346474680,2753,5,140737346474680-140737346474684-140737346474688-140737346474692-140737346474696-
140737346474698,2754,9,140737346474698-140737346474705-140737346474708-140737346474710-140737346474720-140737346474724-140737346474731-140737346474735-140737346474739-
140737346474720,2755,5,140737346474720-140737346474724-140737346474731-140737346474735-140737346474739-
140737346474741,2756,1,140737346474741-
140737346478592,2489,12,140737346478592-140737346478596-140737346478598-140737346478600-140737346478602-140737346478604-140737346478605-140737346478608-140737346478609-140737346478612-140737346478616-140737346478621-
140737346478627,2490,2,140737346478627-140737346478630-
140737346479152,2491,31,140737346479152-140737346479156-140737346479163-140737346479167-140737346479171-140737346479175-140737346479179-140737346479183-140737346479187-140737346479191-140737346479195-140737346479202-140737346479210-140737346479212-140737346479216-140737346479224-140737346479232-140737346479240-140737346479247-140737346479250-140737346479254-140737346479257-140737346479264-140737346479267-140737346479269-140737346479272-140737346479276-140737346479280-140737346479284-140737346479288-140737346479292-
140737346479272,2492,6,140737346479272-140737346479276-140737346479280-140737346479284-140737346479288-140737346479292-
140737346479294,2493,8,140737346479294-140737346479298-140737346479299-140737346479300-140737346479302-140737346479304-140737346479306-140737346479308-
140737346479904,2480,12,140737346479904-140737346479908-140737346479910-140737346479912-140737346479914-140737346479916-140737346479917-140737346479920-140737346479921-140737346479924-140737346479928-140737346479933-
140737346479939,2481,2,140737346479939-140737346479942-
140737346480416,2482,31,140737346480416-140737346480420-140737346480427-140737346480431-140737346480435-140737346480439-140737346480443-140737346480447-140737346480451-140737346480455-140737346480459-140737346480466-140737346480474-140737346480476-140737346480480-140737346480488-140737346480496-140737346480504-140737346480511-140737346480514-140737346480518-140737346480521-140737346480528-140737346480531-140737346480533-140737346480536-140737346480540-140737346480544-140737346480548-140737346480552-140737346480556-
140737346480536,2483,6,140737346480536-140737346480540-140737346480544-140737346480548-140737346480552-140737346480556-
140737346480558,2484,8,140737346480558-140737346480562-140737346480563-140737346480564-140737346480566-140737346480568-140737346480570-140737346480572-
140737346481712,2660,15,140737346481712-140737346481716-140737346481718-140737346481720-140737346481722-140737346481724-140737346481725-140737346481728-140737346481729-140737346481732-140737346481736-140737346481745-140737346481750-140737346481752-140737346481757-
140737346481763,2661,2,140737346481763-140737346481766-
140737346482263,2665,3,140737346482263-140737346482268-140737346482277-
140737346482283,2666,8,140737346482283-140737346482287-140737346482288-140737346482289-140737346482291-140737346482293-140737346482295-140737346482297-
140737346482304,2662,30,140737346482304-140737346482308-140737346482315-140737346482325-140737346482329-140737346482333-140737346482337-140737346482344-140737346482348-140737346482355-140737346482357-140737346482361-140737346482369-140737346482372-140737346482376-140737346482384-140737346482392-140737346482400-140737346482407-140737346482411-140737346482414-140737346482421-140737346482425-140737346482428-140737346482430-140737346482432-140737346482436-140737346482440-140737346482444-140737346482448-
140737346482432,2663,5,140737346482432-140737346482436-140737346482440-140737346482444-140737346482448-
140737346482450,2664,1,140737346482450-
140737346483152,2649,15,140737346483152-140737346483156-140737346483158-140737346483160-140737346483162-140737346483164-140737346483165-140737346483168-140737346483169-140737346483172-140737346483176-140737346483185-140737346483190-140737346483192-140737346483197-
140737346483203,2650,2,140737346483203-140737346483206-
140737346483703,2654,3,140737346483703-140737346483708-140737346483717-
140737346483723,2655,8,140737346483723-140737346483727-140737346483728-140737346483729-140737346483731-140737346483733-140737346483735-140737346483737-
140737346483744,2651,30,140737346483744-140737346483748-140737346483755-140737346483765-140737346483769-140737346483773-140737346483777-140737346483784-140737346483788-140737346483795-140737346483797-140737346483801-140737346483809-140737346483812-140737346483816-140737346483824-140737346483832-140737346483840-140737346483847-140737346483851-140737346483854-140737346483861-140737346483865-140737346483868-140737346483870-140737346483872-140737346483876-140737346483880-140737346483884-140737346483888-
140737346483872,2652,5,140737346483872-140737346483876-140737346483880-140737346483884-140737346483888-
140737346483890,2653,1,140737346483890-
140737346485104,2464,10,140737346485104-140737346485108-140737346485110-140737346485112-140737346485113-140737346485116-140737346485117-140737346485120-140737346485124-140737346485129-
140737346485135,2465,2,140737346485135-140737346485138-
140737346485238,2471,13,140737346485238-140737346485242-140737346485249-140737346485257-140737346485261-140737346485268-140737346485272-140737346485280-140737346485284-140737346485285-140737346485286-140737346485288-140737346485290-
140737346485328,2466,18,140737346485328-140737346485332-140737346485339-140737346485343-140737346485351-140737346485355-140737346485359-140737346485363-140737346485367-140737346485374-140737346485377-140737346485379-140737346485384-140737346485388-140737346485392-140737346485396-140737346485400-140737346485404-
140737346485384,2467,6,140737346485384-140737346485388-140737346485392-140737346485396-140737346485400-140737346485404-
140737346485406,2468,10,140737346485406-140737346485413-140737346485416-140737346485418-140737346485424-140737346485428-140737346485432-140737346485436-140737346485440-140737346485444-
140737346485424,2469,6,140737346485424-140737346485428-140737346485432-140737346485436-140737346485440-140737346485444-
140737346485446,2470,1,140737346485446-
140737346485840,2633,10,140737346485840-140737346485844-140737346485846-140737346485848-140737346485849-140737346485852-140737346485853-140737346485856-140737346485860-140737346485865-
140737346485871,2634,2,140737346485871-140737346485874-
140737346485958,2640,12,140737346485958-140737346485965-140737346485973-140737346485977-140737346485984-140737346485988-140737346485996-140737346486000-140737346486001-140737346486002-140737346486004-140737346486006-
140737346486016,2635,16,140737346486016-140737346486020-140737346486027-140737346486031-140737346486041-140737346486045-140737346486052-140737346486060-140737346486064-140737346486067-140737346486069-140737346486072-140737346486076-140737346486080-140737346486084-140737346486088-
140737346486072,2636,5,140737346486072-140737346486076-140737346486080-140737346486084-140737346486088-
140737346486090,2637,9,140737346486090-140737346486097-140737346486100-140737346486102-140737346486112-140737346486116-140737346486123-140737346486127-140737346486131-
140737346486112,2638,5,140737346486112-140737346486116-140737346486123-140737346486127-140737346486131-
140737346486133,2639,1,140737346486133-
140737346486576,2504,8,140737346486576-140737346486580-140737346486581-140737346486582-140737346486585-140737346486589-140737346486594-140737346486599-
140737346486605,2505,2,140737346486605-140737346486611-
140737346487824,2506,1,140737346487824-
140737346487829,2507,95,140737346487829-140737346487836-140737346487843-140737346487847-140737346487851-140737346487855-140737346487862-140737346487866-140737346487873-140737346487877-140737346487884-140737346487888-140737346487895-140737346487899-140737346487906-140737346487910-140737346487917-140737346487921-140737346487928-140737346487932-140737346487936-140737346487943-140737346487950-140737346487957-140737346487961-140737346487965-140737346487972-140737346487979-140737346487986-140737346487990-140737346487994-140737346487998-140737346488005-140737346488012-140737346488019-140737346488026-140737346488033-140737346488040-140737346488047-140737346488054-140737346488061-140737346488068-140737346488075-140737346488082-140737346488089-140737346488096-140737346488103-140737346488110-140737346488117-140737346488124-140737346488131-140737346488138-140737346488145-140737346488152-140737346488159-140737346488166-140737346488173-140737346488180-140737346488187-140737346488194-140737346488201-140737346488208-140737346488215-140737346488222-140737346488229-140737346488236-140737346488243-140737346488250-140737346488257-140737346488264-140737346488271-140737346488278-140737346488285-140737346488292-140737346488299-140737346488306-140737346488313-140737346488320-140737346488327-140737346488334-140737346488341-140737346488348-140737346488355-140737346488362-140737346488369-140737346488376-140737346488383-140737346488390-140737346488397-140737346488404-140737346488411-140737346488418-140737346488422-140737346488423-140737346488424-
140737346489008,2677,7,140737346489008-140737346489012-140737346489013-140737346489016-140737346489020-140737346489025-140737346489030-
140737346489036,2678,2,140737346489036-140737346489042-
140737346490256,2679,1,140737346490256-
140737346490261,2680,94,140737346490261-140737346490268-140737346490275-140737346490279-140737346490283-140737346490287-140737346490294-140737346490298-140737346490305-140737346490309-140737346490316-140737346490320-140737346490327-140737346490331-140737346490338-140737346490342-140737346490349-140737346490353-140737346490360-140737346490367-140737346490374-140737346490381-140737346490388-140737346490395-140737346490402-140737346490409-140737346490416-140737346490423-140737346490430-140737346490437-140737346490444-140737346490451-140737346490458-140737346490465-140737346490472-140737346490479-140737346490486-140737346490493-140737346490500-140737346490507-140737346490514-140737346490521-140737346490528-140737346490532-140737346490536-140737346490543-140737346490550-140737346490557-140737346490561-140737346490565-140737346490572-140737346490579-140737346490586-140737346490590-140737346490594-140737346490598-140737346490605-140737346490612-140737346490619-140737346490626-140737346490633-140737346490640-140737346490647-140737346490654-140737346490661-140737346490668-140737346490675-140737346490682-140737346490689-140737346490696-140737346490703-140737346490710-140737346490717-140737346490724-140737346490731-140737346490738-140737346490745-140737346490752-140737346490759-140737346490766-140737346490773-140737346490780-140737346490787-140737346490794-140737346490801-140737346490808-140737346490815-140737346490822-140737346490829-140737346490836-140737346490843-140737346490850-140737346490854-140737346490855-
140737346491392,3810,3,140737346491392-140737346491395-140737346491398-
140737346491400,3811,4,140737346491400-140737346491407-140737346491411-140737346491414-
140737346491504,3812,2,140737346491504-140737346491511-
140737346491616,3778,4,140737346491616-140737346491620-140737346491627-140737346491631-
140737346491632,3804,4,140737346491632-140737346491636-140737346491640-140737346491643-
140737346491904,3809,7,140737346491904-140737346491908-140737346491910-140737346491911-140737346491912-140737346491915-140737346491917-
140737346491922,3813,2,140737346491922-140737346491925-
140737346491927,3814,4,140737346491927-140737346491930-140737346491933-140737346491936-
140737346491941,3815,2,140737346491941-140737346491943-
140737346491945,3816,3,140737346491945-140737346491948-140737346491951-
140737346491956,3879,3,140737346491956-140737346491959-140737346491962-
140737346491964,3880,6,140737346491964-140737346491967-140737346491971-140737346491972-140737346491973-140737346491975-
140737346492000,3932,3,140737346492000-140737346492004-140737346492007-
140737346492032,4192,4,140737346492032-140737346492036-140737346492037-140737346492040-
140737346492045,4193,2,140737346492045-140737346492047-
140737346492049,4194,2,140737346492049-140737346492053-
140737346492072,4195,2,140737346492072-140737346492075-
140737346492080,4263,3,140737346492080-140737346492087-140737346492089-
140737346492091,4264,3,140737346492091-140737346492094-140737346492095-
140737346492096,4556,3,140737346492096-140737346492098-140737346492099-
140737346492112,4555,2,140737346492112-140737346492116-
140737346492128,3928,10,140737346492128-140737346492132-140737346492134-140737346492137-140737346492139-140737346492140-140737346492143-140737346492144-140737346492147-140737346492151-
140737346492170,3929,2,140737346492170-140737346492173-
140737346492178,3938,4,140737346492178-140737346492181-140737346492184-140737346492186-
140737346492191,3945,3,140737346492191-140737346492194-140737346492198-
140737346492200,3946,7,140737346492200-140737346492204-140737346492207-140737346492208-140737346492209-140737346492211-140737346492213-
140737346493632,2413,5,140737346493632-140737346493636-140737346493637-140737346493640-140737346493645-
140737346493650,2426,3,140737346493650-140737346493653-140737346493656-
140737346493658,2427,2,140737346493658-140737346493659-
140737346497456,3735,8,140737346497456-140737346497460-140737346497464-140737346497466-140737346497475-140737346497480-140737346497482-140737346497485-
140737346497490,3755,5,140737346497490-140737346497498-140737346497503-140737346497508-140737346497517-
140737346497519,3756,2,140737346497519-140737346497523-
140737346516576,4949,15,140737346516576-140737346516580-140737346516582-140737346516583-140737346516584-140737346516587-140737346516594-140737346516603-140737346516611-140737346516613-140737346516616-140737346516624-140737346516628-140737346516632-140737346516638-
140737346516624,4950,4,140737346516624-140737346516628-140737346516632-140737346516638-
140737346516640,4951,5,140737346516640-140737346516643-140737346516647-140737346516651-140737346516658-
140737346516664,4952,37,140737346516664-140737346516669-140737346516675-140737346516681-140737346516687-140737346516693-140737346516699-140737346516703-140737346516709-140737346516715-140737346516719-140737346516728-140737346516732-140737346516741-140737346516750-140737346516754-140737346516763-140737346516767-140737346516776-140737346516783-140737346516792-140737346516799-140737346516808-140737346516815-140737346516824-140737346516831-140737346516838-140737346516845-140737346516852-140737346516859-140737346516866-140737346516873-140737346516880-140737346516884-140737346516889-140737346516892-140737346516895-
140737346516900,4960,2,140737346516900-140737346516902-
140737346516908,4961,3,140737346516908-140737346516916-140737346516925-
140737346516927,4962,5,140737346516927-140737346516934-140737346516935-140737346516936-140737346516938-
140737346516976,2522,13,140737346516976-140737346516980-140737346516982-140737346516984-140737346516985-140737346516988-140737346516992-140737346516995-140737346516998-140737346517001-140737346517008-140737346517012-140737346517015-
140737346517020,2523,7,140737346517020-140737346517024-140737346517027-140737346517031-140737346517035-140737346517036-140737346517038-
140737346525424,5388,4,140737346525424-140737346525428-140737346525435-140737346525438-
140737346526400,2102,4,140737346526400-140737346526404-140737346526411-140737346526413-
140737346526432,2103,3,140737346526432-140737346526436-140737346526443-
140737346526448,2112,2,140737346526448-140737346526450-
140737346526464,2113,4,140737346526464-140737346526471-140737346526478-140737346526485-
140737346526490,2114,2,140737346526490-140737346526497-
140737346526502,2119,3,140737346526502-140737346526509-140737346526513-
140737346528704,2831,20,140737346528704-140737346528708-140737346528715-140737346528723-140737346528727-140737346528734-140737346528742-140737346528750-140737346528754-140737346528761-140737346528769-140737346528777-140737346528785-140737346528788-140737346528791-140737346528800-140737346528807-140737346528811-140737346528819-140737346528822-
140737346528800,2832,5,140737346528800-140737346528807-140737346528811-140737346528819-140737346528822-
140737346528824,2833,4,140737346528824-140737346528831-140737346528838-140737346528845-
140737346529328,4564,7,140737346529328-140737346529332-140737346529334-140737346529335-140737346529336-140737346529340-140737346529343-
140737346529380,4565,4,140737346529380-140737346529381-140737346529382-140737346529384-
140737346529408,4569,8,140737346529408-140737346529412-140737346529414-140737346529417-140737346529418-140737346529419-140737346529423-140737346529426-
140737346529488,4570,5,140737346529488-140737346529497-140737346529498-140737346529499-140737346529501-
140737346529504,4561,8,140737346529504-140737346529508-140737346529515-140737346529516-140737346529518-140737346529521-140737346529525-140737346529528-
140737346529533,4566,2,140737346529533-140737346529536-
140737346529541,4571,4,140737346529541-140737346529548-140737346529552-140737346529555-
140737346529578,4572,3,140737346529578-140737346529585-140737346529586-
140737346534576,5386,2,140737346534576-140737346534580-
140737346534592,5383,4,140737346534592-140737346534596-140737346534603-140737346534606-
140737346534656,5387,4,140737346534656-140737346534660-140737346534667-140737346534670-
140737346536528,2697,21,140737346536528-140737346536532-140737346536534-140737346536536-140737346536538-140737346536540-140737346536543-140737346536544-140737346536545-140737346536548-140737346536555-140737346536559-140737346536566-140737346536569-140737346536573-140737346536577-140737346536579-140737346536589-140737346536593-140737346536600-140737346536607-
140737346536612,2708,3,140737346536612-140737346536619-140737346536622-
140737346536628,2709,5,140737346536628-140737346536635-140737346536639-140737346536646-140737346536651-
140737346536656,2710,8,140737346536656-140737346536661-140737346536668-140737346536672-140737346536679-140737346536689-140737346536693-140737346536700-
140737346536705,2711,3,140737346536705-140737346536712-140737346536715-
140737346536721,2712,5,140737346536721-140737346536728-140737346536732-140737346536739-140737346536744-
140737346536749,2713,12,140737346536749-140737346536754-140737346536756-140737346536763-140737346536770-140737346536774-140737346536781-140737346536783-140737346536793-140737346536797-140737346536804-140737346536811-
140737346536816,2721,2,140737346536816-140737346536819-
140737346536825,2722,5,140737346536825-140737346536832-140737346536836-140737346536843-140737346536848-
140737346536853,2723,12,140737346536853-140737346536858-140737346536860-140737346536867-140737346536874-140737346536878-140737346536885-140737346536887-140737346536897-140737346536901-140737346536908-140737346536915-
140737346536920,2731,2,140737346536920-140737346536923-
140737346536929,2732,5,140737346536929-140737346536936-140737346536940-140737346536947-140737346536952-
140737346536957,2733,9,140737346536957-140737346536962-140737346536969-140737346536973-140737346536980-140737346536990-140737346536994-140737346537001-140737346537004-
140737346537010,2734,5,140737346537010-140737346537020-140737346537024-140737346537031-140737346537036-
140737346537041,2735,9,140737346537041-140737346537046-140737346537053-140737346537057-140737346537064-140737346537074-140737346537078-140737346537085-140737346537088-
140737346537094,2736,5,140737346537094-140737346537104-140737346537108-140737346537115-140737346537120-
140737346537125,2737,9,140737346537125-140737346537130-140737346537137-140737346537141-140737346537148-140737346537158-140737346537162-140737346537169-140737346537172-
140737346537178,2738,5,140737346537178-140737346537188-140737346537192-140737346537199-140737346537204-
140737346537209,2739,6,140737346537209-140737346537214-140737346537221-140737346537226-140737346537233-140737346537237-
140737346537242,2745,2,140737346537242-140737346537245-
140737346537251,2746,5,140737346537251-140737346537258-140737346537262-140737346537269-140737346537274-
140737346537279,2747,16,140737346537279-140737346537284-140737346537291-140737346537298-140737346537302-140737346537307-140737346537309-140737346537319-140737346537324-140737346537329-140737346537336-140737346537341-140737346537346-140737346537350-140737346537357-140737346537364-
140737346537369,2758,2,140737346537369-140737346537372-
140737346537378,2759,5,140737346537378-140737346537385-140737346537389-140737346537396-140737346537401-
140737346537406,2760,8,140737346537406-140737346537411-140737346537418-140737346537422-140737346537429-140737346537439-140737346537443-140737346537450-
140737346537455,2761,3,140737346537455-140737346537462-140737346537465-
140737346537471,2762,5,140737346537471-140737346537478-140737346537482-140737346537489-140737346537494-
140737346537499,2763,13,140737346537499-140737346537504-140737346537511-140737346537518-140737346537522-140737346537529-140737346537531-140737346537533-140737346537543-140737346537547-140737346537554-140737346537559-140737346537566-
140737346537571,2773,2,140737346537571-140737346537574-
140737346537580,2774,5,140737346537580-140737346537587-140737346537591-140737346537598-140737346537603-
140737346537608,2775,12,140737346537608-140737346537613-140737346537615-140737346537622-140737346537629-140737346537633-140737346537640-140737346537642-140737346537652-140737346537656-140737346537663-140737346537670-
140737346537675,2785,2,140737346537675-140737346537678-
140737346537684,2786,5,140737346537684-140737346537691-140737346537695-140737346537702-140737346537707-
140737346537712,2787,9,140737346537712-140737346537717-140737346537724-140737346537728-140737346537735-140737346537745-140737346537749-140737346537756-140737346537759-
140737346537765,2788,5,140737346537765-140737346537775-140737346537779-140737346537786-140737346537791-
140737346537796,2789,9,140737346537796-140737346537801-140737346537808-140737346537812-140737346537819-140737346537829-140737346537833-140737346537840-140737346537843-
140737346537849,2790,5,140737346537849-140737346537859-140737346537863-140737346537870-140737346537875-
140737346537880,2791,9,140737346537880-140737346537885-140737346537892-140737346537896-140737346537903-140737346537913-140737346537917-140737346537924-140737346537927-
140737346537933,2792,5,140737346537933-140737346537943-140737346537947-140737346537954-140737346537959-
140737346537964,2793,6,140737346537964-140737346537969-140737346537976-140737346537981-140737346537988-140737346537992-
140737346537997,2799,2,140737346537997-140737346538000-
140737346538006,2800,4,140737346538006-140737346538013-140737346538020-140737346538024-
140737346538029,2801,5,140737346538029-140737346538036-140737346538043-140737346538048-140737346538052-
140737346538057,2803,4,140737346538057-140737346538064-140737346538069-140737346538073-
140737346538078,2804,4,140737346538078-140737346538085-140737346538090-140737346538094-
140737346538099,2805,4,140737346538099-140737346538106-140737346538111-140737346538115-
140737346538120,2806,5,140737346538120-140737346538125-140737346538132-140737346538137-140737346538141-
140737346538146,2807,5,140737346538146-140737346538151-140737346538158-140737346538162-140737346538167-
140737346538172,2808,9,140737346538172-140737346538176-140737346538180-140737346538181-140737346538182-140737346538184-140737346538186-140737346538188-140737346538190-
140737346578896,2404,15,140737346578896-140737346578900-140737346578902-140737346578905-140737346578907-140737346578910-140737346578913-140737346578914-140737346578917-140737346578918-140737346578921-140737346578924-140737346578931-140737346578935-140737346578938-
140737346578943,2429,11,140737346578943-140737346578946-140737346578950-140737346578953-140737346578956-140737346578959-140737346578963-140737346578967-140737346578971-140737346578975-140737346578978-
140737346578980,2431,13,140737346578980-140737346578984-140737346578986-140737346578988-140737346578992-140737346578996-140737346579003-140737346579007-140737346579009-140737346579016-140737346579022-140737346579030-140737346579041-
140737346579044,2432,1,140737346579044-
140737346579047,2433,7,140737346579047-140737346579050-140737346579061-140737346579072-140737346579076-140737346579078-140737346579084-
140737346579087,2434,1,140737346579087-
140737346579090,2435,4,140737346579090-140737346579091-140737346579092-140737346579094-
140737346579104,2430,2,140737346579104-140737346579108-
140737346579504,2567,3,140737346579504-140737346579508-140737346579513-
140737346579519,2568,1,140737346579519-
140737346579521,2569,2,140737346579521-140737346579526-
140737346579532,2593,1,140737346579532-
140737346579534,2613,2,140737346579534-140737346579538-
140737346579544,2614,2,140737346579544-140737346579548-
140737346579550,2621,3,140737346579550-140737346579554-140737346579561-
140737346579568,2602,2,140737346579568-140737346579573-
140737346579579,2604,1,140737346579579-
140737346579581,2605,2,140737346579581-140737346579586-
140737346579592,2609,2,140737346579592-140737346579597-
140737346579603,2610,3,140737346579603-140737346579607-140737346579614-
140737346579624,2615,2,140737346579624-140737346579628-
140737346579634,2616,3,140737346579634-140737346579638-140737346579645-
140737346579656,2594,2,140737346579656-140737346579661-
140737346579667,2599,2,140737346579667-140737346579672-
140737346579678,2600,3,140737346579678-140737346579682-140737346579689-
140737346579736,2601,3,140737346579736-140737346579740-140737346579747-
140737346579760,2570,3,140737346579760-140737346579764-140737346579771-
140737346579776,2619,3,140737346579776-140737346579780-140737346579787-
140737346579792,2603,3,140737346579792-140737346579796-140737346579803-
140737346579808,2606,3,140737346579808-140737346579812-140737346579819-
140737346579824,2611,2,140737346579824-140737346579826-
140737346579832,2595,3,140737346579832-140737346579836-140737346579843-
140737346581056,2526,10,140737346581056-140737346581060-140737346581062-140737346581064-140737346581065-140737346581068-140737346581069-140737346581071-140737346581075-140737346581079-
140737346581084,2531,2,140737346581084-140737346581087-
140737346581096,2540,4,140737346581096-140737346581100-140737346581104-140737346581111-
140737346581117,2532,2,140737346581117-140737346581119-
140737346581124,2539,2,140737346581124-140737346581127-
140737346581133,2542,4,140737346581133-140737346581135-140737346581136-140737346581138-
140737346581136,2551,2,140737346581136-140737346581138-
140737346581143,2550,4,140737346581143-140737346581150-140737346581154-140737346581161-
140737346581163,2562,3,140737346581163-140737346581165-140737346581170-
140737346581176,2564,5,140737346581176-140737346581179-140737346581182-140737346581191-140737346581194-
140737346581199,2592,7,140737346581199-140737346581207-140737346581210-140737346581212-140737346581216-140737346581218-140737346581222-
140737346581207,2618,6,140737346581207-140737346581210-140737346581212-140737346581216-140737346581218-140737346581222-
140737346581210,2563,5,140737346581210-140737346581212-140737346581216-140737346581218-140737346581222-
140737346581224,2612,4,140737346581224-140737346581227-140737346581230-140737346581239-
140737346581244,2617,3,140737346581244-140737346581252-140737346581256-
140737346581258,2622,7,140737346581258-140737346581262-140737346581265-140737346581266-140737346581267-140737346581269-140737346581271-
140737346581276,2541,2,140737346581276-140737346581280-
140737346695904,2515,13,140737346695904-140737346695908-140737346695910-140737346695912-140737346695913-140737346695916-140737346695920-140737346695923-140737346695926-140737346695929-140737346695936-140737346695940-140737346695943-
140737346695948,2516,2,140737346695948-140737346695952-
140737346695957,2517,5,140737346695957-140737346695961-140737346695965-140737346695966-140737346695968-
140737346738272,2688,13,140737346738272-140737346738276-140737346738278-140737346738280-140737346738281-140737346738284-140737346738288-140737346738291-140737346738294-140737346738297-140737346738304-140737346738308-140737346738311-
140737346738316,2689,2,140737346738316-140737346738320-
140737346738325,2690,5,140737346738325-140737346738329-140737346738333-140737346738334-140737346738336-
140737346741568,5022,3,140737346741568-140737346741572-140737346741576-
140737346741584,5301,3,140737346741584-140737346741588-140737346741592-
140737346742112,4918,6,140737346742112-140737346742116-140737346742119-140737346742122-140737346742127-140737346742131-
140737346742208,5007,6,140737346742208-140737346742212-140737346742215-140737346742217-140737346742221-140737346742224-
140737346742226,5008,1,140737346742226-
140737346745232,3917,13,140737346745232-140737346745236-140737346745238-140737346745240-140737346745242-140737346745244-140737346745245-140737346745246-140737346745250-140737346745259-140737346745264-140737346745266-140737346745270-
140737346745276,3918,3,140737346745276-140737346745283-140737346745286-
140737346745288,3919,3,140737346745288-140737346745295-140737346745299-
140737346745305,3920,3,140737346745305-140737346745309-140737346745312-
140737346745321,3951,3,140737346745321-140737346745326-140737346745335-
140737346745341,3952,8,140737346745341-140737346745345-140737346745346-140737346745347-140737346745349-140737346745351-140737346745353-140737346745355-
140737346745505,3921,7,140737346745505-140737346745513-140737346745518-140737346745525-140737346745533-140737346745537-140737346745540-
140737346745546,3922,2,140737346745546-140737346745549-
140737346745552,3924,2,140737346745552-140737346745554-
140737346746210,4162,10,140737346746210-140737346746217-140737346746225-140737346746233-140737346746237-140737346746241-140737346746245-140737346746253-140737346746260-140737346746265-
140737346746272,3925,4,140737346746272-140737346746276-140737346746280-140737346746283-
140737346746288,3947,3,140737346746288-140737346746291-140737346746294-
140737346746296,3948,1,140737346746296-
140737346746329,3949,5,140737346746329-140737346746336-140737346746340-140737346746344-140737346746348-
140737346746350,3950,8,140737346746350-140737346746354-140737346746358-140737346746366-140737346746374-140737346746382-140737346746389-140737346746392-
140737346750176,3774,20,140737346750176-140737346750180-140737346750182-140737346750189-140737346750191-140737346750195-140737346750197-140737346750198-140737346750202-140737346750203-140737346750206-140737346750209-140737346750213-140737346750221-140737346750229-140737346750237-140737346750245-140737346750253-140737346750261-140737346750264-
140737346750269,3775,10,140737346750269-140737346750273-140737346750276-140737346750280-140737346750287-140737346750295-140737346750299-140737346750303-140737346750307-140737346750310-
140737346750315,3779,17,140737346750315-140737346750323-140737346750326-140737346750337-140737346750348-140737346750358-140737346750369-140737346750380-140737346750390-140737346750401-140737346750412-140737346750419-140737346750430-140737346750441-140737346750452-140737346750463-140737346750474-
140737346750479,3787,2,140737346750479-140737346750481-
140737346750496,3788,2,140737346750496-140737346750499-
140737346750504,3797,7,140737346750504-140737346750511-140737346750512-140737346750513-140737346750515-140737346750517-140737346750519-
140737346751744,3886,3,140737346751744-140737346751748-140737346751755-
140737346751757,3887,4,140737346751757-140737346751758-140737346751766-140737346751769-
140737346751784,3888,2,140737346751784-140737346751791-
140737346751796,3891,4,140737346751796-140737346751803-140737346751810-140737346751811-
140737346751824,4183,5,140737346751824-140737346751828-140737346751829-140737346751836-140737346751839-
140737346751841,4184,3,140737346751841-140737346751848-140737346751851-
140737346751853,4185,1,140737346751853-
140737346751858,4187,5,140737346751858-140737346751869-140737346751876-140737346751883-140737346751886-
140737346751893,4188,6,140737346751893-140737346751904-140737346751915-140737346751926-140737346751937-140737346751938-
140737346752544,4176,15,140737346752544-140737346752548-140737346752550-140737346752552-140737346752554-140737346752556-140737346752562-140737346752563-140737346752566-140737346752567-140737346752574-140737346752583-140737346752591-140737346752595-140737346752599-
140737346752619,4177,2,140737346752619-140737346752626-
140737346752768,4178,3,140737346752768-140737346752776-140737346752785-
140737346752787,4179,9,140737346752787-140737346752794-140737346752797-140737346752798-140737346752799-140737346752801-140737346752803-140737346752805-140737346752807-
140737346765648,4171,12,140737346765648-140737346765652-140737346765654-140737346765655-140737346765659-140737346765660-140737346765663-140737346765666-140737346765670-140737346765679-140737346765684-140737346765686-
140737346765691,4172,2,140737346765691-140737346765693-
140737346765699,4173,3,140737346765699-140737346765702-140737346765706-
140737346765711,4180,5,140737346765711-140737346765715-140737346765718-140737346765725-140737346765732-
140737346765737,4189,15,140737346765737-140737346765741-140737346765743-140737346765746-140737346765753-140737346765760-140737346765768-140737346765772-140737346765776-140737346765780-140737346765784-140737346765792-140737346765800-140737346765807-140737346765814-
140737346765819,4265,2,140737346765819-140737346765822-
140737346765824,4266,3,140737346765824-140737346765827-140737346765831-
140737346765833,4267,3,140737346765833-140737346765838-140737346765847-
140737346765849,4268,5,140737346765849-140737346765853-140737346765854-140737346765855-140737346765857-
140737346765864,4552,2,140737346765864-140737346765866-
140737346768704,3801,12,140737346768704-140737346768708-140737346768710-140737346768713-140737346768715-140737346768719-140737346768721-140737346768724-140737346768725-140737346768728-140737346768731-140737346768735-
140737346768740,3805,2,140737346768740-140737346768742-
140737346768748,3806,5,140737346768748-140737346768751-140737346768756-140737346768759-140737346768762-
140737346768767,3881,2,140737346768767-140737346768770-
140737346768775,3882,2,140737346768775-140737346768777-
140737346768783,3883,2,140737346768783-140737346768786-
140737346768791,3892,15,140737346768791-140737346768793-140737346768797-140737346768804-140737346768811-140737346768819-140737346768823-140737346768827-140737346768831-140737346768835-140737346768843-140737346768851-140737346768858-140737346768865-140737346768869-
140737346768897,3893,7,140737346768897-140737346768901-140737346768904-140737346768905-140737346768907-140737346768909-140737346768911-
140737346788208,3897,3,140737346788208-140737346788212-140737346788220-
140737346788222,3898,3,140737346788222-140737346788225-140737346788228-
140737346788230,3899,1,140737346788230-
140737346789136,2857,8,140737346789136-140737346789140-140737346789141-140737346789144-140737346789145-140737346789148-140737346789151-140737346789155-
140737346789160,2891,2,140737346789160-140737346789162-
140737346789164,2892,2,140737346789164-140737346789167-
140737346789172,2901,3,140737346789172-140737346789175-140737346789182-
140737346789187,2912,2,140737346789187-140737346789189-
140737346789191,2913,2,140737346789191-140737346789194-
140737346789199,2922,3,140737346789199-140737346789202-140737346789209-
140737346789214,2930,2,140737346789214-140737346789216-
140737346789218,2931,2,140737346789218-140737346789221-
140737346789226,2940,5,140737346789226-140737346789233-140737346789237-140737346789238-140737346789239-
140737346790304,2837,7,140737346790304-140737346790308-140737346790309-140737346790312-140737346790313-140737346790316-140737346790320-
140737346790325,2854,3,140737346790325-140737346790332-140737346790335-
140737346790340,2941,13,140737346790340-140737346790342-140737346790349-140737346790356-140737346790358-140737346790361-140737346790364-140737346790371-140737346790382-140737346790385-140737346790389-140737346790390-140737346790391-
140737346791648,2959,8,140737346791648-140737346791652-140737346791653-140737346791656-140737346791657-140737346791660-140737346791663-140737346791667-
140737346791672,2967,2,140737346791672-140737346791674-
140737346791676,2968,2,140737346791676-140737346791679-
140737346791684,2977,3,140737346791684-140737346791687-140737346791694-
140737346791699,2985,2,140737346791699-140737346791701-
140737346791703,2986,2,140737346791703-140737346791706-
140737346791711,2995,3,140737346791711-140737346791714-140737346791721-
140737346791726,3003,2,140737346791726-140737346791728-
140737346791730,3004,2,140737346791730-140737346791733-
140737346791738,3013,5,140737346791738-140737346791745-140737346791749-140737346791750-140737346791751-
140737346792720,2955,7,140737346792720-140737346792724-140737346792725-140737346792728-140737346792729-140737346792732-140737346792736-
140737346792741,2956,3,140737346792741-140737346792748-140737346792751-
140737346792756,3014,13,140737346792756-140737346792758-140737346792761-140737346792768-140737346792771-140737346792781-140737346792788-140737346792799-140737346792806-140737346792809-140737346792813-140737346792814-140737346792815-
140737346800128,3911,15,140737346800128-140737346800132-140737346800134-140737346800136-140737346800137-140737346800140-140737346800141-140737346800144-140737346800148-140737346800151-140737346800154-140737346800158-140737346800161-140737346800164-140737346800166-
140737346800168,3912,4,140737346800168-140737346800175-140737346800178-140737346800181-
140737346800199,3957,5,140737346800199-140737346800203-140737346800206-140737346800209-140737346800211-
140737346800213,4165,7,140737346800213-140737346800217-140737346800220-140737346800221-140737346800222-140737346800224-140737346800226-
140737346800240,3913,2,140737346800240-140737346800242-
140737346800244,3914,2,140737346800244-140737346800248-
140737346800250,3958,7,140737346800250-140737346800254-140737346800258-140737346800259-140737346800260-140737346800262-140737346800264-
140737346800285,3915,4,140737346800285-140737346800292-140737346800297-140737346800302-
140737346800308,4026,4,140737346800308-140737346800315-140737346800318-140737346800321-
140737346800327,3955,4,140737346800327-140737346800331-140737346800334-140737346800339-
140737346800341,4027,4,140737346800341-140737346800346-140737346800351-140737346800354-
140737346800356,4028,4,140737346800356-140737346800360-140737346800365-140737346800368-
140737346800370,4029,5,140737346800370-140737346800373-140737346800377-140737346800380-140737346800385-
140737346800387,3956,2,140737346800387-140737346800390-
140737346800415,4164,6,140737346800415-140737346800418-140737346800422-140737346800425-140737346800428-140737346800431-
140737346800440,4109,3,140737346800440-140737346800444-140737346800447-
140737346800450,4110,2,140737346800450-140737346800453-
140737346800455,4163,1,140737346800455-
140737346800457,3916,3,140737346800457-140737346800461-140737346800464-
140737346800467,3953,6,140737346800467-140737346800470-140737346800474-140737346800477-140737346800484-140737346800487-
140737346800489,3954,2,140737346800489-140737346800492-
140737346801056,3908,15,140737346801056-140737346801060-140737346801061-140737346801063-140737346801066-140737346801068-140737346801071-140737346801072-140737346801076-140737346801079-140737346801082-140737346801086-140737346801095-140737346801099-140737346801101-
140737346801106,3959,2,140737346801106-140737346801110-
140737346801112,3960,7,140737346801112-140737346801116-140737346801123-140737346801127-140737346801130-140737346801137-140737346801140-
140737346801146,3961,10,140737346801146-140737346801149-140737346801153-140737346801158-140737346801165-140737346801166-140737346801170-140737346801173-140737346801174-140737346801176-
140737346801179,4019,6,140737346801179-140737346801180-140737346801184-140737346801187-140737346801188-140737346801194-
140737346801208,4022,2,140737346801208-140737346801210-
140737346801212,4023,3,140737346801212-140737346801216-140737346801225-
140737346801227,4024,6,140737346801227-140737346801231-140737346801234-140737346801235-140737346801237-140737346801238-
140737346801248,4020,2,140737346801248-140737346801254-
140737346801296,4021,2,140737346801296-140737346801298-
140737346836144,2500,15,140737346836144-140737346836148-140737346836150-140737346836152-140737346836153-140737346836156-140737346836160-140737346836163-140737346836167-140737346836170-140737346836178-140737346836181-140737346836188-140737346836192-140737346836195-
140737346836200,2501,4,140737346836200-140737346836202-140737346836205-140737346836209-
140737346836214,2508,4,140737346836214-140737346836218-140737346836219-140737346836221-
140737346837952,2742,13,140737346837952-140737346837956-140737346837958-140737346837960-140737346837961-140737346837964-140737346837968-140737346837971-140737346837974-140737346837977-140737346837984-140737346837988-140737346837991-
140737346837996,2743,2,140737346837996-140737346838000-
140737346838005,2744,5,140737346838005-140737346838009-140737346838013-140737346838014-140737346838016-
140737346839696,2895,5,140737346839696-140737346839700-140737346839701-140737346839704-140737346839711-
140737346839716,2896,4,140737346839716-140737346839719-140737346839723-140737346839727-
140737346839729,2897,3,140737346839729-140737346839733-140737346839736-
140737346839738,2898,4,140737346839738-140737346839745-140737346839752-140737346839754-
140737346839759,2899,2,140737346839759-140737346839762-
140737346839764,2900,2,140737346839764-140737346839765-
140737346841888,3791,5,140737346841888-140737346841892-140737346841893-140737346841896-140737346841903-
140737346841908,3792,4,140737346841908-140737346841911-140737346841915-140737346841919-
140737346841921,3793,3,140737346841921-140737346841925-140737346841928-
140737346841930,3794,4,140737346841930-140737346841937-140737346841944-140737346841946-
140737346841951,3795,2,140737346841951-140737346841954-
140737346841956,3796,2,140737346841956-140737346841957-
140737346843520,2916,5,140737346843520-140737346843524-140737346843525-140737346843528-140737346843535-
140737346843540,2917,4,140737346843540-140737346843543-140737346843547-140737346843551-
140737346843553,2918,3,140737346843553-140737346843557-140737346843560-
140737346843562,2919,4,140737346843562-140737346843569-140737346843576-140737346843578-
140737346843583,2920,2,140737346843583-140737346843586-
140737346843588,2921,2,140737346843588-140737346843589-
140737346843600,2934,5,140737346843600-140737346843604-140737346843605-140737346843608-140737346843615-
140737346843620,2935,4,140737346843620-140737346843623-140737346843627-140737346843631-
140737346843633,2936,3,140737346843633-140737346843637-140737346843640-
140737346843642,2937,4,140737346843642-140737346843649-140737346843656-140737346843658-
140737346843663,2938,2,140737346843663-140737346843666-
140737346843668,2939,2,140737346843668-140737346843669-
140737346848448,2860,5,140737346848448-140737346848452-140737346848453-140737346848456-140737346848463-
140737346848468,2861,4,140737346848468-140737346848471-140737346848474-140737346848478-
140737346848480,2862,4,140737346848480-140737346848484-140737346848488-140737346848491-
140737346848493,2863,4,140737346848493-140737346848500-140737346848507-140737346848509-
140737346848514,2890,5,140737346848514-140737346848517-140737346848521-140737346848524-140737346848525-
140737346848528,3782,5,140737346848528-140737346848532-140737346848533-140737346848536-140737346848543-
140737346848548,3783,4,140737346848548-140737346848551-140737346848554-140737346848558-
140737346848560,3784,4,140737346848560-140737346848564-140737346848568-140737346848571-
140737346848573,3785,4,140737346848573-140737346848580-140737346848587-140737346848589-
140737346848594,3786,5,140737346848594-140737346848597-140737346848601-140737346848604-140737346848605-
140737346848768,2904,5,140737346848768-140737346848772-140737346848773-140737346848776-140737346848783-
140737346848788,2905,4,140737346848788-140737346848791-140737346848794-140737346848798-
140737346848800,2906,4,140737346848800-140737346848804-140737346848808-140737346848811-
140737346848813,2907,4,140737346848813-140737346848820-140737346848827-140737346848829-
140737346848834,2911,5,140737346848834-140737346848837-140737346848841-140737346848844-140737346848845-
140737346848848,2925,5,140737346848848-140737346848852-140737346848853-140737346848856-140737346848863-
140737346848868,2926,4,140737346848868-140737346848871-140737346848874-140737346848878-
140737346848880,2927,4,140737346848880-140737346848884-140737346848888-140737346848891-
140737346848893,2928,4,140737346848893-140737346848900-140737346848907-140737346848909-
140737346848914,2929,5,140737346848914-140737346848917-140737346848921-140737346848924-140737346848925-
140737346855168,4973,5,140737346855168-140737346855172-140737346855175-140737346855178-140737346855181-
140737346855183,4974,16,140737346855183-140737346855193-140737346855200-140737346855203-140737346855206-140737346855210-140737346855213-140737346855217-140737346855221-140737346855224-140737346855227-140737346855233-140737346855235-140737346855238-140737346855241-140737346855245-
140737346855200,4975,14,140737346855200-140737346855203-140737346855206-140737346855210-140737346855213-140737346855217-140737346855221-140737346855224-140737346855227-140737346855233-140737346855235-140737346855238-140737346855241-140737346855245-
140737346855247,4976,3,140737346855247-140737346855250-140737346855253-
140737346855552,3966,9,140737346855552-140737346855556-140737346855558-140737346855560-140737346855561-140737346855562-140737346855565-140737346855569-140737346855576-
140737346855581,3967,7,140737346855581-140737346855584-140737346855587-140737346855591-140737346855595-140737346855599-140737346855602-
140737346855604,3968,6,140737346855604-140737346855608-140737346855609-140737346855610-140737346855612-140737346855614-
140737346855824,4969,21,140737346855824-140737346855828-140737346855829-140737346855832-140737346855834-140737346855837-140737346855839-140737346855842-140737346855844-140737346855847-140737346855854-140737346855856-140737346855857-140737346855860-140737346855864-140737346855868-140737346855872-140737346855876-140737346855885-140737346855889-140737346855891-
140737346855896,4970,6,140737346855896-140737346855900-140737346855903-140737346855907-140737346855910-140737346855913-
140737346855936,4971,15,140737346855936-140737346855940-140737346855946-140737346855949-140737346855954-140737346855957-140737346855960-140737346855964-140737346855967-140737346855970-140737346855974-140737346855977-140737346855980-140737346855983-140737346855986-
140737346855998,4972,8,140737346855998-140737346856001-140737346856005-140737346856008-140737346856012-140737346856016-140737346856020-140737346856024-
140737346856029,4977,10,140737346856029-140737346856034-140737346856038-140737346856042-140737346856044-140737346856047-140737346856052-140737346856055-140737346856058-140737346856064-
140737346856070,4978,2,140737346856070-140737346856073-
140737346856079,4979,2,140737346856079-140737346856082-
140737346856084,4980,2,140737346856084-140737346856091-
140737346856111,4981,4,140737346856111-140737346856115-140737346856118-140737346856121-
140737346856123,4982,4,140737346856123-140737346856131-140737346856134-140737346856137-
140737346856139,4983,4,140737346856139-140737346856143-140737346856146-140737346856149-
140737346856152,4984,8,140737346856152-140737346856155-140737346856160-140737346856163-140737346856165-140737346856167-140737346856171-140737346856180-
140737346856186,4985,9,140737346856186-140737346856190-140737346856193-140737346856194-140737346856196-140737346856198-140737346856200-140737346856202-140737346856203-
140737346856672,4966,3,140737346856672-140737346856676-140737346856680-
140737346862720,3972,13,140737346862720-140737346862724-140737346862726-140737346862727-140737346862728-140737346862731-140737346862735-140737346862738-140737346862742-140737346862746-140737346862749-140737346862752-140737346862755-
140737346862757,3974,8,140737346862757-140737346862760-140737346862764-140737346862767-140737346862770-140737346862773-140737346862775-140737346862778-
140737346862780,3975,7,140737346862780-140737346862783-140737346862786-140737346862790-140737346862791-140737346862792-140737346862794-
140737346862800,3973,5,140737346862800-140737346862803-140737346862805-140737346862809-140737346862813-
140737346862896,3978,7,140737346862896-140737346862900-140737346862901-140737346862904-140737346862907-140737346862910-140737346862913-
140737346862915,3979,2,140737346862915-140737346862918-
140737346862928,3980,3,140737346862928-140737346862932-140737346862936-
140737346862938,3981,3,140737346862938-140737346862941-140737346862942-
140737346880672,3965,23,140737346880672-140737346880676-140737346880678-140737346880680-140737346880682-140737346880684-140737346880685-140737346880686-140737346880689-140737346880696-140737346880704-140737346880712-140737346880720-140737346880727-140737346880735-140737346880740-140737346880748-140737346880753-140737346880758-140737346880763-140737346880772-140737346880780-140737346880782-
140737346880787,3969,5,140737346880787-140737346880790-140737346880793-140737346880796-140737346880799-
140737346880805,3970,3,140737346880805-140737346880811-140737346880814-
140737346880820,3971,7,140737346880820-140737346880828-140737346880833-140737346880836-140737346880839-140737346880844-140737346880849-
140737346880854,3976,3,140737346880854-140737346880857-140737346880859-
140737346880865,3977,3,140737346880865-140737346880870-140737346880873-
140737346880878,3982,5,140737346880878-140737346880881-140737346880884-140737346880886-140737346880891-
140737346880893,3983,2,140737346880893-140737346880896-
140737346881024,3985,8,140737346881024-140737346881027-140737346881029-140737346881032-140737346881035-140737346881038-140737346881040-140737346881043-
140737346881054,3986,2,140737346881054-140737346881057-
140737346881063,3987,2,140737346881063-140737346881066-
140737346881072,3988,2,140737346881072-140737346881074-
140737346881236,3990,2,140737346881236-140737346881240-
140737346881246,3991,9,140737346881246-140737346881249-140737346881254-140737346881259-140737346881266-140737346881271-140737346881275-140737346881283-140737346881286-
140737346881292,3992,15,140737346881292-140737346881297-140737346881300-140737346881310-140737346881320-140737346881324-140737346881326-140737346881331-140737346881336-140737346881339-140737346881344-140737346881349-140737346881356-140737346881360-140737346881362-
140737346881368,3993,2,140737346881368-140737346881371-
140737346881377,3994,7,140737346881377-140737346881382-140737346881390-140737346881393-140737346881397-140737346881402-140737346881405-
140737346881397,4007,3,140737346881397-140737346881402-140737346881405-
140737346881411,3995,2,140737346881411-140737346881414-
140737346881420,3996,2,140737346881420-140737346881424-
140737346881430,3997,4,140737346881430-140737346881433-140737346881437-140737346881442-
140737346881453,3999,4,140737346881453-140737346881461-140737346881465-140737346881469-
140737346881475,4000,7,140737346881475-140737346881486-140737346881490-140737346881494-140737346881498-140737346881501-140737346881505-
140737346881511,4001,7,140737346881511-140737346881516-140737346881521-140737346881524-140737346881527-140737346881530-140737346881532-
140737346881538,4002,2,140737346881538-140737346881541-
140737346881552,4009,3,140737346881552-140737346881560-140737346881565-
140737346881571,4010,2,140737346881571-140737346881575-
140737346881581,4011,2,140737346881581-140737346881584-
140737346881613,4015,2,140737346881613-140737346881615-
140737346881625,4016,5,140737346881625-140737346881633-140737346881641-140737346881645-140737346881650-
140737346881656,4017,3,140737346881656-140737346881664-140737346881673-
140737346881679,4018,10,140737346881679-140737346881686-140737346881689-140737346881692-140737346881693-140737346881694-140737346881696-140737346881698-140737346881700-140737346881702-
140737346881904,3989,3,140737346881904-140737346881907-140737346881910-
140737346882016,3998,12,140737346882016-140737346882020-140737346882025-140737346882028-140737346882034-140737346882037-140737346882040-140737346882043-140737346882046-140737346882050-140737346882054-140737346882058-
140737346882144,4003,4,140737346882144-140737346882151-140737346882159-140737346882162-
140737346882168,4004,2,140737346882168-140737346882171-
140737346882177,4005,3,140737346882177-140737346882181-140737346882185-
140737346882191,4006,2,140737346882191-140737346882194-
140737346882294,4012,2,140737346882294-140737346882297-
140737346882303,4013,2,140737346882303-140737346882308-
140737346882480,4008,2,140737346882480-140737346882482-
140737346883136,4014,8,140737346883136-140737346883140-140737346883143-140737346883146-140737346883151-140737346883155-140737346883160-140737346883163-
140737346883168,3984,2,140737346883168-140737346883172-
140737346883354,4098,4,140737346883354-140737346883357-140737346883365-140737346883370-
140737346883373,4099,2,140737346883373-140737346883376-
140737346883648,3962,2,140737346883648-140737346883652-
140737346910128,5020,8,140737346910128-140737346910132-140737346910134-140737346910137-140737346910140-140737346910144-140737346910152-140737346910155-
140737346910157,5021,2,140737346910157-140737346910160-
140737346910163,5065,2,140737346910163-140737346910166-
140737346910168,5066,3,140737346910168-140737346910171-140737346910173-
140737346912064,4912,13,140737346912064-140737346912068-140737346912069-140737346912072-140737346912073-140737346912077-140737346912080-140737346912083-140737346912087-140737346912091-140737346912094-140737346912101-140737346912104-
140737346912154,4913,3,140737346912154-140737346912157-140737346912159-
140737346912161,4914,5,140737346912161-140737346912165-140737346912169-140737346912170-140737346912171-
140737346912704,5003,14,140737346912704-140737346912708-140737346912710-140737346912713-140737346912714-140737346912715-140737346912717-140737346912720-140737346912724-140737346912733-140737346912738-140737346912740-140737346912743-140737346912746-
140737346912751,5004,2,140737346912751-140737346912755-
140737346912757,5005,6,140737346912757-140737346912761-140737346912765-140737346912773-140737346912777-140737346912781-
140737346912790,5015,6,140737346912790-140737346912795-140737346912798-140737346912802-140737346912805-140737346912809-
140737346912820,5016,3,140737346912820-140737346912825-140737346912834-
140737346912836,5017,6,140737346912836-140737346912840-140737346912843-140737346912844-140737346912845-140737346912847-
140737346912896,5006,3,140737346912896-140737346912899-140737346912902-
140737346912905,5014,2,140737346912905-140737346912908-
140737346913984,4909,18,140737346913984-140737346913988-140737346913990-140737346913992-140737346913994-140737346913997-140737346913999-140737346914002-140737346914003-140737346914004-140737346914008-140737346914012-140737346914017-140737346914020-140737346914023-140737346914032-140737346914037-140737346914039-
140737346914044,4915,2,140737346914044-140737346914049-
140737346914055,4916,7,140737346914055-140737346914059-140737346914063-140737346914067-140737346914071-140737346914076-140737346914079-
140737346914245,4935,7,140737346914245-140737346914253-140737346914258-140737346914261-140737346914265-140737346914268-140737346914272-
140737346914320,4936,3,140737346914320-140737346914325-140737346914334-
140737346914340,4937,9,140737346914340-140737346914344-140737346914347-140737346914348-140737346914349-140737346914351-140737346914353-140737346914355-140737346914357-
140737346914368,4917,5,140737346914368-140737346914375-140737346914379-140737346914382-140737346914385-
140737346914388,4934,5,140737346914388-140737346914392-140737346914396-140737346914399-140737346914402-
140737346915584,4940,17,140737346915584-140737346915588-140737346915590-140737346915592-140737346915594-140737346915596-140737346915599-140737346915600-140737346915601-140737346915604-140737346915607-140737346915611-140737346915620-140737346915625-140737346915627-140737346915630-140737346915633-
140737346915638,4941,2,140737346915638-140737346915642-
140737346915644,4942,6,140737346915644-140737346915648-140737346915652-140737346915655-140737346915662-140737346915665-
140737346915671,4943,2,140737346915671-140737346915679-
140737346915685,4992,10,140737346915685-140737346915693-140737346915700-140737346915703-140737346915706-140737346915709-140737346915713-140737346915718-140737346915721-140737346915724-
140737346915693,4965,9,140737346915693-140737346915700-140737346915703-140737346915706-140737346915709-140737346915713-140737346915718-140737346915721-140737346915724-
140737346915727,4986,2,140737346915727-140737346915729-
140737346915753,4987,6,140737346915753-140737346915758-140737346915761-140737346915765-140737346915768-140737346915772-
140737346915816,4988,3,140737346915816-140737346915821-140737346915830-
140737346915836,4989,9,140737346915836-140737346915840-140737346915843-140737346915844-140737346915845-140737346915847-140737346915849-140737346915851-140737346915853-
140737346915856,4944,3,140737346915856-140737346915863-140737346915866-
140737346915872,4945,2,140737346915872-140737346915877-
140737346915887,4964,6,140737346915887-140737346915894-140737346915898-140737346915906-140737346915910-140737346915913-
140737346915920,4946,2,140737346915920-140737346915923-
140737346915928,4963,6,140737346915928-140737346915931-140737346915937-140737346915941-140737346915948-140737346915953-
140737346920912,5299,8,140737346920912-140737346920916-140737346920918-140737346920921-140737346920924-140737346920928-140737346920936-140737346920939-
140737346920941,5300,2,140737346920941-140737346920944-
140737346920947,5302,2,140737346920947-140737346920950-
140737346920952,5303,3,140737346920952-140737346920955-140737346920957-
140737346977456,3043,5,140737346977456-140737346977460-140737346977470-140737346977473-140737346977476-
140737346977478,3044,2,140737346977478-140737346977481-
140737346977483,3045,3,140737346977483-140737346977486-140737346977489-
140737346977491,3484,2,140737346977491-140737346977494-
140737346977520,3485,4,140737346977520-140737346977523-140737346977526-140737346977530-
140737346977526,3046,2,140737346977526-140737346977530-
140737346978592,3479,27,140737346978592-140737346978596-140737346978598-140737346978600-140737346978603-140737346978605-140737346978607-140737346978611-140737346978612-140737346978615-140737346978616-140737346978619-140737346978623-140737346978627-140737346978631-140737346978634-140737346978643-140737346978648-140737346978650-140737346978654-140737346978659-140737346978662-140737346978665-140737346978668-140737346978671-140737346978676-140737346978679-
140737346978689,3481,3,140737346978689-140737346978694-140737346978697-
140737346978702,3486,3,140737346978702-140737346978705-140737346978708-
140737346978710,3487,3,140737346978710-140737346978713-140737346978717-
140737346978723,3488,3,140737346978723-140737346978726-140737346978729-
140737346978734,3489,2,140737346978734-140737346978739-
140737346978741,3490,2,140737346978741-140737346978744-
140737346978746,3491,3,140737346978746-140737346978750-140737346978754-
140737346978760,3492,3,140737346978760-140737346978764-140737346978767-
140737346978772,3493,3,140737346978772-140737346978776-140737346978779-
140737346978811,3494,3,140737346978811-140737346978814-140737346978817-
140737346978824,3495,6,140737346978824-140737346978829-140737346978832-140737346978836-140737346978841-140737346978850-
140737346978852,3496,8,140737346978852-140737346978856-140737346978857-140737346978858-140737346978860-140737346978862-140737346978864-140737346978866-
140737346978912,3480,2,140737346978912-140737346978917-
140737346979920,3310,11,140737346979920-140737346979924-140737346979926-140737346979929-140737346979930-140737346979931-140737346979934-140737346979938-140737346979942-140737346979947-140737346979950-
140737346979960,3311,4,140737346979960-140737346979963-140737346979967-140737346979970-
140737346979980,3313,2,140737346979980-140737346979983-
140737346979985,3314,5,140737346979985-140737346979989-140737346979994-140737346979998-140737346980001-
140737346980066,3316,5,140737346980066-140737346980070-140737346980071-140737346980072-140737346980074-
140737346980080,3315,2,140737346980080-140737346980083-
140737346980160,3312,2,140737346980160-140737346980165-
140737346984720,3320,11,140737346984720-140737346984724-140737346984726-140737346984729-140737346984730-140737346984735-140737346984739-140737346984743-140737346984746-140737346984750-140737346984753-
140737346984755,3537,3,140737346984755-140737346984760-140737346984763-
140737346984760,3322,2,140737346984760-140737346984763-
140737346984765,3323,2,140737346984765-140737346984768-
140737346984770,3324,3,140737346984770-140737346984773-140737346984777-
140737346984779,3328,1,140737346984779-
140737346984784,3334,8,140737346984784-140737346984788-140737346984793-140737346984796-140737346984800-140737346984804-140737346984805-140737346984807-
140737346984788,3326,7,140737346984788-140737346984793-140737346984796-140737346984800-140737346984804-140737346984805-140737346984807-
140737346984816,3476,6,140737346984816-140737346984819-140737346984822-140737346984825-140737346984827-140737346984830-
140737346984835,3497,2,140737346984835-140737346984839-
140737346984848,3321,2,140737346984848-140737346984853-
140737346984864,3325,4,140737346984864-140737346984867-140737346984869-140737346984873-
140737346986304,3696,6,140737346986304-140737346986308-140737346986311-140737346986315-140737346986322-140737346986325-
140737346986327,3697,7,140737346986327-140737346986331-140737346986334-140737346986337-140737346986341-140737346986344-140737346986348-
140737346986344,3699,2,140737346986344-140737346986348-
140737346986350,3698,2,140737346986350-140737346986354-
140737346986356,3700,1,140737346986356-
140737346987696,3100,11,140737346987696-140737346987700-140737346987702-140737346987705-140737346987707-140737346987710-140737346987711-140737346987712-140737346987716-140737346987720-140737346987723-
140737346987728,3103,6,140737346987728-140737346987731-140737346987734-140737346987737-140737346987741-140737346987744-
140737346987746,3711,3,140737346987746-140737346987750-140737346987753-
140737346987758,3715,2,140737346987758-140737346987760-
140737346987762,3104,4,140737346987762-140737346987765-140737346987770-140737346987777-
140737346987779,3105,9,140737346987779-140737346987786-140737346987791-140737346987794-140737346987798-140737346987799-140737346987800-140737346987802-140737346987804-
140737346987794,3716,6,140737346987794-140737346987798-140737346987799-140737346987800-140737346987802-140737346987804-
140737347001040,2673,15,140737347001040-140737347001044-140737347001046-140737347001048-140737347001049-140737347001052-140737347001056-140737347001059-140737347001063-140737347001066-140737347001074-140737347001077-140737347001084-140737347001088-140737347001091-
140737347001096,2674,4,140737347001096-140737347001098-140737347001101-140737347001105-
140737347001110,2681,4,140737347001110-140737347001114-140737347001115-140737347001117-
140737347002832,2796,13,140737347002832-140737347002836-140737347002838-140737347002840-140737347002841-140737347002844-140737347002848-140737347002851-140737347002854-140737347002857-140737347002864-140737347002868-140737347002871-
140737347002876,2797,2,140737347002876-140737347002880-
140737347002885,2798,5,140737347002885-140737347002889-140737347002893-140737347002894-140737347002896-
140737347004576,2971,5,140737347004576-140737347004580-140737347004581-140737347004584-140737347004591-
140737347004596,2972,4,140737347004596-140737347004599-140737347004603-140737347004607-
140737347004609,2973,3,140737347004609-140737347004613-140737347004616-
140737347004618,2974,4,140737347004618-140737347004625-140737347004632-140737347004634-
140737347004639,2975,2,140737347004639-140737347004642-
140737347004644,2976,2,140737347004644-140737347004645-
140737347007872,2989,5,140737347007872-140737347007876-140737347007877-140737347007880-140737347007887-
140737347007892,2990,4,140737347007892-140737347007895-140737347007899-140737347007903-
140737347007905,2991,3,140737347007905-140737347007909-140737347007912-
140737347007914,2992,4,140737347007914-140737347007921-140737347007928-140737347007930-
140737347007935,2993,2,140737347007935-140737347007938-
140737347007940,2994,2,140737347007940-140737347007941-
140737347007952,3007,5,140737347007952-140737347007956-140737347007957-140737347007960-140737347007967-
140737347007972,3008,4,140737347007972-140737347007975-140737347007979-140737347007983-
140737347007985,3009,3,140737347007985-140737347007989-140737347007992-
140737347007994,3010,4,140737347007994-140737347008001-140737347008008-140737347008010-
140737347008015,3011,2,140737347008015-140737347008018-
140737347008020,3012,2,140737347008020-140737347008021-
140737347012912,2962,5,140737347012912-140737347012916-140737347012917-140737347012920-140737347012927-
140737347012932,2963,4,140737347012932-140737347012935-140737347012938-140737347012942-
140737347012944,2964,4,140737347012944-140737347012948-140737347012952-140737347012955-
140737347012957,2965,4,140737347012957-140737347012964-140737347012971-140737347012973-
140737347012978,2966,5,140737347012978-140737347012981-140737347012985-140737347012988-140737347012989-
140737347013232,2980,5,140737347013232-140737347013236-140737347013237-140737347013240-140737347013247-
140737347013252,2981,4,140737347013252-140737347013255-140737347013258-140737347013262-
140737347013264,2982,4,140737347013264-140737347013268-140737347013272-140737347013275-
140737347013277,2983,4,140737347013277-140737347013284-140737347013291-140737347013293-
140737347013298,2984,5,140737347013298-140737347013301-140737347013305-140737347013308-140737347013309-
140737347013312,2998,5,140737347013312-140737347013316-140737347013317-140737347013320-140737347013327-
140737347013332,2999,4,140737347013332-140737347013335-140737347013338-140737347013342-
140737347013344,3000,4,140737347013344-140737347013348-140737347013352-140737347013355-
140737347013357,3001,4,140737347013357-140737347013364-140737347013371-140737347013373-
140737347013378,3002,5,140737347013378-140737347013381-140737347013385-140737347013388-140737347013389-
140737347163600,5382,2,140737347163600-140737347163604-
140737347163616,5381,2,140737347163616-140737347163620-
140737347163632,5377,2,140737347163632-140737347163636-
140737347253044,5399,4,140737347253044-140737347253048-140737347253052-140737347253056-
140737349775360,1995,5,140737349775360-140737349775364-140737349775368-140737349775375-140737349775378-
140737349775382,1996,2,140737349775382-140737349775386-
140737349776128,5403,2,140737349776128-140737349776132-
140737349777104,1997,12,140737349777104-140737349777108-140737349777115-140737349777117-140737349777119-140737349777121-140737349777123-140737349777126-140737349777127-140737349777128-140737349777131-140737349777133-
140737349777139,1998,4,140737349777139-140737349777142-140737349777144-140737349777146-
140737349777152,1999,6,140737349777152-140737349777155-140737349777157-140737349777160-140737349777163-140737349777165-
140737349777171,2000,4,140737349777171-140737349777174-140737349777176-140737349777178-
140737349777184,2001,19,140737349777184-140737349777189-140737349777191-140737349777193-140737349777195-140737349777198-140737349777202-140737349777205-140737349777208-140737349777210-140737349777213-140737349777217-140737349777219-140737349777222-140737349777225-140737349777228-140737349777233-140737349777236-140737349777242-
140737349777254,2004,5,140737349777254-140737349777257-140737349777260-140737349777263-140737349777270-
140737349777272,2005,3,140737349777272-140737349777275-140737349777282-
140737349777284,2006,3,140737349777284-140737349777287-140737349777294-
140737349777296,2007,3,140737349777296-140737349777299-140737349777306-
140737349777308,2008,3,140737349777308-140737349777311-140737349777318-
140737349777320,2009,3,140737349777320-140737349777326-140737349777330-
140737349777332,2010,3,140737349777332-140737349777338-140737349777342-
140737349777344,2011,3,140737349777344-140737349777347-140737349777354-
140737349777356,2012,3,140737349777356-140737349777359-140737349777366-
140737349777368,2013,3,140737349777368-140737349777372-140737349777379-
140737349777381,2014,3,140737349777381-140737349777387-140737349777390-
140737349777392,2015,2,140737349777392-140737349777399-
140737349777401,2016,3,140737349777401-140737349777407-140737349777414-
140737349777416,2017,3,140737349777416-140737349777422-140737349777426-
140737349777432,2018,5,140737349777432-140737349777437-140737349777439-140737349777441-140737349777444-
140737349777446,2019,3,140737349777446-140737349777452-140737349777455-
140737349777457,2020,2,140737349777457-140737349777460-
140737349777462,2021,3,140737349777462-140737349777468-140737349777471-
140737349777473,2022,3,140737349777473-140737349777479-140737349777482-
140737349777488,2023,2,140737349777488-140737349777494-
140737349777496,2024,3,140737349777496-140737349777502-140737349777504-
140737349777506,2025,3,140737349777506-140737349777512-140737349777518-
140737349777520,2026,3,140737349777520-140737349777526-140737349777532-
140737349777534,2027,3,140737349777534-140737349777540-140737349777546-
140737349777548,2028,3,140737349777548-140737349777554-140737349777560-
140737349777568,2029,2,140737349777568-140737349777574-
140737349777582,2030,2,140737349777582-140737349777588-
140737349777596,2031,2,140737349777596-140737349777599-
140737349777607,2032,2,140737349777607-140737349777610-
140737349777618,2033,2,140737349777618-140737349777621-
140737349777629,2034,2,140737349777629-140737349777632-
140737349777640,2035,2,140737349777640-140737349777643-
140737349777651,2036,7,140737349777651-140737349777656-140737349777661-140737349777663-140737349777668-140737349777670-140737349777675-
140737349777677,2037,4,140737349777677-140737349777682-140737349777684-140737349777687-
140737349777695,2038,2,140737349777695-140737349777698-
140737349777700,2039,2,140737349777700-140737349777706-
140737349777714,2040,2,140737349777714-140737349777717-
140737349777725,2041,3,140737349777725-140737349777729-140737349777736-
140737349777757,2049,8,140737349777757-140737349777758-140737349777761-140737349777762-140737349777764-140737349777766-140737349777768-140737349777770-
140737349777771,2002,6,140737349777771-140737349777774-140737349777777-140737349777779-140737349777782-140737349777785-
140737349777791,2003,6,140737349777791-140737349777796-140737349777799-140737349777805-140737349777810-140737349777814-
140737349777819,2042,2,140737349777819-140737349777822-
140737349777828,2048,3,140737349777828-140737349777835-140737349777838-
140737349778072,2043,4,140737349778072-140737349778076-140737349778079-140737349778084-
140737349778090,2044,3,140737349778090-140737349778093-140737349778098-
140737349778104,2045,4,140737349778104-140737349778111-140737349778115-140737349778118-
140737349778319,2046,6,140737349778319-140737349778327-140737349778332-140737349778334-140737349778336-140737349778339-
140737349778509,2047,2,140737349778509-140737349778517-
140737349778528,5405,4,140737349778528-140737349778535-140737349778542-140737349778545-
140737349778568,5406,1,140737349778568-
140737349778576,2051,9,140737349778576-140737349778583-140737349778590-140737349778593-140737349778596-140737349778600-140737349778604-140737349778607-140737349778610-
140737349778632,2052,1,140737349778632-
140737349778640,5400,3,140737349778640-140737349778644-140737349778651-
140737349778653,5401,4,140737349778653-140737349778654-140737349778662-140737349778665-
140737349778667,5402,2,140737349778667-140737349778674-
140737349778679,5404,1,140737349778679-
140737349778684,5407,3,140737349778684-140737349778691-140737349778692-
140737349778704,2050,2,140737349778704-140737349778708-
140737349845080,5408,4,140737349845080-140737349845084-140737349845088-140737349845092-
140737351569536,719,2,140737351569536-140737351569540-
140737351569552,806,2,140737351569552-140737351569556-
140737351569568,243,2,140737351569568-140737351569572-
140737351569600,240,2,140737351569600-140737351569604-
140737351569664,1,2,140737351569664-140737351569667-
140737351569672,1861,14,140737351569672-140737351569675-140737351569681-140737351569682-140737351569686-140737351569688-140737351569689-140737351569692-140737351569695-140737351569699-140737351569706-140737351569711-140737351569715-140737351569717-
140737351569722,2359,3,140737351569722-140737351569729-140737351569732-
140737351569744,272,3,140737351569744-140737351569748-140737351569752-
140737351569760,276,3,140737351569760-140737351569764-140737351569768-
140737351572464,1431,5,140737351572464-140737351572465-140737351572472-140737351572480-140737351572487-
140737351572493,1432,4,140737351572493-140737351572497-140737351572502-140737351572506-
140737351572511,1433,7,140737351572511-140737351572515-140737351572523-140737351572530-140737351572534-140737351572537-140737351572545-
140737351572551,1434,3,140737351572551-140737351572558-140737351572561-
140737351572567,1435,5,140737351572567-140737351572569-140737351572571-140737351572579-140737351572582-
140737351572571,1437,3,140737351572571-140737351572579-140737351572582-
140737351572588,1438,8,140737351572588-140737351572592-140737351572595-140737351572600-140737351572604-140737351572607-140737351572610-140737351572613-
140737351572615,1440,2,140737351572615-140737351572618-
140737351572624,1441,1,140737351572624-
140737351572629,1451,1,140737351572629-
140737351572634,1459,3,140737351572634-140737351572637-140737351572640-
140737351572642,1460,7,140737351572642-140737351572646-140737351572651-140737351572658-140737351572663-140737351572666-140737351572670-
140737351572672,1461,2,140737351572672-140737351572674-
140737351572722,1462,4,140737351572722-140737351572725-140737351572732-140737351572733-
140737351572734,1436,3,140737351572734-140737351572738-140737351572741-
140737351572747,1439,1,140737351572747-
140737351572912,1355,7,140737351572912-140737351572916-140737351572917-140737351572920-140737351572923-140737351572928-140737351572935-
140737351572940,1426,2,140737351572940-140737351572942-
140737351572950,1427,2,140737351572950-140737351572951-
140737351572976,2,22,140737351572976-140737351572980-140737351572981-140737351572984-140737351572986-140737351572989-140737351572991-140737351572993-140737351572995-140737351572996-140737351573000-140737351573002-140737351573006-140737351573009-140737351573016-140737351573023-140737351573030-140737351573033-140737351573040-140737351573047-140737351573054-140737351573057-
140737351573059,3,9,140737351573059-140737351573064-140737351573070-140737351573075-140737351573081-140737351573088-140737351573094-140737351573100-140737351573106-
140737351573112,6,4,140737351573112-140737351573115-140737351573118-140737351573122-
140737351573128,12,7,140737351573128-140737351573131-140737351573134-140737351573138-140737351573142-140737351573146-140737351573149-
140737351573151,4,2,140737351573151-140737351573155-
140737351573157,5,5,140737351573157-140737351573161-140737351573165-140737351573169-140737351573172-
140737351573161,11,4,140737351573161-140737351573165-140737351573169-140737351573172-
140737351573174,13,2,140737351573174-140737351573177-
140737351573183,14,3,140737351573183-140737351573190-140737351573193-
140737351573195,15,4,140737351573195-140737351573199-140737351573206-140737351573209-
140737351573211,16,4,140737351573211-140737351573215-140737351573222-140737351573225-
140737351573227,17,4,140737351573227-140737351573231-140737351573238-140737351573241-
140737351573243,18,4,140737351573243-140737351573247-140737351573254-140737351573257-
140737351573259,19,4,140737351573259-140737351573263-140737351573270-140737351573273-
140737351573275,20,4,140737351573275-140737351573279-140737351573286-140737351573289-
140737351573291,21,4,140737351573291-140737351573295-140737351573302-140737351573305-
140737351573307,22,4,140737351573307-140737351573311-140737351573318-140737351573321-
140737351573323,23,2,140737351573323-140737351573328-
140737351573334,24,3,140737351573334-140737351573341-140737351573344-
140737351573346,25,3,140737351573346-140737351573353-140737351573358-
140737351573364,26,3,140737351573364-140737351573371-140737351573374-
140737351573390,27,3,140737351573390-140737351573397-140737351573400-
140737351573416,28,2,140737351573416-140737351573424-
140737351573430,29,2,140737351573430-140737351573438-
140737351573444,30,2,140737351573444-140737351573447-
140737351573467,50,7,140737351573467-140737351573474-140737351573476-140737351573483-140737351573487-140737351573490-140737351573497-
140737351573502,54,12,140737351573502-140737351573509-140737351573512-140737351573519-140737351573526-140737351573533-140737351573540-140737351573547-140737351573554-140737351573561-140737351573568-140737351573575-
140737351573580,1859,3,140737351573580-140737351573583-140737351573590-
140737351573596,1860,9,140737351573596-140737351573600-140737351573603-140737351573604-140737351573606-140737351573608-140737351573610-140737351573612-140737351573613-
140737351573616,7,5,140737351573616-140737351573619-140737351573622-140737351573625-140737351573628-
140737351573648,8,4,140737351573648-140737351573651-140737351573654-140737351573658-
140737351573680,31,2,140737351573680-140737351573683-
140737351573689,32,9,140737351573689-140737351573693-140737351573700-140737351573707-140737351573711-140737351573714-140737351573717-140737351573721-140737351573724-
140737351573726,33,5,140737351573726-140737351573730-140737351573734-140737351573738-140737351573741-
140737351573743,34,13,140737351573743-140737351573750-140737351573757-140737351573760-140737351573764-140737351573768-140737351573771-140737351573774-140737351573777-140737351573781-140737351573788-140737351573792-140737351573795-
140737351573797,35,5,140737351573797-140737351573800-140737351573803-140737351573806-140737351573810-
140737351573800,37,4,140737351573800-140737351573803-140737351573806-140737351573810-
140737351573816,36,6,140737351573816-140737351573820-140737351573824-140737351573827-140737351573830-140737351573833-
140737351573835,38,2,140737351573835-140737351573843-
140737351573849,39,3,140737351573849-140737351573856-140737351573859-
140737351573872,47,2,140737351573872-140737351573876-
140737351573882,49,3,140737351573882-140737351573886-140737351573889-
140737351573895,40,10,140737351573895-140737351573899-140737351573902-140737351573905-140737351573908-140737351573911-140737351573915-140737351573919-140737351573923-140737351573927-
140737351573929,41,3,140737351573929-140737351573931-140737351573934-
140737351573936,42,6,140737351573936-140737351573941-140737351573946-140737351573950-140737351573954-140737351573959-
140737351573965,43,3,140737351573965-140737351573972-140737351573976-
140737351573982,44,2,140737351573982-140737351573986-
140737351573992,45,1,140737351573992-
140737351573994,46,2,140737351573994-140737351574001-
140737351574032,9,4,140737351574032-140737351574035-140737351574038-140737351574042-
140737351574048,10,5,140737351574048-140737351574051-140737351574054-140737351574057-140737351574061-
140737351574112,48,3,140737351574112-140737351574116-140737351574119-
140737351575008,211,38,140737351575008-140737351575012-140737351575013-140737351575020-140737351575023-140737351575025-140737351575027-140737351575029-140737351575032-140737351575034-140737351575037-140737351575038-140737351575045-140737351575052-140737351575059-140737351575066-140737351575071-140737351575077-140737351575084-140737351575091-140737351575098-140737351575105-140737351575110-140737351575117-140737351575123-140737351575127-140737351575137-140737351575144-140737351575151-140737351575153-140737351575157-140737351575164-140737351575168-140737351575171-140737351575178-140737351575185-140737351575192-140737351575199-
140737351575192,229,2,140737351575192-140737351575199-
140737351575204,218,3,140737351575204-140737351575207-140737351575210-
140737351575212,219,3,140737351575212-140737351575215-140737351575218-
140737351575220,220,3,140737351575220-140737351575222-140737351575224-
140737351575232,222,2,140737351575232-140737351575235-
140737351575237,221,4,140737351575237-140737351575241-140737351575246-140737351575248-
140737351575255,223,3,140737351575255-140737351575259-140737351575263-
140737351575265,224,3,140737351575265-140737351575269-140737351575272-
140737351575275,231,3,140737351575275-140737351575282-140737351575285-
140737351575291,232,3,140737351575291-140737351575298-140737351575301-
140737351575312,233,3,140737351575312-140737351575319-140737351575323-
140737351576297,225,3,140737351576297-140737351576303-140737351576305-
140737351576311,226,3,140737351576311-140737351576321-140737351576324-
140737351576851,234,7,140737351576851-140737351576858-140737351576861-140737351576863-140737351576865-140737351576871-140737351576874-
140737351576879,269,3,140737351576879-140737351576882-140737351576885-
140737351576891,270,8,140737351576891-140737351576898-140737351576905-140737351576907-140737351576910-140737351576918-140737351576922-140737351576929-
140737351576934,277,2,140737351576934-140737351576941-
140737351576947,278,12,140737351576947-140737351576954-140737351576960-140737351576968-140737351576979-140737351576987-140737351576995-140737351577003-140737351577006-140737351577010-140737351577017-140737351577020-
140737351577026,279,13,140737351577026-140737351577033-140737351577036-140737351577039-140737351577042-140737351577049-140737351577056-140737351577059-140737351577062-140737351577069-140737351577076-140737351577078-140737351577081-
140737351577076,284,3,140737351577076-140737351577078-140737351577081-
140737351577087,280,2,140737351577087-140737351577089-
140737351577091,281,2,140737351577091-140737351577094-
140737351577096,282,3,140737351577096-140737351577100-140737351577103-
140737351577106,311,4,140737351577106-140737351577109-140737351577112-140737351577116-
140737351577118,312,3,140737351577118-140737351577126-140737351577128-
140737351577130,313,4,140737351577130-140737351577138-140737351577142-140737351577149-
140737351577138,286,3,140737351577138-140737351577142-140737351577149-
140737351577151,319,7,140737351577151-140737351577158-140737351577161-140737351577168-140737351577175-140737351577182-140737351577185-
140737351577197,320,2,140737351577197-140737351577200-
140737351577213,321,2,140737351577213-140737351577216-
140737351577222,322,3,140737351577222-140737351577229-140737351577232-
140737351577238,323,3,140737351577238-140737351577245-140737351577248-
140737351577250,324,6,140737351577250-140737351577254-140737351577261-140737351577264-140737351577268-140737351577271-
140737351577276,329,2,140737351577276-140737351577278-
140737351577280,330,5,140737351577280-140737351577291-140737351577296-140737351577303-140737351577313-
140737351577319,331,4,140737351577319-140737351577326-140737351577330-140737351577337-
140737351577343,332,2,140737351577343-140737351577350-
140737351577356,333,3,140737351577356-140737351577360-140737351577363-
140737351577369,334,4,140737351577369-140737351577372-140737351577376-140737351577379-
140737351577381,335,7,140737351577381-140737351577387-140737351577393-140737351577398-140737351577404-140737351577410-140737351577416-
140737351577418,338,4,140737351577418-140737351577421-140737351577424-140737351577428-
140737351577434,343,7,140737351577434-140737351577437-140737351577440-140737351577444-140737351577448-140737351577452-140737351577455-
140737351577457,336,2,140737351577457-140737351577461-
140737351577463,337,5,140737351577463-140737351577467-140737351577471-140737351577475-140737351577478-
140737351577480,344,3,140737351577480-140737351577483-140737351577486-
140737351577488,345,3,140737351577488-140737351577492-140737351577495-
140737351577501,346,3,140737351577501-140737351577505-140737351577508-
140737351577510,347,4,140737351577510-140737351577514-140737351577518-140737351577521-
140737351577523,348,4,140737351577523-140737351577527-140737351577531-140737351577534-
140737351577536,349,4,140737351577536-140737351577540-140737351577544-140737351577547-
140737351577549,350,4,140737351577549-140737351577553-140737351577560-140737351577563-
140737351577565,351,4,140737351577565-140737351577569-140737351577576-140737351577579-
140737351577581,352,4,140737351577581-140737351577585-140737351577592-140737351577595-
140737351577597,353,4,140737351577597-140737351577601-140737351577608-140737351577611-
140737351577613,354,2,140737351577613-140737351577618-
140737351577624,355,2,140737351577624-140737351577629-
140737351577631,356,3,140737351577631-140737351577638-140737351577643-
140737351577649,357,3,140737351577649-140737351577656-140737351577659-
140737351577661,358,4,140737351577661-140737351577665-140737351577672-140737351577675-
140737351577684,359,2,140737351577684-140737351577687-
140737351577696,360,2,140737351577696-140737351577699-
140737351577705,362,3,140737351577705-140737351577712-140737351577715-
140737351577717,363,5,140737351577717-140737351577721-140737351577728-140737351577730-140737351577732-
140737351577742,364,2,140737351577742-140737351577749-
140737351577755,365,2,140737351577755-140737351577758-
140737351577764,367,2,140737351577764-140737351577772-
140737351577785,368,2,140737351577785-140737351577788-
140737351577793,369,2,140737351577793-140737351577800-
140737351577806,370,2,140737351577806-140737351577814-
140737351577820,371,7,140737351577820-140737351577827-140737351577830-140737351577833-140737351577835-140737351577840-140737351577843-
140737351577848,380,3,140737351577848-140737351577851-140737351577854-
140737351577860,381,9,140737351577860-140737351577867-140737351577869-140737351577873-140737351577877-140737351577880-140737351577888-140737351577895-140737351577898-
140737351577904,383,2,140737351577904-140737351577907-
140737351577913,391,2,140737351577913-140737351577916-
140737351577922,389,4,140737351577922-140737351577926-140737351577930-140737351577933-
140737351577935,382,3,140737351577935-140737351577937-140737351577940-
140737351577942,390,9,140737351577942-140737351577946-140737351577950-140737351577954-140737351577958-140737351577962-140737351577966-140737351577974-140737351577977-
140737351577979,392,9,140737351577979-140737351577986-140737351577990-140737351577993-140737351578000-140737351578007-140737351578011-140737351578015-140737351578019-
140737351578025,393,4,140737351578025-140737351578028-140737351578032-140737351578035-
140737351578037,394,6,140737351578037-140737351578043-140737351578049-140737351578054-140737351578060-140737351578066-
140737351578068,397,4,140737351578068-140737351578071-140737351578074-140737351578078-
140737351578084,402,7,140737351578084-140737351578087-140737351578090-140737351578094-140737351578098-140737351578102-140737351578105-
140737351578107,395,2,140737351578107-140737351578111-
140737351578113,396,5,140737351578113-140737351578117-140737351578121-140737351578125-140737351578128-
140737351578130,403,2,140737351578130-140737351578133-
140737351578139,404,3,140737351578139-140737351578143-140737351578146-
140737351578152,405,17,140737351578152-140737351578155-140737351578160-140737351578165-140737351578171-140737351578177-140737351578182-140737351578189-140737351578193-140737351578198-140737351578201-140737351578208-140737351578215-140737351578219-140737351578224-140737351578228-140737351578231-
140737351578282,406,3,140737351578282-140737351578286-140737351578289-
140737351578291,407,16,140737351578291-140737351578295-140737351578302-140737351578305-140737351578308-140737351578311-140737351578314-140737351578318-140737351578322-140737351578325-140737351578328-140737351578331-140737351578334-140737351578337-140737351578341-140737351578344-
140737351578346,408,15,140737351578346-140737351578353-140737351578356-140737351578359-140737351578362-140737351578366-140737351578369-140737351578373-140737351578377-140737351578380-140737351578383-140737351578386-140737351578389-140737351578393-140737351578396-
140737351578438,409,3,140737351578438-140737351578445-140737351578448-
140737351578490,410,3,140737351578490-140737351578497-140737351578500-
140737351578502,411,12,140737351578502-140737351578509-140737351578512-140737351578515-140737351578518-140737351578522-140737351578525-140737351578529-140737351578536-140737351578539-140737351578546-140737351578549-
140737351578551,412,10,140737351578551-140737351578558-140737351578562-140737351578565-140737351578568-140737351578572-140737351578575-140737351578582-140737351578589-140737351578592-
140737351578605,413,2,140737351578605-140737351578610-
140737351578630,414,3,140737351578630-140737351578637-140737351578640-
140737351578642,415,4,140737351578642-140737351578646-140737351578653-140737351578656-
140737351578658,416,3,140737351578658-140737351578665-140737351578668-
140737351578677,417,2,140737351578677-140737351578680-
140737351578686,418,3,140737351578686-140737351578693-140737351578696-
140737351578741,419,2,140737351578741-140737351578749-
140737351578762,420,2,140737351578762-140737351578765-
140737351578770,421,9,140737351578770-140737351578777-140737351578781-140737351578789-140737351578800-140737351578807-140737351578810-140737351578817-140737351578820-
140737351578822,422,5,140737351578822-140737351578826-140737351578830-140737351578834-140737351578837-
140737351578842,423,3,140737351578842-140737351578846-140737351578849-
140737351578854,424,3,140737351578854-140737351578857-140737351578860-
140737351578866,425,3,140737351578866-140737351578869-140737351578872-
140737351578877,428,6,140737351578877-140737351578881-140737351578885-140737351578888-140737351578890-140737351578893-
140737351578898,431,2,140737351578898-140737351578903-
140737351578909,432,2,140737351578909-140737351578913-
140737351578919,433,8,140737351578919-140737351578926-140737351578933-140737351578940-140737351578944-140737351578948-140737351578955-140737351578962-
140737351579085,294,2,140737351579085-140737351579093-
140737351579099,295,2,140737351579099-140737351579104-
140737351579110,296,4,140737351579110-140737351579114-140737351579121-140737351579125-
140737351579131,297,8,140737351579131-140737351579134-140737351579139-140737351579143-140737351579146-140737351579149-140737351579152-140737351579159-
140737351579171,310,10,140737351579171-140737351579177-140737351579181-140737351579185-140737351579190-140737351579194-140737351579197-140737351579204-140737351579207-140737351579214-
140737351579220,298,4,140737351579220-140737351579222-140737351579228-140737351579231-
140737351579233,299,2,140737351579233-140737351579237-
140737351579239,300,2,140737351579239-140737351579246-
140737351579248,301,3,140737351579248-140737351579256-140737351579259-
140737351579265,302,6,140737351579265-140737351579268-140737351579271-140737351579278-140737351579281-140737351579284-
140737351579290,303,2,140737351579290-140737351579294-
140737351579300,304,4,140737351579300-140737351579304-140737351579308-140737351579315-
140737351579317,306,5,140737351579317-140737351579321-140737351579324-140737351579329-140737351579336-
140737351579342,307,2,140737351579342-140737351579349-
140737351579392,305,7,140737351579392-140737351579396-140737351579399-140737351579402-140737351579409-140737351579412-140737351579415-
140737351579422,285,8,140737351579422-140737351579429-140737351579432-140737351579438-140737351579442-140737351579449-140737351579452-140737351579455-
140737351579530,293,6,140737351579530-140737351579533-140737351579537-140737351579541-140737351579545-140737351579552-
140737351579563,287,7,140737351579563-140737351579567-140737351579574-140737351579577-140737351579580-140737351579583-140737351579590-
140737351579592,288,5,140737351579592-140737351579599-140737351579603-140737351579606-140737351579613-
140737351579599,290,4,140737351579599-140737351579603-140737351579606-140737351579613-
140737351579615,289,3,140737351579615-140737351579622-140737351579626-
140737351579632,291,2,140737351579632-140737351579639-
140737351579645,292,4,140737351579645-140737351579652-140737351579656-140737351579663-
140737351579674,283,6,140737351579674-140737351579677-140737351579681-140737351579685-140737351579688-140737351579695-
140737351579712,314,2,140737351579712-140737351579718-
140737351579724,315,2,140737351579724-140737351579730-
140737351579736,317,7,140737351579736-140737351579741-140737351579746-140737351579750-140737351579755-140737351579763-140737351579770-
140737351579776,318,1,140737351579776-
140737351579784,384,3,140737351579784-140737351579789-140737351579793-
140737351579795,385,4,140737351579795-140737351579799-140737351579803-140737351579810-
140737351579812,386,3,140737351579812-140737351579819-140737351579823-
140737351579829,387,2,140737351579829-140737351579836-
140737351579842,388,2,140737351579842-140737351579849-
140737351579854,398,5,140737351579854-140737351579857-140737351579860-140737351579863-140737351579866-
140737351579930,434,22,140737351579930-140737351579937-140737351579941-140737351579948-140737351579959-140737351579966-140737351579969-140737351579972-140737351579975-140737351579982-140737351579992-140737351579999-140737351580006-140737351580013-140737351580020-140737351580023-140737351580030-140737351580037-140737351580048-140737351580055-140737351580057-140737351580059-
140737351580065,492,5,140737351580065-140737351580072-140737351580073-140737351580074-140737351580077-
140737351580083,493,2,140737351580083-140737351580088-
140737351580094,494,2,140737351580094-140737351580097-
140737351580103,495,6,140737351580103-140737351580106-140737351580113-140737351580117-140737351580124-140737351580127-
140737351580133,496,19,140737351580133-140737351580140-140737351580143-140737351580146-140737351580149-140737351580156-140737351580160-140737351580170-140737351580177-140737351580184-140737351580191-140737351580198-140737351580205-140737351580216-140737351580223-140737351580234-140737351580241-140737351580243-140737351580245-
140737351580251,500,5,140737351580251-140737351580258-140737351580260-140737351580262-140737351580265-
140737351580271,501,2,140737351580271-140737351580276-
140737351580282,502,2,140737351580282-140737351580285-
140737351580291,503,6,140737351580291-140737351580294-140737351580301-140737351580305-140737351580312-140737351580315-
140737351580321,504,19,140737351580321-140737351580328-140737351580331-140737351580334-140737351580337-140737351580344-140737351580348-140737351580358-140737351580365-140737351580372-140737351580379-140737351580386-140737351580393-140737351580404-140737351580411-140737351580422-140737351580429-140737351580431-140737351580433-
140737351580439,505,5,140737351580439-140737351580446-140737351580448-140737351580450-140737351580453-
140737351580459,506,2,140737351580459-140737351580464-
140737351580470,507,2,140737351580470-140737351580473-
140737351580479,508,6,140737351580479-140737351580482-140737351580489-140737351580493-140737351580500-140737351580503-
140737351580509,509,19,140737351580509-140737351580516-140737351580519-140737351580522-140737351580525-140737351580532-140737351580536-140737351580546-140737351580553-140737351580560-140737351580567-140737351580574-140737351580581-140737351580592-140737351580599-140737351580610-140737351580617-140737351580619-140737351580621-
140737351580627,515,5,140737351580627-140737351580634-140737351580635-140737351580637-140737351580640-
140737351580646,516,2,140737351580646-140737351580651-
140737351580657,517,2,140737351580657-140737351580660-
140737351580666,518,6,140737351580666-140737351580669-140737351580676-140737351580680-140737351580687-140737351580690-
140737351580696,519,19,140737351580696-140737351580703-140737351580706-140737351580709-140737351580712-140737351580719-140737351580723-140737351580733-140737351580740-140737351580747-140737351580754-140737351580761-140737351580768-140737351580779-140737351580786-140737351580797-140737351580804-140737351580806-140737351580808-
140737351580814,522,5,140737351580814-140737351580821-140737351580822-140737351580823-140737351580826-
140737351580832,523,2,140737351580832-140737351580837-
140737351580843,524,2,140737351580843-140737351580846-
140737351580852,525,5,140737351580852-140737351580855-140737351580859-140737351580866-140737351580873-
140737351580878,536,2,140737351580878-140737351580880-
140737351580882,537,3,140737351580882-140737351580888-140737351580890-
140737351580896,538,3,140737351580896-140737351580902-140737351580907-
140737351580987,399,4,140737351580987-140737351580990-140737351580993-140737351580997-
140737351581003,400,4,140737351581003-140737351581006-140737351581009-140737351581013-
140737351581019,401,4,140737351581019-140737351581022-140737351581025-140737351581028-
140737351581142,339,5,140737351581142-140737351581145-140737351581147-140737351581149-140737351581152-
140737351581170,316,5,140737351581170-140737351581173-140737351581177-140737351581183-140737351581190-
140737351581201,340,4,140737351581201-140737351581204-140737351581207-140737351581211-
140737351581217,341,4,140737351581217-140737351581220-140737351581223-140737351581227-
140737351581233,342,4,140737351581233-140737351581236-140737351581239-140737351581242-
140737351581282,539,2,140737351581282-140737351581289-
140737351581294,752,3,140737351581294-140737351581301-140737351581303-
140737351581308,757,4,140737351581308-140737351581316-140737351581323-140737351581330-
140737351581336,759,11,140737351581336-140737351581343-140737351581350-140737351581353-140737351581356-140737351581362-140737351581369-140737351581373-140737351581381-140737351581389-140737351581396-
140737351581402,761,2,140737351581402-140737351581410-
140737351581416,762,2,140737351581416-140737351581424-
140737351581430,763,9,140737351581430-140737351581437-140737351581444-140737351581451-140737351581458-140737351581466-140737351581473-140737351581476-140737351581481-
140737351581483,765,5,140737351581483-140737351581486-140737351581490-140737351581494-140737351581500-
140737351581506,764,2,140737351581506-140737351581509-
140737351581525,767,3,140737351581525-140737351581533-140737351581540-
140737351581546,768,5,140737351581546-140737351581549-140737351581556-140737351581563-140737351581566-
140737351581572,769,1,140737351581572-
140737351581577,772,4,140737351581577-140737351581584-140737351581591-140737351581594-
140737351581596,773,5,140737351581596-140737351581603-140737351581607-140737351581614-140737351581617-
140737351581630,774,3,140737351581630-140737351581637-140737351581644-
140737351581649,776,4,140737351581649-140737351581650-140737351581656-140737351581658-
140737351581664,777,3,140737351581664-140737351581671-140737351581675-
140737351581681,778,3,140737351581681-140737351581684-140737351581692-
140737351581698,779,2,140737351581698-140737351581706-
140737351581712,780,3,140737351581712-140737351581717-140737351581724-
140737351581729,784,2,140737351581729-140737351581731-
140737351581737,785,4,140737351581737-140737351581744-140737351581747-140737351581750-
140737351581756,786,12,140737351581756-140737351581758-140737351581760-140737351581763-140737351581767-140737351581770-140737351581773-140737351581780-140737351581783-140737351581786-140737351581789-140737351581791-
140737351581796,1338,8,140737351581796-140737351581798-140737351581805-140737351581809-140737351581812-140737351581815-140737351581822-140737351581824-
140737351581830,1339,9,140737351581830-140737351581837-140737351581840-140737351581844-140737351581847-140737351581854-140737351581857-140737351581861-140737351581864-
140737351581844,1340,6,140737351581844-140737351581847-140737351581854-140737351581857-140737351581861-140737351581864-
140737351581866,1341,6,140737351581866-140737351581873-140737351581880-140737351581884-140737351581891-140737351581894-
140737351581896,1342,3,140737351581896-140737351581900-140737351581903-
140737351581909,1343,5,140737351581909-140737351581912-140737351581919-140737351581924-140737351581928-
140737351581930,1345,3,140737351581930-140737351581934-140737351581937-
140737351581943,1344,4,140737351581943-140737351581950-140737351581952-140737351581956-
140737351581958,1346,6,140737351581958-140737351581961-140737351581967-140737351581971-140737351581978-140737351581980-
140737351581986,1347,4,140737351581986-140737351581989-140737351581991-140737351581993-
140737351581999,1348,5,140737351581999-140737351582006-140737351582013-140737351582017-140737351582020-
140737351582022,1349,2,140737351582022-140737351582025-
140737351582036,1350,2,140737351582036-140737351582039-
140737351582045,1351,5,140737351582045-140737351582052-140737351582056-140737351582063-140737351582066-
140737351582098,766,6,140737351582098-140737351582103-140737351582108-140737351582116-140737351582121-140737351582128-
140737351582151,760,6,140737351582151-140737351582153-140737351582157-140737351582160-140737351582163-140737351582170-
140737351582175,366,3,140737351582175-140737351582182-140737351582189-
140737351582194,361,2,140737351582194-140737351582201-
140737351582206,758,4,140737351582206-140737351582213-140737351582216-140737351582223-
140737351582364,1353,11,140737351582364-140737351582371-140737351582377-140737351582379-140737351582386-140737351582389-140737351582396-140737351582403-140737351582406-140737351582409-140737351582415-
140737351582420,1429,4,140737351582420-140737351582427-140737351582435-140737351582441-
140737351582447,1464,2,140737351582447-140737351582454-
140737351582456,1465,11,140737351582456-140737351582463-140737351582466-140737351582468-140737351582477-140737351582481-140737351582490-140737351582501-140737351582508-140737351582515-140737351582518-
140737351582524,1466,3,140737351582524-140737351582531-140737351582534-
140737351582814,1468,7,140737351582814-140737351582823-140737351582830-140737351582837-140737351582844-140737351582851-140737351582854-
140737351582860,1469,4,140737351582860-140737351582867-140737351582870-140737351582873-
140737351582878,1474,13,140737351582878-140737351582881-140737351582889-140737351582893-140737351582900-140737351582902-140737351582905-140737351582912-140737351582916-140737351582919-140737351582923-140737351582927-140737351582929-
140737351582944,1479,3,140737351582944-140737351582948-140737351582952-
140737351582958,1475,6,140737351582958-140737351582965-140737351582969-140737351582973-140737351582977-140737351582980-
140737351582986,1477,3,140737351582986-140737351582994-140737351583001-
140737351583003,1480,8,140737351583003-140737351583009-140737351583011-140737351583014-140737351583017-140737351583019-140737351583026-140737351583029-
140737351583034,1478,2,140737351583034-140737351583042-
140737351583044,1651,2,140737351583044-140737351583051-
140737351583053,1652,3,140737351583053-140737351583058-140737351583061-
140737351583066,1657,1,140737351583066-
140737351583350,1822,2,140737351583350-140737351583357-
140737351583359,1823,2,140737351583359-140737351583367-
140737351583383,1824,4,140737351583383-140737351583391-140737351583398-140737351583401-
140737351583406,1840,2,140737351583406-140737351583413-
140737351583490,1476,4,140737351583490-140737351583497-140737351583501-140737351583504-
140737351583520,1821,7,140737351583520-140737351583522-140737351583526-140737351583529-140737351583532-140737351583540-140737351583547-
140737351583563,1352,2,140737351583563-140737351583570-
140737351583575,1467,3,140737351583575-140737351583581-140737351583588-
140737351583593,1841,3,140737351583593-140737351583600-140737351583607-
140737351583613,1842,2,140737351583613-140737351583620-
140737351583626,1845,1,140737351583626-
140737351583631,1847,3,140737351583631-140737351583637-140737351583639-
140737351583645,1848,3,140737351583645-140737351583647-140737351583649-
140737351583654,1849,3,140737351583654-140737351583661-140737351583664-
140737351583669,1850,2,140737351583669-140737351583670-
140737351583675,1857,8,140737351583675-140737351583679-140737351583680-140737351583682-140737351583684-140737351583686-140737351583688-140737351583689-
140737351584319,227,2,140737351584319-140737351584327-
140737351584333,228,3,140737351584333-140737351584337-140737351584344-
140737351584756,1843,10,140737351584756-140737351584758-140737351584765-140737351584767-140737351584774-140737351584781-140737351584784-140737351584788-140737351584791-140737351584793-
140737351584798,1844,6,140737351584798-140737351584800-140737351584804-140737351584807-140737351584810-140737351584817-
140737351585803,308,2,140737351585803-140737351585810-
140737351585816,309,2,140737351585816-140737351585820-
140737351589800,1430,1,140737351589800-
140737351589805,1463,2,140737351589805-140737351589812-
140737351592336,1067,15,140737351592336-140737351592337-140737351592340-140737351592342-140737351592345-140737351592347-140737351592349-140737351592352-140737351592354-140737351592355-140737351592359-140737351592363-140737351592367-140737351592371-140737351592374-
140737351592380,1068,2,140737351592380-140737351592387-
140737351592393,1069,2,140737351592393-140737351592398-
140737351592404,1070,4,140737351592404-140737351592409-140737351592412-140737351592416-
140737351592422,1071,6,140737351592422-140737351592425-140737351592431-140737351592438-140737351592440-140737351592443-
140737351592451,1084,8,140737351592451-140737351592455-140737351592459-140737351592464-140737351592468-140737351592471-140737351592475-140737351592478-
140737351592484,1072,3,140737351592484-140737351592486-140737351592489-
140737351592491,1073,2,140737351592491-140737351592495-
140737351592497,1074,2,140737351592497-140737351592504-
140737351592506,1075,3,140737351592506-140737351592514-140737351592517-
140737351592523,1076,6,140737351592523-140737351592526-140737351592529-140737351592536-140737351592539-140737351592542-
140737351592548,1077,2,140737351592548-140737351592552-
140737351592558,1078,3,140737351592558-140737351592562-140737351592566-
140737351592576,1080,5,140737351592576-140737351592580-140737351592583-140737351592587-140737351592590-
140737351592596,1081,2,140737351592596-140737351592602-
140737351592642,1079,5,140737351592642-140737351592644-140737351592646-140737351592650-140737351592652-
140737351592656,1236,3,140737351592656-140737351592659-140737351592666-
140737351592741,1088,2,140737351592741-140737351592744-
140737351592754,1089,9,140737351592754-140737351592756-140737351592760-140737351592761-140737351592763-140737351592765-140737351592767-140737351592769-140737351592770-
140737351592776,1237,9,140737351592776-140737351592781-140737351592784-140737351592787-140737351592793-140737351592796-140737351592800-140737351592803-140737351592806-
140737351592829,1238,4,140737351592829-140737351592835-140737351592838-140737351592841-
140737351592843,1239,8,140737351592843-140737351592849-140737351592854-140737351592857-140737351592860-140737351592863-140737351592867-140737351592870-
140737351592875,1240,2,140737351592875-140737351592878-
140737351592884,1241,2,140737351592884-140737351592892-
140737351592898,1242,2,140737351592898-140737351592903-
140737351592909,1243,3,140737351592909-140737351592912-140737351592916-
140737351592928,1085,5,140737351592928-140737351592931-140737351592933-140737351592936-140737351592939-
140737351592941,1086,3,140737351592941-140737351592949-140737351592951-
140737351592957,1087,2,140737351592957-140737351592965-
140737351592976,1082,2,140737351592976-140737351592980-
140737351592986,1083,3,140737351592986-140737351592989-140737351592992-
140737351593408,1016,17,140737351593408-140737351593409-140737351593412-140737351593414-140737351593416-140737351593418-140737351593421-140737351593423-140737351593424-140737351593431-140737351593438-140737351593442-140737351593449-140737351593451-140737351593457-140737351593464-140737351593471-
140737351593476,1019,5,140737351593476-140737351593483-140737351593486-140737351593491-140737351593497-
140737351593525,1027,4,140737351593525-140737351593528-140737351593531-140737351593537-
140737351593543,1028,2,140737351593543-140737351593550-
140737351593556,1029,4,140737351593556-140737351593563-140737351593566-140737351593568-
140737351593574,1030,2,140737351593574-140737351593577-
140737351593583,1031,8,140737351593583-140737351593590-140737351593594-140737351593598-140737351593601-140737351593604-140737351593611-140737351593618-
140737351593623,1048,3,140737351593623-140737351593626-140737351593629-
140737351593635,1049,15,140737351593635-140737351593642-140737351593646-140737351593650-140737351593658-140737351593662-140737351593667-140737351593674-140737351593678-140737351593686-140737351593695-140737351593698-140737351593702-140737351593706-140737351593709-
140737351593715,1050,11,140737351593715-140737351593724-140737351593727-140737351593734-140737351593738-140737351593742-140737351593745-140737351593752-140737351593755-140737351593758-140737351593761-
140737351593784,1051,4,140737351593784-140737351593790-140737351593793-140737351593796-
140737351593798,1052,12,140737351593798-140737351593804-140737351593809-140737351593812-140737351593816-140737351593823-140737351593831-140737351593835-140737351593838-140737351593845-140737351593849-140737351593852-
140737351593858,1053,11,140737351593858-140737351593861-140737351593868-140737351593871-140737351593874-140737351593885-140737351593892-140737351593898-140737351593904-140737351593906-140737351593909-
140737351593904,1061,3,140737351593904-140737351593906-140737351593909-
140737351593915,1054,2,140737351593915-140737351593917-
140737351593923,1055,2,140737351593923-140737351593926-
140737351593932,1056,3,140737351593932-140737351593937-140737351593940-
140737351594016,1020,4,140737351594016-140737351594022-140737351594029-140737351594034-
140737351594039,1021,2,140737351594039-140737351594041-
140737351594047,1022,11,140737351594047-140737351594051-140737351594058-140737351594066-140737351594073-140737351594080-140737351594084-140737351594091-140737351594095-140737351594099-140737351594102-
140737351594112,1025,3,140737351594112-140737351594117-140737351594120-
140737351594126,1023,2,140737351594126-140737351594135-
140737351594137,1024,2,140737351594137-140737351594145-
140737351594147,1200,2,140737351594147-140737351594155-
140737351594197,1182,9,140737351594197-140737351594201-140737351594204-140737351594205-140737351594207-140737351594209-140737351594211-140737351594213-140737351594214-
140737351594224,1230,9,140737351594224-140737351594228-140737351594231-140737351594234-140737351594240-140737351594243-140737351594247-140737351594250-140737351594253-
140737351594280,1026,2,140737351594280-140737351594285-
140737351594416,1057,5,140737351594416-140737351594423-140737351594427-140737351594431-140737351594434-
140737351594440,1058,7,140737351594440-140737351594444-140737351594448-140737351594452-140737351594455-140737351594458-140737351594461-
140737351594467,1059,24,140737351594467-140737351594471-140737351594474-140737351594479-140737351594483-140737351594490-140737351594494-140737351594499-140737351594503-140737351594507-140737351594510-140737351594514-140737351594517-140737351594520-140737351594524-140737351594527-140737351594530-140737351594533-140737351594536-140737351594540-140737351594547-140737351594553-140737351594557-140737351594561-
140737351594563,1062,23,140737351594563-140737351594566-140737351594570-140737351594575-140737351594582-140737351594585-140737351594591-140737351594594-140737351594599-140737351594603-140737351594610-140737351594614-140737351594617-140737351594620-140737351594623-140737351594625-140737351594628-140737351594632-140737351594640-140737351594644-140737351594647-140737351594651-140737351594654-
140737351594591,1060,17,140737351594591-140737351594594-140737351594599-140737351594603-140737351594610-140737351594614-140737351594617-140737351594620-140737351594623-140737351594625-140737351594628-140737351594632-140737351594640-140737351594644-140737351594647-140737351594651-140737351594654-
140737351594632,1065,6,140737351594632-140737351594640-140737351594644-140737351594647-140737351594651-140737351594654-
140737351594660,1098,2,140737351594660-140737351594663-
140737351594669,1099,4,140737351594669-140737351594676-140737351594682-140737351594686-
140737351594692,1100,18,140737351594692-140737351594699-140737351594706-140737351594711-140737351594715-140737351594722-140737351594730-140737351594735-140737351594740-140737351594748-140737351594751-140737351594758-140737351594761-140737351594764-140737351594767-140737351594774-140737351594782-140737351594785-
140737351594790,1101,3,140737351594790-140737351594798-140737351594802-
140737351594808,1102,7,140737351594808-140737351594815-140737351594819-140737351594822-140737351594829-140737351594837-140737351594841-
140737351594843,1103,10,140737351594843-140737351594850-140737351594854-140737351594858-140737351594866-140737351594873-140737351594878-140737351594880-140737351594883-140737351594886-
140737351594891,1107,2,140737351594891-140737351594893-
140737351594899,1108,4,140737351594899-140737351594908-140737351594915-140737351594919-
140737351594915,1118,2,140737351594915-140737351594919-
140737351594921,1119,5,140737351594921-140737351594925-140737351594929-140737351594937-140737351594946-
140737351594937,1109,2,140737351594937-140737351594946-
140737351594952,1113,4,140737351594952-140737351594956-140737351594960-140737351594963-
140737351594965,1120,12,140737351594965-140737351594969-140737351594976-140737351594980-140737351594983-140737351594986-140737351594989-140737351594994-140737351594997-140737351595000-140737351595004-140737351595007-
140737351595009,1121,2,140737351595009-140737351595013-
140737351595019,1122,7,140737351595019-140737351595022-140737351595024-140737351595027-140737351595034-140737351595037-140737351595044-
140737351595049,1126,4,140737351595049-140737351595056-140737351595063-140737351595066-
140737351595072,1114,6,140737351595072-140737351595076-140737351595080-140737351595084-140737351595091-140737351595094-
140737351595100,1115,5,140737351595100-140737351595104-140737351595107-140737351595111-140737351595114-
140737351595120,1116,8,140737351595120-140737351595123-140737351595127-140737351595131-140737351595136-140737351595143-140737351595146-140737351595149-
140737351595154,1117,2,140737351595154-140737351595158-
140737351595176,1092,3,140737351595176-140737351595180-140737351595183-
140737351595189,1093,16,140737351595189-140737351595197-140737351595201-140737351595209-140737351595213-140737351595217-140737351595220-140737351595223-140737351595227-140737351595235-140737351595239-140737351595247-140737351595255-140737351595264-140737351595267-140737351595270-
140737351595347,1235,3,140737351595347-140737351595351-140737351595359-
140737351595364,1066,5,140737351595364-140737351595371-140737351595377-140737351595380-140737351595383-
140737351595388,1090,2,140737351595388-140737351595390-
140737351595396,1091,2,140737351595396-140737351595405-
140737351595410,1063,2,140737351595410-140737351595415-
140737351595421,1064,6,140737351595421-140737351595425-140737351595430-140737351595434-140737351595438-140737351595447-
140737351595452,1231,4,140737351595452-140737351595458-140737351595461-140737351595464-
140737351595470,1233,6,140737351595470-140737351595475-140737351595481-140737351595484-140737351595488-140737351595491-
140737351595496,1234,2,140737351595496-140737351595499-
140737351595520,1094,2,140737351595520-140737351595526-
140737351595528,1095,2,140737351595528-140737351595534-
140737351595540,1097,5,140737351595540-140737351595545-140737351595550-140737351595555-140737351595564-
140737351595576,1096,3,140737351595576-140737351595579-140737351595586-
140737351595721,1129,4,140737351595721-140737351595726-140737351595733-140737351595736-
140737351595742,1130,4,140737351595742-140737351595746-140737351595749-140737351595754-
140737351595760,1131,4,140737351595760-140737351595763-140737351595768-140737351595771-
140737351595777,1132,7,140737351595777-140737351595782-140737351595787-140737351595793-140737351595799-140737351595805-140737351595811-
140737351595816,1136,4,140737351595816-140737351595819-140737351595822-140737351595826-
140737351595828,1141,7,140737351595828-140737351595831-140737351595834-140737351595838-140737351595842-140737351595846-140737351595849-
140737351595838,1135,4,140737351595838-140737351595842-140737351595846-140737351595849-
140737351595851,1133,2,140737351595851-140737351595855-
140737351595857,1134,2,140737351595857-140737351595861-
140737351595872,1137,5,140737351595872-140737351595875-140737351595878-140737351595881-140737351595884-
140737351595898,1138,4,140737351595898-140737351595901-140737351595904-140737351595908-
140737351595914,1139,4,140737351595914-140737351595917-140737351595920-140737351595924-
140737351595926,1140,4,140737351595926-140737351595931-140737351595934-140737351595937-
140737351595939,1142,2,140737351595939-140737351595942-
140737351595944,1143,3,140737351595944-140737351595949-140737351595952-
140737351595954,1244,4,140737351595954-140737351595958-140737351595963-140737351595966-
140737351595958,1144,3,140737351595958-140737351595963-140737351595966-
140737351595968,1145,4,140737351595968-140737351595972-140737351595977-140737351595980-
140737351595982,1146,4,140737351595982-140737351595986-140737351595991-140737351595994-
140737351595996,1147,4,140737351595996-140737351596000-140737351596005-140737351596008-
140737351596010,1148,4,140737351596010-140737351596014-140737351596022-140737351596025-
140737351596027,1149,4,140737351596027-140737351596031-140737351596039-140737351596042-
140737351596044,1150,4,140737351596044-140737351596048-140737351596056-140737351596059-
140737351596061,1151,4,140737351596061-140737351596065-140737351596073-140737351596076-
140737351596078,1152,2,140737351596078-140737351596083-
140737351596089,1153,2,140737351596089-140737351596095-
140737351596097,1154,3,140737351596097-140737351596105-140737351596110-
140737351596116,1155,3,140737351596116-140737351596124-140737351596127-
140737351596129,1245,4,140737351596129-140737351596133-140737351596141-140737351596144-
140737351596154,1246,2,140737351596154-140737351596157-
140737351596167,1247,2,140737351596167-140737351596170-
140737351596176,1156,3,140737351596176-140737351596184-140737351596187-
140737351596237,1158,2,140737351596237-140737351596246-
140737351596260,1159,2,140737351596260-140737351596262-
140737351596275,1160,2,140737351596275-140737351596280-
140737351596296,1161,3,140737351596296-140737351596304-140737351596307-
140737351596313,1162,7,140737351596313-140737351596317-140737351596325-140737351596331-140737351596333-140737351596340-140737351596342-
140737351596348,1163,3,140737351596348-140737351596356-140737351596359-
140737351596361,1164,4,140737351596361-140737351596365-140737351596373-140737351596379-
140737351596373,1201,2,140737351596373-140737351596379-
140737351596384,1165,2,140737351596384-140737351596386-
140737351596392,1166,2,140737351596392-140737351596399-
140737351596405,1167,6,140737351596405-140737351596413-140737351596417-140737351596420-140737351596428-140737351596435-
140737351596441,1168,2,140737351596441-140737351596444-
140737351596449,1169,2,140737351596449-140737351596453-
140737351596455,1170,2,140737351596455-140737351596464-
140737351596554,1171,2,140737351596554-140737351596563-
140737351596569,1172,4,140737351596569-140737351596577-140737351596585-140737351596594-
140737351596600,1173,2,140737351596600-140737351596608-
140737351596614,1174,2,140737351596614-140737351596623-
140737351596625,1175,4,140737351596625-140737351596634-140737351596637-140737351596639-
140737351596645,1176,1,140737351596645-
140737351596650,1179,4,140737351596650-140737351596658-140737351596662-140737351596665-
140737351596658,1202,3,140737351596658-140737351596662-140737351596665-
140737351596670,1181,3,140737351596670-140737351596676-140737351596678-
140737351596949,1110,5,140737351596949-140737351596956-140737351596960-140737351596964-140737351596967-
140737351596973,1111,10,140737351596973-140737351596977-140737351596981-140737351596984-140737351596992-140737351596995-140737351596998-140737351597001-140737351597005-140737351597008-
140737351597014,1112,4,140737351597014-140737351597017-140737351597020-140737351597028-
140737351597060,1127,8,140737351597060-140737351597063-140737351597066-140737351597072-140737351597075-140737351597078-140737351597081-140737351597086-
140737351597091,1128,2,140737351597091-140737351597095-
140737351597113,1232,2,140737351597113-140737351597119-
140737351597741,1157,2,140737351597741-140737351597749-
140737351598976,861,14,140737351598976-140737351598977-140737351598980-140737351598982-140737351598984-140737351598987-140737351598989-140737351598992-140737351598994-140737351598995-140737351598998-140737351599002-140737351599008-140737351599010-
140737351599020,862,4,140737351599020-140737351599025-140737351599028-140737351599030-
140737351599035,868,3,140737351599035-140737351599038-140737351599041-
140737351599047,978,11,140737351599047-140737351599051-140737351599053-140737351599059-140737351599069-140737351599073-140737351599080-140737351599083-140737351599086-140737351599089-140737351599093-
140737351599098,982,2,140737351599098-140737351599101-
140737351599107,983,5,140737351599107-140737351599110-140737351599113-140737351599116-140737351599120-
140737351599122,984,2,140737351599122-140737351599126-
140737351599132,985,3,140737351599132-140737351599142-140737351599146-
140737351599152,987,3,140737351599152-140737351599157-140737351599159-
140737351599165,988,3,140737351599165-140737351599171-140737351599175-
140737351599328,869,10,140737351599328-140737351599334-140737351599338-140737351599341-140737351599342-140737351599344-140737351599346-140737351599348-140737351599350-140737351599351-
140737351599334,1009,9,140737351599334-140737351599338-140737351599341-140737351599342-140737351599344-140737351599346-140737351599348-140737351599350-140737351599351-
140737351599360,989,3,140737351599360-140737351599367-140737351599372-
140737351599378,990,3,140737351599378-140737351599385-140737351599389-
140737351599395,991,3,140737351599395-140737351599397-140737351599402-
140737351599408,992,2,140737351599408-140737351599414-
140737351599420,993,4,140737351599420-140737351599425-140737351599428-140737351599432-
140737351599438,994,2,140737351599438-140737351599444-
140737351599450,995,9,140737351599450-140737351599455-140737351599459-140737351599467-140737351599470-140737351599474-140737351599478-140737351599481-140737351599484-
140737351599490,996,5,140737351599490-140737351599494-140737351599498-140737351599501-140737351599504-
140737351599498,1219,3,140737351599498-140737351599501-140737351599504-
140737351599510,997,3,140737351599510-140737351599513-140737351599516-
140737351599520,999,6,140737351599520-140737351599528-140737351599532-140737351599535-140737351599539-140737351599542-
140737351599548,998,2,140737351599548-140737351599551-
140737351599553,1000,3,140737351599553-140737351599557-140737351599561-
140737351599563,1001,4,140737351599563-140737351599567-140737351599571-140737351599577-
140737351599579,1002,4,140737351599579-140737351599583-140737351599587-140737351599590-
140737351599596,1220,2,140737351599596-140737351599603-
140737351599609,1221,9,140737351599609-140737351599613-140737351599616-140737351599619-140737351599625-140737351599628-140737351599632-140737351599635-140737351599638-
140737351599661,1222,4,140737351599661-140737351599667-140737351599670-140737351599673-
140737351599675,1223,10,140737351599675-140737351599681-140737351599686-140737351599690-140737351599693-140737351599696-140737351599699-140737351599703-140737351599707-140737351599711-
140737351599716,1224,5,140737351599716-140737351599720-140737351599724-140737351599728-140737351599731-
140737351599737,1004,7,140737351599737-140737351599744-140737351599747-140737351599751-140737351599754-140737351599761-140737351599764-
140737351599744,1226,6,140737351599744-140737351599747-140737351599751-140737351599754-140737351599761-140737351599764-
140737351599770,1227,2,140737351599770-140737351599773-
140737351599779,1228,3,140737351599779-140737351599783-140737351599785-
140737351599791,1229,10,140737351599791-140737351599796-140737351599801-140737351599807-140737351599810-140737351599812-140737351599817-140737351599820-140737351599822-140737351599824-
140737351600032,986,3,140737351600032-140737351600042-140737351600046-
140737351600128,1007,2,140737351600128-140737351600131-
140737351600136,1008,1,140737351600136-
140737351600144,1005,13,140737351600144-140737351600148-140737351600151-140737351600155-140737351600158-140737351600163-140737351600166-140737351600171-140737351600174-140737351600177-140737351600181-140737351600184-140737351600187-
140737351600189,1225,3,140737351600189-140737351600192-140737351600195-
140737351600208,1006,2,140737351600208-140737351600213-
140737351600224,1211,9,140737351600224-140737351600228-140737351600231-140737351600234-140737351600240-140737351600243-140737351600247-140737351600250-140737351600253-
140737351600276,1212,4,140737351600276-140737351600282-140737351600285-140737351600288-
140737351600290,1213,8,140737351600290-140737351600296-140737351600301-140737351600304-140737351600307-140737351600311-140737351600314-140737351600318-
140737351600323,1217,3,140737351600323-140737351600327-140737351600330-
140737351600336,1218,5,140737351600336-140737351600341-140737351600349-140737351600352-140737351600356-
140737351600368,1003,3,140737351600368-140737351600372-140737351600376-
140737351600704,849,18,140737351600704-140737351600705-140737351600708-140737351600710-140737351600712-140737351600714-140737351600716-140737351600717-140737351600724-140737351600727-140737351600734-140737351600741-140737351600745-140737351600752-140737351600759-140737351600766-140737351600773-140737351600776-
140737351600782,850,11,140737351600782-140737351600789-140737351600796-140737351600801-140737351600804-140737351600807-140737351600813-140737351600816-140737351600820-140737351600823-140737351600826-
140737351600849,851,4,140737351600849-140737351600855-140737351600858-140737351600861-
140737351600867,853,17,140737351600867-140737351600873-140737351600878-140737351600888-140737351600891-140737351600897-140737351600901-140737351600912-140737351600915-140737351600920-140737351600927-140737351600930-140737351600937-140737351600939-140737351600945-140737351600948-140737351600951-
140737351600920,890,8,140737351600920-140737351600927-140737351600930-140737351600937-140737351600939-140737351600945-140737351600948-140737351600951-
140737351600957,854,5,140737351600957-140737351600961-140737351600965-140737351600968-140737351600971-
140737351600976,855,15,140737351600976-140737351600986-140737351600989-140737351600996-140737351601003-140737351601010-140737351601013-140737351601020-140737351601023-140737351601026-140737351601029-140737351601032-140737351601040-140737351601047-140737351601050-
140737351601040,882,3,140737351601040-140737351601047-140737351601050-
140737351601056,856,3,140737351601056-140737351601062-140737351601066-
140737351601072,857,7,140737351601072-140737351601075-140737351601078-140737351601082-140737351601089-140737351601093-140737351601096-
140737351601101,858,4,140737351601101-140737351601108-140737351601115-140737351601118-
140737351601123,859,5,140737351601123-140737351601126-140737351601133-140737351601140-140737351601143-
140737351601149,860,6,140737351601149-140737351601153-140737351601156-140737351601159-140737351601162-140737351601169-
140737351601174,870,4,140737351601174-140737351601177-140737351601182-140737351601184-
140737351601190,871,2,140737351601190-140737351601194-
140737351601347,892,10,140737351601347-140737351601353-140737351601357-140737351601360-140737351601361-140737351601363-140737351601365-140737351601367-140737351601369-140737351601370-
140737351601456,1195,3,140737351601456-140737351601459-140737351601462-
140737351601468,886,3,140737351601468-140737351601474-140737351601476-
140737351601478,887,3,140737351601478-140737351601484-140737351601487-
140737351601489,888,2,140737351601489-140737351601492-
140737351601498,889,6,140737351601498-140737351601506-140737351601513-140737351601519-140737351601525-140737351601529-
140737351601535,891,3,140737351601535-140737351601541-140737351601543-
140737351601632,1196,6,140737351601632-140737351601635-140737351601638-140737351601641-140737351601647-140737351601651-
140737351601657,881,2,140737351601657-140737351601661-
140737351601672,872,2,140737351601672-140737351601675-
140737351601677,873,7,140737351601677-140737351601682-140737351601689-140737351601693-140737351601697-140737351601701-140737351601708-
140737351601760,874,8,140737351601760-140737351601767-140737351601774-140737351601777-140737351601782-140737351601789-140737351601792-140737351601796-
140737351601801,879,4,140737351601801-140737351601804-140737351601809-140737351601812-
140737351601814,885,12,140737351601814-140737351601820-140737351601822-140737351601828-140737351601834-140737351601837-140737351601840-140737351601846-140737351601851-140737351601858-140737351601864-140737351601869-
140737351601864,880,2,140737351601864-140737351601869-
140737351602269,852,2,140737351602269-140737351602275-
140737351604128,799,9,140737351604128-140737351604132-140737351604134-140737351604139-140737351604141-140737351604143-140737351604146-140737351604147-140737351604148-
140737351604153,801,2,140737351604153-140737351604156-
140737351604158,802,7,140737351604158-140737351604159-140737351604162-140737351604163-140737351604165-140737351604167-140737351604169-
140737351604688,669,12,140737351604688-140737351604690-140737351604692-140737351604694-140737351604696-140737351604699-140737351604700-140737351604703-140737351604708-140737351604709-140737351604712-140737351604716-
140737351604721,674,2,140737351604721-140737351604724-
140737351604726,675,9,140737351604726-140737351604730-140737351604733-140737351604734-140737351604735-140737351604737-140737351604739-140737351604741-140737351604743-
140737351605104,656,20,140737351605104-140737351605106-140737351605108-140737351605110-140737351605112-140737351605115-140737351605116-140737351605117-140737351605119-140737351605123-140737351605128-140737351605133-140737351605138-140737351605143-140737351605148-140737351605153-140737351605158-140737351605168-140737351605173-140737351605178-
140737351605168,723,3,140737351605168-140737351605173-140737351605178-
140737351605183,666,3,140737351605183-140737351605186-140737351605189-
140737351605195,667,2,140737351605195-140737351605199-
140737351605205,668,3,140737351605205-140737351605210-140737351605213-
140737351605218,683,3,140737351605218-140737351605221-140737351605224-
140737351605226,684,2,140737351605226-140737351605229-
140737351605234,685,3,140737351605234-140737351605237-140737351605240-
140737351605248,687,3,140737351605248-140737351605254-140737351605258-
140737351605267,686,2,140737351605267-140737351605271-
140737351605287,689,3,140737351605287-140737351605294-140737351605297-
140737351605299,690,2,140737351605299-140737351605302-
140737351605312,692,3,140737351605312-140737351605315-140737351605318-
140737351605320,691,2,140737351605320-140737351605324-
140737351605326,730,4,140737351605326-140737351605330-140737351605333-140737351605336-
140737351605341,746,2,140737351605341-140737351605343-
140737351605383,718,2,140737351605383-140737351605387-
140737351605392,722,1,140737351605392-
140737351605424,693,2,140737351605424-140737351605430-
140737351605455,695,8,140737351605455-140737351605462-140737351605470-140737351605474-140737351605479-140737351605483-140737351605488-140737351605493-
140737351605498,707,3,140737351605498-140737351605503-140737351605506-
140737351605512,708,6,140737351605512-140737351605516-140737351605519-140737351605522-140737351605527-140737351605531-
140737351605536,709,5,140737351605536-140737351605541-140737351605548-140737351605551-140737351605555-
140737351605557,710,7,140737351605557-140737351605564-140737351605567-140737351605571-140737351605575-140737351605578-140737351605581-
140737351605564,747,6,140737351605564-140737351605567-140737351605571-140737351605575-140737351605578-140737351605581-
140737351605583,711,3,140737351605583-140737351605587-140737351605591-
140737351605597,712,11,140737351605597-140737351605600-140737351605605-140737351605607-140737351605611-140737351605616-140737351605619-140737351605623-140737351605627-140737351605632-140737351605635-
140737351605616,713,6,140737351605616-140737351605619-140737351605623-140737351605627-140737351605632-140737351605635-
140737351605637,714,4,140737351605637-140737351605640-140737351605644-140737351605648-
140737351605684,715,4,140737351605684-140737351605689-140737351605695-140737351605699-
140737351605746,717,5,140737351605746-140737351605753-140737351605756-140737351605760-140737351605764-
140737351605792,688,4,140737351605792-140737351605797-140737351605801-140737351605805-
140737351605810,694,2,140737351605810-140737351605819-
140737351605824,749,10,140737351605824-140737351605832-140737351605836-140737351605839-140737351605840-140737351605841-140737351605843-140737351605845-140737351605847-140737351605849-
140737351605850,716,2,140737351605850-140737351605858-
140737351606352,540,15,140737351606352-140737351606356-140737351606357-140737351606364-140737351606371-140737351606374-140737351606376-140737351606378-140737351606380-140737351606382-140737351606383-140737351606387-140737351606391-140737351606398-140737351606405-
140737351606410,613,3,140737351606410-140737351606415-140737351606422-
140737351606427,614,3,140737351606427-140737351606434-140737351606437-
140737351606443,615,13,140737351606443-140737351606453-140737351606456-140737351606463-140737351606471-140737351606475-140737351606479-140737351606482-140737351606485-140737351606489-140737351606493-140737351606496-140737351606500-
140737351606505,616,4,140737351606505-140737351606508-140737351606511-140737351606514-
140737351606520,617,17,140737351606520-140737351606527-140737351606534-140737351606538-140737351606545-140737351606549-140737351606556-140737351606560-140737351606568-140737351606575-140737351606579-140737351606582-140737351606587-140737351606597-140737351606605-140737351606613-140737351606617-
140737351606619,618,4,140737351606619-140737351606623-140737351606626-140737351606628-
140737351606633,623,3,140737351606633-140737351606640-140737351606643-
140737351606645,624,15,140737351606645-140737351606649-140737351606653-140737351606657-140737351606661-140737351606665-140737351606669-140737351606676-140737351606680-140737351606684-140737351606687-140737351606695-140737351606699-140737351606704-140737351606708-
140737351606714,625,3,140737351606714-140737351606719-140737351606722-
140737351606736,626,6,140737351606736-140737351606743-140737351606750-140737351606761-140737351606768-140737351606771-
140737351606773,627,4,140737351606773-140737351606780-140737351606783-140737351606785-
140737351606791,628,3,140737351606791-140737351606798-140737351606801-
140737351606865,631,3,140737351606865-140737351606869-140737351606872-
140737351606874,632,2,140737351606874-140737351606877-
140737351606905,629,4,140737351606905-140737351606912-140737351606923-140737351606926-
140737351606981,633,2,140737351606981-140737351606984-
140737351606989,638,10,140737351606989-140737351606992-140737351606996-140737351607000-140737351607003-140737351607009-140737351607012-140737351607016-140737351607019-140737351607022-
140737351607042,630,2,140737351607042-140737351607053-
140737351607058,639,4,140737351607058-140737351607064-140737351607067-140737351607070-
140737351607076,641,5,140737351607076-140737351607080-140737351607085-140737351607088-140737351607092-
140737351607097,648,4,140737351607097-140737351607100-140737351607103-140737351607105-
140737351607111,649,7,140737351607111-140737351607114-140737351607119-140737351607120-140737351607123-140737351607127-140737351607129-
140737351607120,651,4,140737351607120-140737351607123-140737351607127-140737351607129-
140737351607131,652,7,140737351607131-140737351607135-140737351607138-140737351607141-140737351607145-140737351607149-140737351607151-
140737351607141,650,4,140737351607141-140737351607145-140737351607149-140737351607151-
140737351607153,653,2,140737351607153-140737351607161-
140737351607166,654,4,140737351607166-140737351607173-140737351607176-140737351607179-
140737351607185,655,6,140737351607185-140737351607188-140737351607191-140737351607198-140737351607201-140737351607208-
140737351607213,750,3,140737351607213-140737351607220-140737351607224-
140737351607226,751,9,140737351607226-140737351607236-140737351607240-140737351607241-140737351607243-140737351607245-140737351607247-140737351607249-140737351607250-
140737351607251,640,2,140737351607251-140737351607257-
140737351607392,813,12,140737351607392-140737351607396-140737351607398-140737351607400-140737351607402-140737351607404-140737351607405-140737351607406-140737351607413-140737351607416-140737351607420-140737351607423-
140737351607429,814,4,140737351607429-140737351607436-140737351607439-140737351607446-
140737351607452,815,8,140737351607452-140737351607456-140737351607459-140737351607462-140737351607465-140737351607469-140737351607473-140737351607476-
140737351607488,828,3,140737351607488-140737351607492-140737351607495-
140737351607497,816,7,140737351607497-140737351607505-140737351607507-140737351607510-140737351607512-140737351607514-140737351607516-
140737351607518,817,3,140737351607518-140737351607521-140737351607524-
140737351607529,825,2,140737351607529-140737351607531-
140737351607533,826,2,140737351607533-140737351607541-
140737351607543,827,3,140737351607543-140737351607550-140737351607553-
140737351607555,829,5,140737351607555-140737351607559-140737351607563-140737351607566-140737351607570-
140737351607575,830,2,140737351607575-140737351607577-
140737351607599,1184,9,140737351607599-140737351607606-140737351607609-140737351607610-140737351607611-140737351607613-140737351607615-140737351607617-140737351607619-
140737351607624,831,6,140737351607624-140737351607626-140737351607632-140737351607637-140737351607641-140737351607644-
140737351607650,832,4,140737351607650-140737351607659-140737351607666-140737351607669-
140737351607675,833,4,140737351607675-140737351607680-140737351607683-140737351607688-
140737351607693,834,2,140737351607693-140737351607696-
140737351607786,1015,14,140737351607786-140737351607793-140737351607796-140737351607799-140737351607802-140737351607807-140737351607808-140737351607813-140737351607814-140737351607815-140737351607819-140737351607820-140737351607825-140737351607830-
140737351607835,1183,3,140737351607835-140737351607839-140737351607842-
140737351608114,835,2,140737351608114-140737351608117-
140737351608122,836,4,140737351608122-140737351608126-140737351608131-140737351608138-
140737351608144,837,2,140737351608144-140737351608147-
140737351608153,838,2,140737351608153-140737351608162-
140737351608178,848,12,140737351608178-140737351608182-140737351608184-140737351608191-140737351608194-140737351608199-140737351608200-140737351608202-140737351608204-140737351608209-140737351608217-140737351608222-
140737351608227,893,4,140737351608227-140737351608231-140737351608233-140737351608236-
140737351608238,894,2,140737351608238-140737351608241-
140737351608243,895,4,140737351608243-140737351608251-140737351608259-140737351608263-
140737351608269,1267,2,140737351608269-140737351608272-
140737351608338,1012,2,140737351608338-140737351608345-
140737351608351,1013,6,140737351608351-140737351608355-140737351608360-140737351608362-140737351608366-140737351608369-
140737351608375,1014,2,140737351608375-140737351608380-
140737351608385,839,9,140737351608385-140737351608392-140737351608397-140737351608402-140737351608407-140737351608412-140737351608417-140737351608422-140737351608425-
140737351608497,841,3,140737351608497-140737351608505-140737351608508-
140737351608514,840,4,140737351608514-140737351608522-140737351608530-140737351608534-
140737351608536,1264,2,140737351608536-140737351608539-
140737351608541,1265,3,140737351608541-140737351608549-140737351608552-
140737351608613,1266,2,140737351608613-140737351608625-
140737351608669,896,3,140737351608669-140737351608678-140737351608684-
140737351608690,897,3,140737351608690-140737351608697-140737351608700-
140737351608706,898,2,140737351608706-140737351608709-
140737351608714,974,3,140737351608714-140737351608717-140737351608720-
140737351608726,975,2,140737351608726-140737351608729-
140737351608735,976,2,140737351608735-140737351608744-
140737351608750,977,7,140737351608750-140737351608753-140737351608758-140737351608763-140737351608768-140737351608773-140737351608776-
140737351608781,1010,4,140737351608781-140737351608786-140737351608789-140737351608791-
140737351608797,1011,2,140737351608797-140737351608802-
140737351609260,842,4,140737351609260-140737351609265-140737351609270-140737351609275-
140737351609281,843,3,140737351609281-140737351609286-140737351609289-
140737351609291,844,5,140737351609291-140737351609298-140737351609302-140737351609305-140737351609307-
140737351609309,845,4,140737351609309-140737351609316-140737351609323-140737351609327-
140737351609412,846,2,140737351609412-140737351609420-
140737351609426,847,2,140737351609426-140737351609429-
140737351609495,1268,3,140737351609495-140737351609503-140737351609506-
140737351609952,1269,2,140737351609952-140737351609964-
140737351611184,457,15,140737351611184-140737351611186-140737351611189-140737351611191-140737351611194-140737351611199-140737351611201-140737351611202-140737351611204-140737351611209-140737351611210-140737351611213-140737351611218-140737351611221-140737351611226-
140737351611232,458,10,140737351611232-140737351611237-140737351611239-140737351611241-140737351611244-140737351611247-140737351611250-140737351611253-140737351611256-140737351611259-
140737351611265,459,2,140737351611265-140737351611268-
140737351611270,460,4,140737351611270-140737351611272-140737351611275-140737351611280-
140737351611285,470,2,140737351611285-140737351611287-
140737351611293,471,3,140737351611293-140737351611301-140737351611304-
140737351611306,472,2,140737351611306-140737351611309-
140737351611315,1522,10,140737351611315-140737351611319-140737351611324-140737351611327-140737351611332-140737351611336-140737351611344-140737351611348-140737351611351-140737351611355-
140737351611357,1738,2,140737351611357-140737351611361-
140737351611363,1739,2,140737351611363-140737351611367-
140737351611369,474,7,140737351611369-140737351611372-140737351611373-140737351611374-140737351611376-140737351611378-140737351611380-
140737351611456,3738,7,140737351611456-140737351611458-140737351611459-140737351611460-140737351611462-140737351611464-140737351611466-
140737351611458,1661,6,140737351611458-140737351611459-140737351611460-140737351611462-140737351611464-140737351611466-
140737351611472,1523,3,140737351611472-140737351611476-140737351611479-
140737351611484,1524,2,140737351611484-140737351611486-
140737351611496,1658,2,140737351611496-140737351611499-
140737351611505,1659,2,140737351611505-140737351611509-
140737351611515,1660,2,140737351611515-140737351611517-
140737351611520,473,3,140737351611520-140737351611524-140737351611527-
140737351611584,444,26,140737351611584-140737351611586-140737351611588-140737351611591-140737351611593-140737351611595-140737351611596-140737351611597-140737351611604-140737351611608-140737351611613-140737351611621-140737351611626-140737351611634-140737351611639-140737351611644-140737351611648-140737351611651-140737351611656-140737351611659-140737351611666-140737351611669-140737351611674-140737351611677-140737351611681-140737351611684-
140737351611696,449,3,140737351611696-140737351611702-140737351611704-
140737351611706,450,11,140737351611706-140737351611717-140737351611721-140737351611733-140737351611737-140737351611742-140737351611746-140737351611750-140737351611754-140737351611761-140737351611764-
140737351611770,451,15,140737351611770-140737351611775-140737351611781-140737351611785-140737351611791-140737351611795-140737351611798-140737351611801-140737351611804-140737351611807-140737351611810-140737351611812-140737351611815-140737351611818-140737351611820-
140737351611826,1521,3,140737351611826-140737351611830-140737351611833-
140737351611839,445,4,140737351611839-140737351611844-140737351611848-140737351611851-
140737351611853,446,2,140737351611853-140737351611856-
140737351611858,1768,2,140737351611858-140737351611865-
140737351611867,447,2,140737351611867-140737351611874-
140737351611876,448,2,140737351611876-140737351611883-
140737351612232,477,2,140737351612232-140737351612241-
140737351612247,478,5,140737351612247-140737351612252-140737351612255-140737351612258-140737351612261-
140737351612267,479,4,140737351612267-140737351612272-140737351612275-140737351612277-
140737351612283,480,2,140737351612283-140737351612285-
140737351612291,481,2,140737351612291-140737351612293-
140737351612299,482,7,140737351612299-140737351612304-140737351612309-140737351612314-140737351612318-140737351612321-140737351612326-
140737351612321,1700,2,140737351612321-140737351612326-
140737351612336,452,7,140737351612336-140737351612339-140737351612341-140737351612344-140737351612351-140737351612354-140737351612356-
140737351612362,453,14,140737351612362-140737351612369-140737351612374-140737351612379-140737351612387-140737351612391-140737351612399-140737351612404-140737351612412-140737351612420-140737351612423-140737351612431-140737351612436-140737351612441-
140737351612448,455,3,140737351612448-140737351612452-140737351612455-
140737351612461,454,5,140737351612461-140737351612464-140737351612467-140737351612470-140737351612473-
140737351612475,456,20,140737351612475-140737351612479-140737351612482-140737351612489-140737351612492-140737351612496-140737351612500-140737351612502-140737351612506-140737351612514-140737351612515-140737351612518-140737351612519-140737351612523-140737351612524-140737351612529-140737351612537-140737351612542-140737351612546-140737351612549-
140737351612554,475,3,140737351612554-140737351612558-140737351612561-
140737351612567,1662,2,140737351612567-140737351612570-
140737351612576,1537,9,140737351612576-140737351612578-140737351612585-140737351612586-140737351612587-140737351612589-140737351612591-140737351612593-140737351612595-
140737351612578,483,8,140737351612578-140737351612585-140737351612586-140737351612587-140737351612589-140737351612591-140737351612593-140737351612595-
140737351612864,1551,3,140737351612864-140737351612870-140737351612872-
140737351612920,1688,12,140737351612920-140737351612924-140737351612929-140737351612934-140737351612941-140737351612945-140737351612950-140737351612954-140737351612959-140737351612962-140737351612967-140737351612970-
140737351612976,1689,6,140737351612976-140737351612980-140737351612984-140737351612989-140737351612992-140737351612997-
140737351613003,1701,23,140737351613003-140737351613006-140737351613008-140737351613012-140737351613017-140737351613020-140737351613025-140737351613028-140737351613031-140737351613033-140737351613036-140737351613041-140737351613044-140737351613047-140737351613051-140737351613054-140737351613057-140737351613060-140737351613064-140737351613067-140737351613070-140737351613074-140737351613079-
140737351613067,1715,4,140737351613067-140737351613070-140737351613074-140737351613079-
140737351613088,1708,2,140737351613088-140737351613091-
140737351613097,1713,4,140737351613097-140737351613100-140737351613103-140737351613106-
140737351613112,1702,4,140737351613112-140737351613115-140737351613119-140737351613122-
140737351613124,1703,2,140737351613124-140737351613129-
140737351613134,1704,2,140737351613134-140737351613136-
140737351613138,1705,5,140737351613138-140737351613142-140737351613147-140737351613152-140737351613154-
140737351613156,1706,9,140737351613156-140737351613160-140737351613164-140737351613169-140737351613174-140737351613179-140737351613184-140737351613188-140737351613191-
140737351613197,1707,1,140737351613197-
140737351613239,1545,2,140737351613239-140737351613247-
140737351613280,1709,15,140737351613280-140737351613285-140737351613288-140737351613291-140737351613294-140737351613301-140737351613305-140737351613310-140737351613315-140737351613319-140737351613324-140737351613328-140737351613333-140737351613337-140737351613340-
140737351613346,1694,8,140737351613346-140737351613350-140737351613353-140737351613356-140737351613361-140737351613365-140737351613369-140737351613371-
140737351613443,1698,11,140737351613443-140737351613448-140737351613455-140737351613459-140737351613463-140737351613469-140737351613474-140737351613479-140737351613484-140737351613488-140737351613492-
140737351613498,1699,4,140737351613498-140737351613503-140737351613508-140737351613511-
140737351613516,1717,5,140737351613516-140737351613519-140737351613522-140737351613526-140737351613529-
140737351613519,1695,4,140737351613519-140737351613522-140737351613526-140737351613529-
140737351613536,1716,4,140737351613536-140737351613539-140737351613542-140737351613545-
140737351613547,1696,2,140737351613547-140737351613552-
140737351613554,1697,10,140737351613554-140737351613559-140737351613564-140737351613567-140737351613571-140737351613575-140737351613579-140737351613586-140737351613589-140737351613591-
140737351613664,1714,2,140737351613664-140737351613667-
140737351613856,1690,2,140737351613856-140737351613859-
140737351613865,1691,4,140737351613865-140737351613870-140737351613875-140737351613880-
140737351613885,1692,3,140737351613885-140737351613890-140737351613893-
140737351613899,1693,34,140737351613899-140737351613903-140737351613906-140737351613909-140737351613914-140737351613921-140737351613929-140737351613939-140737351613945-140737351613949-140737351613952-140737351613955-140737351613958-140737351613961-140737351613964-140737351613974-140737351613978-140737351613981-140737351613985-140737351613988-140737351613991-140737351613994-140737351613997-140737351614000-140737351614003-140737351614006-140737351614010-140737351614014-140737351614017-140737351614025-140737351614028-140737351614032-140737351614035-140737351614039-
140737351614044,1544,6,140737351614044-140737351614049-140737351614054-140737351614062-140737351614070-140737351614075-
140737351614080,1718,4,140737351614080-140737351614084-140737351614089-140737351614094-
140737351614099,1725,4,140737351614099-140737351614104-140737351614107-140737351614110-
140737351614115,1726,3,140737351614115-140737351614118-140737351614121-
140737351614127,1727,10,140737351614127-140737351614132-140737351614137-140737351614141-140737351614146-140737351614149-140737351614152-140737351614156-140737351614159-140737351614162-
140737351614176,1729,3,140737351614176-140737351614180-140737351614183-
140737351614185,1728,3,140737351614185-140737351614189-140737351614192-
140737351614194,1730,19,140737351614194-140737351614197-140737351614201-140737351614203-140737351614207-140737351614212-140737351614215-140737351614218-140737351614221-140737351614224-140737351614227-140737351614229-140737351614232-140737351614236-140737351614239-140737351614243-140737351614246-140737351614250-140737351614253-
140737351614243,1735,4,140737351614243-140737351614246-140737351614250-140737351614253-
140737351614256,1733,4,140737351614256-140737351614259-140737351614262-140737351614265-
140737351614267,1731,2,140737351614267-140737351614272-
140737351614274,1732,6,140737351614274-140737351614279-140737351614282-140737351614287-140737351614291-140737351614295-
140737351614304,1734,2,140737351614304-140737351614307-
140737351614309,1736,9,140737351614309-140737351614314-140737351614319-140737351614324-140737351614329-140737351614333-140737351614340-140737351614344-140737351614347-
140737351614352,1737,17,140737351614352-140737351614354-140737351614359-140737351614362-140737351614369-140737351614374-140737351614379-140737351614384-140737351614389-140737351614392-140737351614395-140737351614400-140737351614403-140737351614406-140737351614408-140737351614411-140737351614415-
140737351614420,476,7,140737351614420-140737351614425-140737351614430-140737351614433-140737351614441-140737351614449-140737351614454-
140737351614672,435,17,140737351614672-140737351614676-140737351614678-140737351614680-140737351614682-140737351614685-140737351614687-140737351614690-140737351614691-140737351614692-140737351614699-140737351614702-140737351614707-140737351614712-140737351614717-140737351614722-140737351614724-
140737351614730,436,12,140737351614730-140737351614733-140737351614738-140737351614744-140737351614747-140737351614750-140737351614754-140737351614758-140737351614761-140737351614764-140737351614767-140737351614769-
140737351614744,437,9,140737351614744-140737351614747-140737351614750-140737351614754-140737351614758-140737351614761-140737351614764-140737351614767-140737351614769-
140737351614771,438,8,140737351614771-140737351614773-140737351614781-140737351614786-140737351614790-140737351614796-140737351614801-140737351614806-
140737351614808,439,2,140737351614808-140737351614816-
140737351614822,440,5,140737351614822-140737351614827-140737351614831-140737351614840-140737351614843-
140737351614849,441,2,140737351614849-140737351614852-
140737351614858,442,6,140737351614858-140737351614867-140737351614870-140737351614875-140737351614880-140737351614885-
140737351614896,1538,6,140737351614896-140737351614900-140737351614904-140737351614908-140737351614910-140737351614913-
140737351614915,443,13,140737351614915-140737351614919-140737351614923-140737351614926-140737351614929-140737351614932-140737351614933-140737351614940-140737351614947-140737351614948-140737351614951-140737351614955-140737351614956-
140737351614961,484,3,140737351614961-140737351614965-140737351614967-
140737351614969,485,3,140737351614969-140737351614973-140737351614979-
140737351614973,1539,2,140737351614973-140737351614979-
140737351614985,486,2,140737351614985-140737351614988-
140737351614990,487,4,140737351614990-140737351614994-140737351614997-140737351614999-
140737351615001,488,6,140737351615001-140737351615006-140737351615008-140737351615016-140737351615019-140737351615021-
140737351615027,489,3,140737351615027-140737351615034-140737351615036-
140737351615042,490,3,140737351615042-140737351615048-140737351615053-
140737351615059,491,11,140737351615059-140737351615064-140737351615068-140737351615075-140737351615078-140737351615079-140737351615080-140737351615082-140737351615084-140737351615086-140737351615088-
140737351615068,1543,9,140737351615068-140737351615075-140737351615078-140737351615079-140737351615080-140737351615082-140737351615084-140737351615086-140737351615088-
140737351615296,1540,2,140737351615296-140737351615299-
140737351615301,1541,4,140737351615301-140737351615305-140737351615308-140737351615310-
140737351615446,1542,3,140737351615446-140737351615454-140737351615457-
140737351615978,1546,2,140737351615978-140737351615989-
140737351618736,51,4,140737351618736-140737351618740-140737351618747-140737351618750-
140737351618752,52,8,140737351618752-140737351618756-140737351618758-140737351618764-140737351618767-140737351618770-140737351618774-140737351618777-
140737351618779,53,12,140737351618779-140737351618786-140737351618788-140737351618792-140737351618795-140737351618798-140737351618802-140737351618809-140737351618816-140737351618820-140737351618826-140737351618833-
140737351618928,271,9,140737351618928-140737351618932-140737351618934-140737351618941-140737351618942-140737351618945-140737351618953-140737351618954-140737351618957-
140737351618963,273,6,140737351618963-140737351618967-140737351618971-140737351618974-140737351618977-140737351618980-
140737351618982,429,5,140737351618982-140737351618992-140737351618995-140737351618999-140737351619002-
140737351618992,1180,4,140737351618992-140737351618995-140737351618999-140737351619002-
140737351619004,430,14,140737351619004-140737351619008-140737351619012-140737351619016-140737351619023-140737351619024-140737351619028-140737351619034-140737351619041-140737351619048-140737351619052-140737351619053-140737351619060-140737351619062-
140737351619012,275,12,140737351619012-140737351619016-140737351619023-140737351619024-140737351619028-140737351619034-140737351619041-140737351619048-140737351619052-140737351619053-140737351619060-140737351619062-
140737351619072,274,2,140737351619072-140737351619075-
140737351619088,235,16,140737351619088-140737351619092-140737351619094-140737351619096-140737351619098-140737351619100-140737351619103-140737351619104-140737351619105-140737351619108-140737351619112-140737351619117-140737351619124-140737351619129-140737351619133-140737351619138-
140737351619144,372,4,140737351619144-140737351619151-140737351619154-140737351619157-
140737351619162,373,9,140737351619162-140737351619165-140737351619168-140737351619172-140737351619176-140737351619184-140737351619189-140737351619194-140737351619199-
140737351619184,239,4,140737351619184-140737351619189-140737351619194-140737351619199-
140737351619204,249,3,140737351619204-140737351619207-140737351619210-
140737351619216,250,12,140737351619216-140737351619221-140737351619226-140737351619230-140737351619233-140737351619241-140737351619244-140737351619251-140737351619255-140737351619259-140737351619264-140737351619268-
140737351619273,257,8,140737351619273-140737351619278-140737351619283-140737351619287-140737351619291-140737351619294-140737351619302-140737351619304-
140737351619306,374,2,140737351619306-140737351619309-
140737351619311,258,10,140737351619311-140737351619315-140737351619323-140737351619328-140737351619332-140737351619335-140737351619338-140737351619340-140737351619347-140737351619354-
140737351619315,1032,9,140737351619315-140737351619323-140737351619328-140737351619332-140737351619335-140737351619338-140737351619340-140737351619347-140737351619354-
140737351619360,260,4,140737351619360-140737351619367-140737351619371-140737351619374-
140737351619376,261,3,140737351619376-140737351619383-140737351619386-
140737351619392,262,9,140737351619392-140737351619396-140737351619403-140737351619407-140737351619415-140737351619424-140737351619427-140737351619431-140737351619434-
140737351619424,263,4,140737351619424-140737351619427-140737351619431-140737351619434-
140737351619436,264,9,140737351619436-140737351619440-140737351619447-140737351619458-140737351619462-140737351619469-140737351619473-140737351619480-140737351619483-
140737351619489,375,4,140737351619489-140737351619496-140737351619503-140737351619506-
140737351619512,1033,6,140737351619512-140737351619517-140737351619520-140737351619523-140737351619531-140737351619534-
140737351619520,1270,4,140737351619520-140737351619523-140737351619531-140737351619534-
140737351619536,1034,2,140737351619536-140737351619538-
140737351619544,267,7,140737351619544-140737351619550-140737351619553-140737351619560-140737351619563-140737351619568-140737351619575-
140737351619550,379,6,140737351619550-140737351619553-140737351619560-140737351619563-140737351619568-140737351619575-
140737351619553,1037,5,140737351619553-140737351619560-140737351619563-140737351619568-140737351619575-
140737351619581,1038,3,140737351619581-140737351619586-140737351619588-
140737351619593,1039,7,140737351619593-140737351619598-140737351619601-140737351619605-140737351619610-140737351619613-140737351619617-
140737351619619,1040,1,140737351619619-
140737351619766,1044,3,140737351619766-140737351619771-140737351619776-
140737351619781,1045,5,140737351619781-140737351619784-140737351619787-140737351619791-140737351619794-
140737351619784,1046,4,140737351619784-140737351619787-140737351619791-140737351619794-
140737351619796,1047,13,140737351619796-140737351619799-140737351619803-140737351619806-140737351619813-140737351619817-140737351619820-140737351619821-140737351619822-140737351619824-140737351619826-140737351619828-140737351619830-
140737351619813,268,9,140737351619813-140737351619817-140737351619820-140737351619821-140737351619822-140737351619824-140737351619826-140737351619828-140737351619830-
140737351619840,259,2,140737351619840-140737351619851-
140737351619856,376,4,140737351619856-140737351619859-140737351619865-140737351619868-
140737351619859,1036,3,140737351619859-140737351619865-140737351619868-
140737351619874,377,2,140737351619874-140737351619879-
140737351619896,265,3,140737351619896-140737351619898-140737351619901-
140737351619907,266,2,140737351619907-140737351619910-
140737351619984,1035,2,140737351619984-140737351619991-
140737351620000,378,2,140737351620000-140737351620007-
140737351620016,1041,2,140737351620016-140737351620019-
140737351620024,1042,3,140737351620024-140737351620027-140737351620030-
140737351620032,1043,2,140737351620032-140737351620035-
140737351620048,236,2,140737351620048-140737351620050-
140737351620052,237,2,140737351620052-140737351620055-
140737351620057,238,7,140737351620057-140737351620062-140737351620068-140737351620073-140737351620076-140737351620082-140737351620089-
140737351621104,1481,15,140737351621104-140737351621108-140737351621109-140737351621112-140737351621114-140737351621117-140737351621119-140737351621121-140737351621123-140737351621124-140737351621126-140737351621133-140737351621139-140737351621146-140737351621152-
140737351621154,1482,7,140737351621154-140737351621156-140737351621164-140737351621167-140737351621169-140737351621175-140737351621183-
140737351621189,1483,5,140737351621189-140737351621195-140737351621202-140737351621205-140737351621208-
140737351621214,1485,4,140737351621214-140737351621217-140737351621221-140737351621223-
140737351621229,1486,4,140737351621229-140737351621236-140737351621243-140737351621246-
140737351621252,1487,5,140737351621252-140737351621256-140737351621264-140737351621268-140737351621275-
140737351621281,1488,2,140737351621281-140737351621284-
140737351621286,1489,5,140737351621286-140737351621290-140737351621294-140737351621298-140737351621301-
140737351621307,1490,4,140737351621307-140737351621314-140737351621318-140737351621321-
140737351621327,1491,2,140737351621327-140737351621335-
140737351621352,1493,3,140737351621352-140737351621359-140737351621362-
140737351621368,1494,9,140737351621368-140737351621376-140737351621380-140737351621384-140737351621388-140737351621392-140737351621396-140737351621400-140737351621403-
140737351621376,1754,8,140737351621376-140737351621380-140737351621384-140737351621388-140737351621392-140737351621396-140737351621400-140737351621403-
140737351621409,1495,11,140737351621409-140737351621413-140737351621420-140737351621424-140737351621429-140737351621436-140737351621441-140737351621445-140737351621449-140737351621453-140737351621456-
140737351621458,1496,4,140737351621458-140737351621462-140737351621466-140737351621474-
140737351621476,1497,7,140737351621476-140737351621483-140737351621487-140737351621491-140737351621495-140737351621499-140737351621502-
140737351621515,1498,2,140737351621515-140737351621518-
140737351621520,1755,2,140737351621520-140737351621523-
140737351621529,1499,21,140737351621529-140737351621534-140737351621539-140737351621543-140737351621547-140737351621551-140737351621555-140737351621561-140737351621564-140737351621571-140737351621575-140737351621581-140737351621588-140737351621595-140737351621598-140737351621601-140737351621605-140737351621609-140737351621612-140737351621619-140737351621622-
140737351621551,1757,16,140737351621551-140737351621555-140737351621561-140737351621564-140737351621571-140737351621575-140737351621581-140737351621588-140737351621595-140737351621598-140737351621601-140737351621605-140737351621609-140737351621612-140737351621619-140737351621622-
140737351621588,1560,9,140737351621588-140737351621595-140737351621598-140737351621601-140737351621605-140737351621609-140737351621612-140737351621619-140737351621622-
140737351621628,1561,5,140737351621628-140737351621631-140737351621633-140737351621636-140737351621639-
140737351621648,1563,4,140737351621648-140737351621651-140737351621654-140737351621658-
140737351621664,1564,3,140737351621664-140737351621671-140737351621674-
140737351621680,1565,4,140737351621680-140737351621683-140737351621687-140737351621690-
140737351621683,1568,3,140737351621683-140737351621687-140737351621690-
140737351621692,1562,4,140737351621692-140737351621696-140737351621698-140737351621701-
140737351621703,1566,3,140737351621703-140737351621706-140737351621709-
140737351621711,1567,4,140737351621711-140737351621714-140737351621718-140737351621721-
140737351621728,1569,2,140737351621728-140737351621731-
140737351621733,1570,2,140737351621733-140737351621736-
140737351621738,1571,4,140737351621738-140737351621744-140737351621747-140737351621749-
140737351621755,1572,3,140737351621755-140737351621760-140737351621764-
140737351621760,1579,2,140737351621760-140737351621764-
140737351621766,1573,4,140737351621766-140737351621769-140737351621773-140737351621777-
140737351621779,1578,5,140737351621779-140737351621782-140737351621785-140737351621789-140737351621792-
140737351621794,1643,5,140737351621794-140737351621797-140737351621805-140737351621812-140737351621819-
140737351621797,1559,4,140737351621797-140737351621805-140737351621812-140737351621819-
140737351621825,1644,4,140737351621825-140737351621831-140737351621834-140737351621836-
140737351621842,1645,3,140737351621842-140737351621850-140737351621858-
140737351621864,1646,3,140737351621864-140737351621871-140737351621874-
140737351621880,1650,8,140737351621880-140737351621884-140737351621885-140737351621887-140737351621889-140737351621891-140737351621893-140737351621894-
140737351621904,1484,2,140737351621904-140737351621912-
140737351621918,1753,3,140737351621918-140737351621921-140737351621923-
140737351621984,1500,9,140737351621984-140737351621988-140737351621992-140737351621996-140737351622003-140737351622007-140737351622014-140737351622018-140737351622021-
140737351622023,1501,2,140737351622023-140737351622026-
140737351622046,1820,3,140737351622046-140737351622053-140737351622056-
140737351622062,1508,4,140737351622062-140737351622066-140737351622073-140737351622080-
140737351622086,1509,9,140737351622086-140737351622097-140737351622108-140737351622115-140737351622118-140737351622128-140737351622132-140737351622135-140737351622139-
140737351622128,1531,4,140737351622128-140737351622132-140737351622135-140737351622139-
140737351622145,1510,14,140737351622145-140737351622152-140737351622155-140737351622162-140737351622166-140737351622170-140737351622174-140737351622181-140737351622185-140737351622188-140737351622195-140737351622202-140737351622206-140737351622210-
140737351622216,1511,2,140737351622216-140737351622220-
140737351622226,1512,2,140737351622226-140737351622229-
140737351622235,1513,4,140737351622235-140737351622240-140737351622242-140737351622245-
140737351622251,1514,5,140737351622251-140737351622256-140737351622259-140737351622262-140737351622265-
140737351622271,1515,2,140737351622271-140737351622278-
140737351622284,1516,2,140737351622284-140737351622288-
140737351622294,1517,2,140737351622294-140737351622298-
140737351622304,1518,9,140737351622304-140737351622309-140737351622313-140737351622317-140737351622321-140737351622324-140737351622327-140737351622331-140737351622335-
140737351622341,1519,11,140737351622341-140737351622344-140737351622347-140737351622351-140737351622355-140737351622361-140737351622368-140737351622372-140737351622379-140737351622383-140737351622386-
140737351622355,1767,7,140737351622355-140737351622361-140737351622368-140737351622372-140737351622379-140737351622383-140737351622386-
140737351622388,1520,12,140737351622388-140737351622392-140737351622397-140737351622399-140737351622403-140737351622406-140737351622408-140737351622412-140737351622415-140737351622422-140737351622429-140737351622431-
140737351622436,1525,9,140737351622436-140737351622440-140737351622447-140737351622450-140737351622457-140737351622458-140737351622459-140737351622462-140737351622465-
140737351622459,1557,3,140737351622459-140737351622462-140737351622465-
140737351622471,1528,2,140737351622471-140737351622475-
140737351622481,1529,4,140737351622481-140737351622488-140737351622492-140737351622495-
140737351622512,1530,7,140737351622512-140737351622519-140737351622523-140737351622526-140737351622528-140737351622532-140737351622539-
140737351622528,1536,3,140737351622528-140737351622532-140737351622539-
140737351622545,1558,5,140737351622545-140737351622552-140737351622555-140737351622562-140737351622565-
140737351622992,1744,2,140737351622992-140737351622995-
140737351623001,1745,4,140737351623001-140737351623008-140737351623015-140737351623018-
140737351623024,1533,3,140737351623024-140737351623028-140737351623031-
140737351623037,1534,4,140737351623037-140737351623044-140737351623048-140737351623052-
140737351623058,1535,6,140737351623058-140737351623062-140737351623069-140737351623072-140737351623076-140737351623079-
140737351623088,1747,3,140737351623088-140737351623092-140737351623095-
140737351623101,1748,5,140737351623101-140737351623108-140737351623112-140737351623116-140737351623119-
140737351623168,1769,3,140737351623168-140737351623172-140737351623175-
140737351623181,1770,6,140737351623181-140737351623186-140737351623193-140737351623196-140737351623200-140737351623205-
140737351623210,1771,3,140737351623210-140737351623214-140737351623219-
140737351623221,1772,1,140737351623221-
140737351623392,1502,2,140737351623392-140737351623395-
140737351623401,1503,6,140737351623401-140737351623408-140737351623411-140737351623414-140737351623417-140737351623421-
140737351623408,1506,5,140737351623408-140737351623411-140737351623414-140737351623417-140737351623421-
140737351623423,1504,2,140737351623423-140737351623427-
140737351623433,1505,6,140737351623433-140737351623437-140737351623441-140737351623444-140737351623447-140737351623450-
140737351623452,1507,3,140737351623452-140737351623459-140737351623462-
140737351623856,1532,5,140737351623856-140737351623859-140737351623862-140737351623866-140737351623870-
140737351623876,1527,5,140737351623876-140737351623879-140737351623882-140737351623886-140737351623889-
140737351623895,1784,2,140737351623895-140737351623898-
140737351623904,1785,3,140737351623904-140737351623910-140737351623912-
140737351623918,1786,2,140737351623918-140737351623921-
140737351623923,1787,3,140737351623923-140737351623931-140737351623933-
140737351623935,1788,2,140737351623935-140737351623937-
140737351624032,1789,2,140737351624032-140737351624039-
140737351624042,1790,4,140737351624042-140737351624049-140737351624052-140737351624056-
140737351624120,1746,3,140737351624120-140737351624126-140737351624130-
140737351624136,1766,2,140737351624136-140737351624140-
140737351624152,1526,4,140737351624152-140737351624156-140737351624160-140737351624164-
140737351624560,1647,10,140737351624560-140737351624567-140737351624574-140737351624577-140737351624580-140737351624583-140737351624586-140737351624589-140737351624592-140737351624595-
140737351624601,1648,4,140737351624601-140737351624604-140737351624609-140737351624612-
140737351624617,1649,2,140737351624617-140737351624619-
140737351624688,1492,6,140737351624688-140737351624695-140737351624702-140737351624709-140737351624713-140737351624717-
140737351624722,1756,3,140737351624722-140737351624725-140737351624729-
140737351624752,1552,2,140737351624752-140737351624756-
140737351624772,1555,2,140737351624772-140737351624775-
140737351624781,1556,5,140737351624781-140737351624788-140737351624796-140737351624803-140737351624807-
140737351626254,1553,18,140737351626254-140737351626264-140737351626267-140737351626270-140737351626273-140737351626280-140737351626283-140737351626286-140737351626288-140737351626290-140737351626294-140737351626297-140737351626300-140737351626303-140737351626306-140737351626309-140737351626312-140737351626316-
140737351626318,1554,2,140737351626318-140737351626322-
140737351626328,1687,2,140737351626328-140737351626330-
140737351628000,812,15,140737351628000-140737351628004-140737351628005-140737351628008-140737351628011-140737351628014-140737351628018-140737351628025-140737351628029-140737351628033-140737351628035-140737351628038-140737351628040-140737351628045-140737351628048-
140737351628053,1185,3,140737351628053-140737351628057-140737351628058-
140737351628064,787,24,140737351628064-140737351628068-140737351628069-140737351628072-140737351628076-140737351628084-140737351628087-140737351628089-140737351628093-140737351628095-140737351628099-140737351628101-140737351628103-140737351628104-140737351628111-140737351628117-140737351628120-140737351628127-140737351628130-140737351628137-140737351628140-140737351628147-140737351628150-140737351628153-
140737351628176,788,4,140737351628176-140737351628181-140737351628184-140737351628187-
140737351628193,790,15,140737351628193-140737351628200-140737351628205-140737351628209-140737351628216-140737351628220-140737351628224-140737351628227-140737351628234-140737351628240-140737351628243-140737351628246-140737351628250-140737351628256-140737351628258-
140737351628389,792,16,140737351628389-140737351628397-140737351628404-140737351628411-140737351628418-140737351628424-140737351628435-140737351628445-140737351628452-140737351628459-140737351628465-140737351628468-140737351628474-140737351628481-140737351628488-140737351628491-
140737351628468,1255,5,140737351628468-140737351628474-140737351628481-140737351628488-140737351628491-
140737351628508,795,2,140737351628508-140737351628513-
140737351628519,1290,2,140737351628519-140737351628527-
140737351628533,1291,3,140737351628533-140737351628536-140737351628544-
140737351628550,1249,3,140737351628550-140737351628557-140737351628560-
140737351628562,1279,6,140737351628562-140737351628565-140737351628570-140737351628574-140737351628582-140737351628586-
140737351628591,1280,3,140737351628591-140737351628594-140737351628597-
140737351628603,1281,6,140737351628603-140737351628606-140737351628613-140737351628621-140737351628625-140737351628628-
140737351628633,1282,5,140737351628633-140737351628637-140737351628640-140737351628643-140737351628647-
140737351628652,1283,6,140737351628652-140737351628660-140737351628667-140737351628674-140737351628677-140737351628680-
140737351628667,1250,4,140737351628667-140737351628674-140737351628677-140737351628680-
140737351628682,1254,3,140737351628682-140737351628689-140737351628693-
140737351628704,1252,3,140737351628704-140737351628706-140737351628708-
140737351628714,1251,3,140737351628714-140737351628718-140737351628721-
140737351628723,1292,3,140737351628723-140737351628733-140737351628740-
140737351628752,796,13,140737351628752-140737351628756-140737351628760-140737351628767-140737351628771-140737351628778-140737351628785-140737351628791-140737351628797-140737351628803-140737351628809-140737351628813-140737351628816-
140737351628822,797,9,140737351628822-140737351628829-140737351628836-140737351628839-140737351628846-140737351628853-140737351628860-140737351628867-140737351628871-
140737351628877,798,5,140737351628877-140737351628880-140737351628887-140737351628892-140737351628895-
140737351628880,1193,4,140737351628880-140737351628887-140737351628892-140737351628895-
140737351628900,803,3,140737351628900-140737351628903-140737351628906-
140737351629122,805,5,140737351629122-140737351629129-140737351629136-140737351629143-140737351629150-
140737351629155,1187,2,140737351629155-140737351629163-
140737351629169,1188,3,140737351629169-140737351629176-140737351629183-
140737351629185,1189,3,140737351629185-140737351629188-140737351629191-
140737351629214,1190,18,140737351629214-140737351629218-140737351629224-140737351629231-140737351629238-140737351629243-140737351629247-140737351629251-140737351629257-140737351629265-140737351629269-140737351629276-140737351629283-140737351629286-140737351629289-140737351629295-140737351629302-140737351629305-
140737351629295,1276,3,140737351629295-140737351629302-140737351629305-
140737351629307,1273,7,140737351629307-140737351629310-140737351629314-140737351629318-140737351629323-140737351629327-140737351629330-
140737351629318,1191,4,140737351629318-140737351629323-140737351629327-140737351629330-
140737351629336,1192,2,140737351629336-140737351629340-
140737351629346,1248,3,140737351629346-140737351629350-140737351629356-
140737351629656,804,2,140737351629656-140737351629659-
140737351629771,1293,3,140737351629771-140737351629778-140737351629785-
140737351629792,1294,3,140737351629792-140737351629798-140737351629800-
140737351629802,1295,3,140737351629802-140737351629808-140737351629810-
140737351629812,1296,6,140737351629812-140737351629818-140737351629825-140737351629832-140737351629839-140737351629842-
140737351629879,1297,4,140737351629879-140737351629885-140737351629889-140737351629893-
140737351629898,1298,3,140737351629898-140737351629901-140737351629904-
140737351629910,1299,9,140737351629910-140737351629916-140737351629922-140737351629925-140737351629930-140737351629937-140737351629944-140737351629950-140737351629952-
140737351629958,1300,11,140737351629958-140737351629960-140737351629968-140737351629972-140737351629974-140737351629977-140737351629981-140737351629985-140737351629992-140737351629996-140737351629999-
140737351629968,1301,9,140737351629968-140737351629972-140737351629974-140737351629977-140737351629981-140737351629985-140737351629992-140737351629996-140737351629999-
140737351630001,1302,2,140737351630001-140737351630008-
140737351630014,1303,3,140737351630014-140737351630021-140737351630024-
140737351630030,1304,4,140737351630030-140737351630037-140737351630040-140737351630043-
140737351630443,1305,5,140737351630443-140737351630446-140737351630449-140737351630452-140737351630460-
140737351630465,1306,5,140737351630465-140737351630468-140737351630472-140737351630474-140737351630476-
140737351630481,1334,6,140737351630481-140737351630490-140737351630497-140737351630504-140737351630511-140737351630514-
140737351630535,1335,3,140737351630535-140737351630542-140737351630545-
140737351630555,1336,3,140737351630555-140737351630561-140737351630563-
140737351630569,1337,8,140737351630569-140737351630573-140737351630574-140737351630576-140737351630578-140737351630580-140737351630582-140737351630583-
140737351630592,793,2,140737351630592-140737351630600-
140737351630606,794,2,140737351630606-140737351630613-
140737351630619,1256,3,140737351630619-140737351630627-140737351630630-
140737351630636,1257,4,140737351630636-140737351630639-140737351630646-140737351630651-
140737351630656,1261,2,140737351630656-140737351630658-
140737351630664,1262,3,140737351630664-140737351630671-140737351630678-
140737351631080,789,2,140737351631080-140737351631086-
140737351631202,791,5,140737351631202-140737351631209-140737351631212-140737351631215-140737351631225-
140737351631935,1253,2,140737351631935-140737351631942-
140737351632768,541,20,140737351632768-140737351632772-140737351632773-140737351632776-140737351632778-140737351632781-140737351632783-140737351632787-140737351632789-140737351632791-140737351632792-140737351632799-140737351632803-140737351632808-140737351632812-140737351632815-140737351632819-140737351632821-140737351632825-140737351632829-
140737351632834,542,10,140737351632834-140737351632838-140737351632845-140737351632847-140737351632850-140737351632854-140737351632857-140737351632860-140737351632864-140737351632867-
140737351632873,543,5,140737351632873-140737351632875-140737351632880-140737351632884-140737351632888-
140737351632880,545,3,140737351632880-140737351632884-140737351632888-
140737351632890,546,9,140737351632890-140737351632894-140737351632897-140737351632900-140737351632904-140737351632907-140737351632910-140737351632913-140737351632916-
140737351632900,544,6,140737351632900-140737351632904-140737351632907-140737351632910-140737351632913-140737351632916-
140737351632918,547,3,140737351632918-140737351632925-140737351632928-
140737351632934,548,4,140737351632934-140737351632942-140737351632949-140737351632952-
140737351632958,549,4,140737351632958-140737351632962-140737351632964-140737351632967-
140737351632976,551,4,140737351632976-140737351632980-140737351632984-140737351632987-
140737351632993,550,2,140737351632993-140737351632996-
140737351632998,552,3,140737351632998-140737351633002-140737351633006-
140737351633012,553,3,140737351633012-140737351633016-140737351633022-
140737351633024,554,5,140737351633024-140737351633028-140737351633031-140737351633035-140737351633039-
140737351633041,555,7,140737351633041-140737351633044-140737351633050-140737351633054-140737351633057-140737351633061-140737351633064-
140737351633072,557,9,140737351633072-140737351633075-140737351633078-140737351633081-140737351633084-140737351633087-140737351633090-140737351633094-140737351633097-
140737351633099,556,4,140737351633099-140737351633103-140737351633105-140737351633109-
140737351633450,568,3,140737351633450-140737351633454-140737351633457-
140737351633459,569,12,140737351633459-140737351633462-140737351633466-140737351633470-140737351633473-140737351633477-140737351633481-140737351633484-140737351633491-140737351633499-140737351633502-140737351633505-
140737351633511,570,4,140737351633511-140737351633515-140737351633519-140737351633523-
140737351633529,571,10,140737351633529-140737351633532-140737351633535-140737351633539-140737351633544-140737351633551-140737351633555-140737351633559-140737351633564-140737351633568-
140737351633574,572,4,140737351633574-140737351633579-140737351633583-140737351633587-
140737351633688,574,6,140737351633688-140737351633692-140737351633697-140737351633701-140737351633706-140737351633709-
140737351633715,575,7,140737351633715-140737351633718-140737351633722-140737351633727-140737351633732-140737351633736-140737351633739-
140737351633778,576,2,140737351633778-140737351633782-
140737351633788,577,7,140737351633788-140737351633793-140737351633800-140737351633803-140737351633806-140737351633809-140737351633812-
140737351633818,578,17,140737351633818-140737351633821-140737351633824-140737351633830-140737351633832-140737351633836-140737351633839-140737351633842-140737351633844-140737351633848-140737351633854-140737351633857-140737351633860-140737351633863-140737351633867-140737351633874-140737351633879-
140737351633884,579,6,140737351633884-140737351633887-140737351633891-140737351633897-140737351633900-140737351633903-
140737351633909,580,14,140737351633909-140737351633912-140737351633916-140737351633918-140737351633921-140737351633926-140737351633929-140737351633931-140737351633934-140737351633937-140737351633941-140737351633945-140737351633949-140737351633953-
140737351633959,581,16,140737351633959-140737351633962-140737351633967-140737351633971-140737351633978-140737351633982-140737351633988-140737351633992-140737351633995-140737351634002-140737351634005-140737351634008-140737351634016-140737351634020-140737351634024-140737351634028-
140737351634016,593,4,140737351634016-140737351634020-140737351634024-140737351634028-
140737351634033,585,5,140737351634033-140737351634037-140737351634040-140737351634043-140737351634047-
140737351634056,594,2,140737351634056-140737351634060-
140737351634062,586,6,140737351634062-140737351634065-140737351634068-140737351634070-140737351634072-140737351634075-
140737351634077,587,5,140737351634077-140737351634080-140737351634084-140737351634089-140737351634093-
140737351634098,589,4,140737351634098-140737351634101-140737351634105-140737351634109-
140737351634111,591,3,140737351634111-140737351634115-140737351634118-
140737351634123,592,4,140737351634123-140737351634126-140737351634130-140737351634133-
140737351634135,595,11,140737351634135-140737351634142-140737351634149-140737351634153-140737351634155-140737351634160-140737351634163-140737351634167-140737351634171-140737351634180-140737351634183-
140737351634160,596,6,140737351634160-140737351634163-140737351634167-140737351634171-140737351634180-140737351634183-
140737351634185,597,3,140737351634185-140737351634192-140737351634195-
140737351634197,598,14,140737351634197-140737351634204-140737351634209-140737351634212-140737351634216-140737351634220-140737351634222-140737351634225-140737351634228-140737351634230-140737351634233-140737351634237-140737351634241-140737351634244-
140737351634216,603,10,140737351634216-140737351634220-140737351634222-140737351634225-140737351634228-140737351634230-140737351634233-140737351634237-140737351634241-140737351634244-
140737351634233,601,4,140737351634233-140737351634237-140737351634241-140737351634244-
140737351634246,599,8,140737351634246-140737351634250-140737351634254-140737351634258-140737351634262-140737351634267-140737351634271-140737351634274-
140737351634276,600,2,140737351634276-140737351634279-
140737351634281,602,3,140737351634281-140737351634285-140737351634288-
140737351634290,604,10,140737351634290-140737351634297-140737351634301-140737351634306-140737351634310-140737351634314-140737351634317-140737351634320-140737351634323-140737351634326-
140737351634328,605,6,140737351634328-140737351634331-140737351634334-140737351634336-140737351634340-140737351634343-
140737351634336,607,3,140737351634336-140737351634340-140737351634343-
140737351634349,606,6,140737351634349-140737351634353-140737351634357-140737351634361-140737351634365-140737351634368-
140737351634370,610,15,140737351634370-140737351634373-140737351634377-140737351634380-140737351634383-140737351634387-140737351634389-140737351634393-140737351634396-140737351634400-140737351634404-140737351634408-140737351634411-140737351634415-140737351634419-
140737351634400,611,6,140737351634400-140737351634404-140737351634408-140737351634411-140737351634415-140737351634419-
140737351634421,612,12,140737351634421-140737351634425-140737351634429-140737351634432-140737351634436-140737351634439-140737351634440-140737351634442-140737351634444-140737351634446-140737351634448-140737351634449-
140737351634467,558,11,140737351634467-140737351634471-140737351634474-140737351634477-140737351634481-140737351634485-140737351634488-140737351634495-140737351634498-140737351634501-140737351634504-
140737351634527,559,4,140737351634527-140737351634532-140737351634535-140737351634538-
140737351634540,560,8,140737351634540-140737351634546-140737351634551-140737351634556-140737351634559-140737351634563-140737351634566-140737351634569-
140737351634575,561,14,140737351634575-140737351634579-140737351634583-140737351634586-140737351634589-140737351634592-140737351634595-140737351634598-140737351634601-140737351634608-140737351634611-140737351634615-140737351634619-140737351634623-
140737351634608,563,5,140737351634608-140737351634611-140737351634615-140737351634619-140737351634623-
140737351634629,564,8,140737351634629-140737351634632-140737351634636-140737351634644-140737351634651-140737351634655-140737351634658-140737351634662-
140737351634667,565,13,140737351634667-140737351634670-140737351634675-140737351634678-140737351634681-140737351634685-140737351634689-140737351634694-140737351634697-140737351634700-140737351634704-140737351634708-140737351634713-
140737351634715,566,4,140737351634715-140737351634718-140737351634721-140737351634725-
140737351634800,562,2,140737351634800-140737351634804-
140737351634816,608,5,140737351634816-140737351634820-140737351634824-140737351634828-140737351634831-
140737351634837,609,1,140737351634837-
140737351634842,567,3,140737351634842-140737351634846-140737351634849-
140737351635062,573,3,140737351635062-140737351635067-140737351635072-
140737351635136,2064,24,140737351635136-140737351635140-140737351635141-140737351635144-140737351635146-140737351635150-140737351635154-140737351635158-140737351635162-140737351635169-140737351635173-140737351635177-140737351635181-140737351635185-140737351635188-140737351635192-140737351635195-140737351635199-140737351635203-140737351635207-140737351635210-140737351635215-140737351635218-140737351635221-
140737351635227,2065,2,140737351635227-140737351635231-
140737351635237,2066,3,140737351635237-140737351635244-140737351635247-
140737351635249,2067,14,140737351635249-140737351635253-140737351635257-140737351635262-140737351635266-140737351635273-140737351635277-140737351635282-140737351635286-140737351635289-140737351635293-140737351635301-140737351635306-140737351635308-
140737351635314,2068,10,140737351635314-140737351635316-140737351635321-140737351635327-140737351635330-140737351635337-140737351635339-140737351635340-140737351635343-140737351635346-
140737351635351,2069,6,140737351635351-140737351635354-140737351635362-140737351635363-140737351635364-140737351635366-
140737351635368,2070,4,140737351635368-140737351635373-140737351635375-140737351635378-
140737351635380,2071,2,140737351635380-140737351635385-
140737351635387,2072,2,140737351635387-140737351635390-
140737351635392,2073,6,140737351635392-140737351635395-140737351635399-140737351635403-140737351635406-140737351635409-
140737351635411,2074,3,140737351635411-140737351635417-140737351635419-
140737351635421,2075,4,140737351635421-140737351635424-140737351635428-140737351635429-
140737351635448,2875,1,140737351635448-
140737351635450,2876,1,140737351635450-
140737351637760,1867,16,140737351637760-140737351637762-140737351637764-140737351637767-140737351637769-140737351637772-140737351637773-140737351637775-140737351637776-140737351637783-140737351637786-140737351637790-140737351637793-140737351637799-140737351637802-140737351637804-
140737351637810,1868,3,140737351637810-140737351637817-140737351637820-
140737351637822,1873,2,140737351637822-140737351637829-
140737351637835,1874,6,140737351637835-140737351637839-140737351637842-140737351637845-140737351637848-140737351637850-
140737351637852,1893,3,140737351637852-140737351637859-140737351637862-
140737351637864,1894,7,140737351637864-140737351637871-140737351637874-140737351637878-140737351637882-140737351637886-140737351637888-
140737351637890,1895,7,140737351637890-140737351637893-140737351637898-140737351637904-140737351637907-140737351637910-140737351637912-
140737351637904,1901,4,140737351637904-140737351637907-140737351637910-140737351637912-
140737351637914,1900,3,140737351637914-140737351637918-140737351637921-
140737351637923,1870,6,140737351637923-140737351637924-140737351637925-140737351637927-140737351637929-140737351637931-
140737351637936,1869,3,140737351637936-140737351637943-140737351637946-
140737351638000,2356,2,140737351638000-140737351638002-
140737351638008,2357,1,140737351638008-
140737351638048,1862,17,140737351638048-140737351638052-140737351638054-140737351638056-140737351638059-140737351638061-140737351638064-140737351638066-140737351638069-140737351638070-140737351638072-140737351638073-140737351638077-140737351638084-140737351638091-140737351638098-140737351638101-
140737351638107,1863,2,140737351638107-140737351638110-
140737351638117,1864,4,140737351638117-140737351638124-140737351638127-140737351638129-
140737351638131,1865,6,140737351638131-140737351638135-140737351638144-140737351638151-140737351638155-140737351638162-
140737351638144,1872,4,140737351638144-140737351638151-140737351638155-140737351638162-
140737351638164,1866,4,140737351638164-140737351638167-140737351638170-140737351638172-
140737351638177,1871,3,140737351638177-140737351638181-140737351638185-
140737351638187,2358,8,140737351638187-140737351638191-140737351638192-140737351638193-140737351638195-140737351638197-140737351638199-140737351638201-
140737351638368,5310,12,140737351638368-140737351638372-140737351638373-140737351638376-140737351638378-140737351638380-140737351638382-140737351638384-140737351638385-140737351638389-140737351638396-140737351638400-
140737351638406,5311,6,140737351638406-140737351638413-140737351638417-140737351638424-140737351638428-140737351638431-
140737351638453,5420,4,140737351638453-140737351638457-140737351638464-140737351638468-
140737351638474,5312,2,140737351638474-140737351638481-
140737351638487,5313,3,140737351638487-140737351638490-140737351638492-
140737351638494,5314,6,140737351638494-140737351638497-140737351638504-140737351638507-140737351638510-140737351638513-
140737351638515,5315,12,140737351638515-140737351638517-140737351638520-140737351638524-140737351638532-140737351638536-140737351638540-140737351638543-140737351638550-140737351638553-140737351638556-140737351638559-
140737351638582,5316,4,140737351638582-140737351638588-140737351638591-140737351638594-
140737351638596,5317,4,140737351638596-140737351638602-140737351638605-140737351638608-
140737351638625,5318,2,140737351638625-140737351638629-
140737351638631,5319,2,140737351638631-140737351638634-
140737351638640,5320,8,140737351638640-140737351638643-140737351638648-140737351638655-140737351638659-140737351638666-140737351638670-140737351638673-
140737351638675,5321,4,140737351638675-140737351638678-140737351638681-140737351638684-
140737351638686,5322,2,140737351638686-140737351638688-
140737351638694,5323,4,140737351638694-140737351638697-140737351638700-140737351638702-
140737351638734,5325,3,140737351638734-140737351638736-140737351638741-
140737351638746,5329,2,140737351638746-140737351638753-
140737351638759,5330,2,140737351638759-140737351638762-
140737351638768,5331,8,140737351638768-140737351638772-140737351638777-140737351638781-140737351638784-140737351638788-140737351638796-140737351638798-
140737351638784,5369,4,140737351638784-140737351638788-140737351638796-140737351638798-
140737351638804,5332,5,140737351638804-140737351638807-140737351638814-140737351638821-140737351638824-
140737351638830,5333,2,140737351638830-140737351638837-
140737351638843,5334,11,140737351638843-140737351638847-140737351638854-140737351638857-140737351638861-140737351638864-140737351638868-140737351638872-140737351638875-140737351638879-140737351638881-
140737351638883,5335,2,140737351638883-140737351638888-
140737351638891,5362,4,140737351638891-140737351638894-140737351638898-140737351638902-
140737351638904,5363,3,140737351638904-140737351638911-140737351638914-
140737351638916,5364,3,140737351638916-140737351638920-140737351638923-
140737351638925,5366,3,140737351638925-140737351638928-140737351638930-
140737351638932,5367,3,140737351638932-140737351638938-140737351638940-
140737351638946,5368,4,140737351638946-140737351638954-140737351638958-140737351638962-
140737351638968,5419,2,140737351638968-140737351638972-
140737351638984,5418,3,140737351638984-140737351638991-140737351638994-
140737351639088,5324,7,140737351639088-140737351639091-140737351639094-140737351639098-140737351639100-140737351639103-140737351639107-
140737351639120,5421,3,140737351639120-140737351639123-140737351639125-
140737351639127,5422,3,140737351639127-140737351639133-140737351639135-
140737351639141,5423,2,140737351639141-140737351639148-
140737351639154,5424,8,140737351639154-140737351639158-140737351639159-140737351639161-140737351639163-140737351639165-140737351639167-140737351639168-
140737351639520,775,2,140737351639520-140737351639524-
140737351639536,753,3,140737351639536-140737351639540-140737351639543-
140737351639572,1017,2,140737351639572-140737351639575-
140737351639583,756,9,140737351639583-140737351639587-140737351639594-140737351639598-140737351639602-140737351639606-140737351639613-140737351639617-140737351639621-
140737351639632,754,3,140737351639632-140737351639639-140737351639644-
140737351639646,755,3,140737351639646-140737351639652-140737351639655-
140737351639680,1018,1,140737351639680-
140737351641328,902,12,140737351641328-140737351641332-140737351641334-140737351641336-140737351641339-140737351641341-140737351641348-140737351641349-140737351641350-140737351641353-140737351641358-140737351641365-
140737351641370,904,2,140737351641370-140737351641372-
140737351641374,919,7,140737351641374-140737351641381-140737351641384-140737351641385-140737351641386-140737351641388-140737351641390-
140737351641392,905,5,140737351641392-140737351641395-140737351641397-140737351641402-140737351641404-
140737351641409,910,2,140737351641409-140737351641411-
140737351641413,911,4,140737351641413-140737351641418-140737351641421-140737351641424-
140737351641433,914,2,140737351641433-140737351641435-
140737351641440,918,1,140737351641440-
140737351641448,912,6,140737351641448-140737351641451-140737351641454-140737351641459-140737351641462-140737351641464-
140737351641469,913,2,140737351641469-140737351641472-
140737351642000,818,8,140737351642000-140737351642004-140737351642005-140737351642008-140737351642009-140737351642012-140737351642016-140737351642020-
140737351642025,819,4,140737351642025-140737351642028-140737351642033-140737351642036-
140737351642038,820,3,140737351642038-140737351642042-140737351642045-
140737351642056,823,3,140737351642056-140737351642060-140737351642063-
140737351642065,821,3,140737351642065-140737351642068-140737351642071-
140737351642076,822,2,140737351642076-140737351642078-
140737351642080,1275,5,140737351642080-140737351642085-140737351642089-140737351642090-140737351642091-
140737351642096,824,5,140737351642096-140737351642100-140737351642102-140737351642103-140737351642104-
140737351642112,1719,4,140737351642112-140737351642116-140737351642123-140737351642127-
140737351642136,1721,11,140737351642136-140737351642139-140737351642142-140737351642145-140737351642149-140737351642153-140737351642156-140737351642159-140737351642163-140737351642165-140737351642168-
140737351642170,1722,3,140737351642170-140737351642173-140737351642176-
140737351642173,1720,2,140737351642173-140737351642176-
140737351642178,1724,2,140737351642178-140737351642180-
140737351642184,1723,2,140737351642184-140737351642188-
140737351642576,1359,13,140737351642576-140737351642580-140737351642582-140737351642584-140737351642586-140737351642588-140737351642589-140737351642590-140737351642597-140737351642601-140737351642605-140737351642609-140737351642612-
140737351642618,1360,9,140737351642618-140737351642622-140737351642629-140737351642632-140737351642637-140737351642644-140737351642649-140737351642654-140737351642657-
140737351642663,1361,8,140737351642663-140737351642667-140737351642670-140737351642673-140737351642681-140737351642685-140737351642690-140737351642697-
140737351642703,1362,13,140737351642703-140737351642708-140737351642711-140737351642714-140737351642720-140737351642723-140737351642727-140737351642734-140737351642739-140737351642743-140737351642747-140737351642751-140737351642754-
140737351642720,1382,9,140737351642720-140737351642723-140737351642727-140737351642734-140737351642739-140737351642743-140737351642747-140737351642751-140737351642754-
140737351642768,1365,3,140737351642768-140737351642772-140737351642775-
140737351642781,1363,3,140737351642781-140737351642784-140737351642787-
140737351642792,1364,2,140737351642792-140737351642794-
140737351642796,1366,3,140737351642796-140737351642800-140737351642802-
140737351642808,1367,19,140737351642808-140737351642813-140737351642818-140737351642823-140737351642826-140737351642829-140737351642837-140737351642842-140737351642848-140737351642852-140737351642856-140737351642861-140737351642864-140737351642869-140737351642874-140737351642878-140737351642883-140737351642887-140737351642891-
140737351642848,1384,11,140737351642848-140737351642852-140737351642856-140737351642861-140737351642864-140737351642869-140737351642874-140737351642878-140737351642883-140737351642887-140737351642891-
140737351642893,1368,11,140737351642893-140737351642900-140737351642903-140737351642910-140737351642913-140737351642917-140737351642921-140737351642925-140737351642929-140737351642936-140737351642939-
140737351642917,1417,6,140737351642917-140737351642921-140737351642925-140737351642929-140737351642936-140737351642939-
140737351642945,1369,3,140737351642945-140737351642952-140737351642955-
140737351642961,1370,3,140737351642961-140737351642965-140737351642968-
140737351642974,1371,3,140737351642974-140737351642978-140737351642982-
140737351642984,1372,7,140737351642984-140737351642989-140737351642994-140737351642997-140737351643000-140737351643003-140737351643007-
140737351643003,1375,2,140737351643003-140737351643007-
140737351643013,1373,3,140737351643013-140737351643017-140737351643019-
140737351643025,1374,3,140737351643025-140737351643028-140737351643034-
140737351643211,1379,7,140737351643211-140737351643215-140737351643220-140737351643223-140737351643227-140737351643230-140737351643232-
140737351643234,1383,2,140737351643234-140737351643237-
140737351643248,1376,5,140737351643248-140737351643252-140737351643255-140737351643260-140737351643264-
140737351643269,1377,2,140737351643269-140737351643271-
140737351643277,1378,2,140737351643277-140737351643280-
140737351643288,1380,5,140737351643288-140737351643293-140737351643298-140737351643301-140737351643303-
140737351643309,1381,4,140737351643309-140737351643312-140737351643317-140737351643320-
140737351643730,1392,5,140737351643730-140737351643733-140737351643739-140737351643742-140737351643745-
140737351643747,1409,4,140737351643747-140737351643752-140737351643756-140737351643759-
140737351643768,1411,9,140737351643768-140737351643770-140737351643773-140737351643777-140737351643782-140737351643785-140737351643789-140737351643792-140737351643794-
140737351643773,1410,7,140737351643773-140737351643777-140737351643782-140737351643785-140737351643789-140737351643792-140737351643794-
140737351643796,1393,2,140737351643796-140737351643799-
140737351643801,1405,9,140737351643801-140737351643805-140737351643812-140737351643813-140737351643814-140737351643816-140737351643818-140737351643820-140737351643822-
140737351643891,1408,4,140737351643891-140737351643894-140737351643900-140737351643908-
140737351643916,1394,4,140737351643916-140737351643920-140737351643925-140737351643928-
140737351643933,1395,4,140737351643933-140737351643940-140737351643943-140737351643946-
140737351643952,1396,7,140737351643952-140737351643959-140737351643966-140737351643970-140737351643977-140737351643982-140737351643985-
140737351643991,1397,7,140737351643991-140737351643996-140737351644000-140737351644003-140737351644008-140737351644011-140737351644014-
140737351644008,1402,3,140737351644008-140737351644011-140737351644014-
140737351644016,1399,17,140737351644016-140737351644019-140737351644023-140737351644026-140737351644030-140737351644033-140737351644037-140737351644040-140737351644043-140737351644047-140737351644050-140737351644053-140737351644056-140737351644059-140737351644063-140737351644066-140737351644068-
140737351644070,1403,8,140737351644070-140737351644073-140737351644077-140737351644080-140737351644082-140737351644089-140737351644094-140737351644097-
140737351644073,1398,7,140737351644073-140737351644077-140737351644080-140737351644082-140737351644089-140737351644094-140737351644097-
140737351644112,1400,3,140737351644112-140737351644115-140737351644117-
140737351644119,1401,2,140737351644119-140737351644122-
140737351644124,1404,3,140737351644124-140737351644129-140737351644132-
140737351644138,1412,4,140737351644138-140737351644142-140737351644147-140737351644150-
140737351644152,1416,14,140737351644152-140737351644155-140737351644159-140737351644162-140737351644165-140737351644171-140737351644175-140737351644179-140737351644182-140737351644185-140737351644188-140737351644196-140737351644199-140737351644201-
140737351644207,1415,3,140737351644207-140737351644210-140737351644214-
140737351644210,1413,2,140737351644210-140737351644214-
140737351644216,1414,3,140737351644216-140737351644219-140737351644221-
140737351644496,1356,8,140737351644496-140737351644500-140737351644502-140737351644504-140737351644505-140737351644506-140737351644510-140737351644513-
140737351644515,1357,7,140737351644515-140737351644518-140737351644520-140737351644523-140737351644526-140737351644528-140737351644535-
140737351644528,1407,2,140737351644528-140737351644535-
140737351644560,1358,4,140737351644560-140737351644563-140737351644566-140737351644568-
140737351644573,1406,7,140737351644573-140737351644577-140737351644579-140737351644582-140737351644585-140737351644588-140737351644591-
140737351644593,1425,7,140737351644593-140737351644597-140737351644600-140737351644601-140737351644602-140737351644604-140737351644606-
140737351648096,1177,4,140737351648096-140737351648100-140737351648107-140737351648114-
140737351648116,1178,3,140737351648116-140737351648120-140737351648127-
140737351648352,770,3,140737351648352-140737351648356-140737351648363-
140737351648365,771,3,140737351648365-140737351648372-140737351648375-
140737351648464,1442,9,140737351648464-140737351648468-140737351648470-140737351648472-140737351648474-140737351648481-140737351648482-140737351648483-140737351648486-
140737351648492,1443,2,140737351648492-140737351648498-
140737351648504,1444,3,140737351648504-140737351648509-140737351648512-
140737351648518,1445,7,140737351648518-140737351648522-140737351648525-140737351648528-140737351648530-140737351648532-140737351648538-
140737351648544,1448,11,140737351648544-140737351648549-140737351648551-140737351648554-140737351648557-140737351648560-140737351648563-140737351648566-140737351648570-140737351648573-140737351648576-
140737351648587,1449,8,140737351648587-140737351648594-140737351648597-140737351648601-140737351648604-140737351648608-140737351648613-140737351648616-
140737351648618,1446,2,140737351648618-140737351648621-
140737351648627,1447,12,140737351648627-140737351648634-140737351648641-140737351648644-140737351648651-140737351648654-140737351648658-140737351648661-140737351648664-140737351648668-140737351648671-140737351648674-
140737351648728,1450,16,140737351648728-140737351648736-140737351648738-140737351648741-140737351648745-140737351648751-140737351648756-140737351648761-140737351648762-140737351648763-140737351648770-140737351648774-140737351648776-140737351648778-140737351648785-140737351648787-
140737351648944,1452,8,140737351648944-140737351648948-140737351648950-140737351648957-140737351648958-140737351648959-140737351648966-140737351648971-
140737351648976,1453,2,140737351648976-140737351648979-
140737351648985,1454,16,140737351648985-140737351648988-140737351648990-140737351648995-140737351649000-140737351649003-140737351649007-140737351649015-140737351649017-140737351649022-140737351649025-140737351649033-140737351649045-140737351649049-140737351649052-140737351649058-
140737351649061,1455,1,140737351649061-
140737351649064,1456,5,140737351649064-140737351649072-140737351649079-140737351649083-140737351649087-
140737351649092,1457,2,140737351649092-140737351649095-
140737351649097,1458,8,140737351649097-140737351649100-140737351649104-140737351649109-140737351649112-140737351649113-140737351649114-140737351649116-
140737351649152,1825,11,140737351649152-140737351649156-140737351649158-140737351649160-140737351649162-140737351649164-140737351649165-140737351649166-140737351649170-140737351649175-140737351649178-
140737351649184,1826,5,140737351649184-140737351649188-140737351649195-140737351649199-140737351649203-
140737351649209,1827,9,140737351649209-140737351649216-140737351649219-140737351649221-140737351649224-140737351649226-140737351649229-140737351649232-140737351649235-
140737351649248,1829,5,140737351649248-140737351649251-140737351649255-140737351649260-140737351649263-
140737351649269,1830,3,140737351649269-140737351649274-140737351649281-
140737351649287,1831,12,140737351649287-140737351649294-140737351649297-140737351649304-140737351649308-140737351649316-140737351649319-140737351649323-140737351649327-140737351649331-140737351649334-140737351649338-
140737351649340,1832,2,140737351649340-140737351649343-
140737351649349,1833,4,140737351649349-140737351649356-140737351649363-140737351649366-
140737351649372,1834,2,140737351649372-140737351649375-
140737351649381,1835,6,140737351649381-140737351649386-140737351649389-140737351649396-140737351649399-140737351649402-
140737351649407,1836,5,140737351649407-140737351649410-140737351649412-140737351649415-140737351649418-
140737351649423,1838,4,140737351649423-140737351649430-140737351649434-140737351649437-
140737351649439,1828,3,140737351649439-140737351649444-140737351649447-
140737351649453,1839,11,140737351649453-140737351649457-140737351649460-140737351649465-140737351649469-140737351649470-140737351649471-140737351649473-140737351649475-140737351649477-140737351649479-
140737351650768,1653,11,140737351650768-140737351650772-140737351650774-140737351650777-140737351650779-140737351650782-140737351650783-140737351650784-140737351650788-140737351650795-140737351650802-
140737351650823,1654,3,140737351650823-140737351650826-140737351650829-
140737351650831,1655,2,140737351650831-140737351650834-
140737351650836,1656,12,140737351650836-140737351650843-140737351650847-140737351650850-140737351650854-140737351650858-140737351650862-140737351650866-140737351650867-140737351650868-140737351650870-140737351650872-
140737351652496,2135,12,140737351652496-140737351652500-140737351652502-140737351652509-140737351652511-140737351652512-140737351652514-140737351652515-140737351652518-140737351652522-140737351652529-140737351652532-
140737351652534,2136,3,140737351652534-140737351652538-140737351652541-
140737351652543,2137,3,140737351652543-140737351652544-140737351652552-
140737351652544,2140,2,140737351652544-140737351652552-
140737351652554,2138,2,140737351652554-140737351652562-
140737351652564,2141,2,140737351652564-140737351652573-
140737351652590,2139,3,140737351652590-140737351652595-140737351652598-
140737351652640,2142,2,140737351652640-140737351652645-
140737351652647,2143,7,140737351652647-140737351652651-140737351652654-140737351652655-140737351652656-140737351652658-140737351652660-
140737351666624,2062,21,140737351666624-140737351666628-140737351666629-140737351666632-140737351666636-140737351666643-140737351666647-140737351666652-140737351666657-140737351666662-140737351666667-140737351666672-140737351666677-140737351666682-140737351666684-140737351666692-140737351666700-140737351666708-140737351666716-140737351666724-140737351666732-
140737351666737,2063,3,140737351666737-140737351666741-140737351666745-
140737351666750,2076,15,140737351666750-140737351666753-140737351666758-140737351666760-140737351666765-140737351666770-140737351666775-140737351666780-140737351666785-140737351666790-140737351666795-140737351666799-140737351666802-140737351666806-140737351666810-
140737351668368,1307,15,140737351668368-140737351668372-140737351668373-140737351668376-140737351668378-140737351668380-140737351668382-140737351668384-140737351668385-140737351668389-140737351668393-140737351668396-140737351668403-140737351668406-140737351668409-
140737351668415,1308,13,140737351668415-140737351668417-140737351668420-140737351668423-140737351668426-140737351668430-140737351668434-140737351668438-140737351668441-140737351668448-140737351668451-140737351668454-140737351668457-
140737351668480,1309,4,140737351668480-140737351668485-140737351668488-140737351668491-
140737351668493,1310,8,140737351668493-140737351668499-140737351668502-140737351668504-140737351668511-140737351668514-140737351668518-140737351668524-
140737351668529,1311,23,140737351668529-140737351668532-140737351668536-140737351668539-140737351668542-140737351668545-140737351668548-140737351668552-140737351668556-140737351668558-140737351668565-140737351668568-140737351668576-140737351668580-140737351668584-140737351668588-140737351668591-140737351668595-140737351668599-140737351668603-140737351668607-140737351668611-140737351668614-
140737351668576,1323,11,140737351668576-140737351668580-140737351668584-140737351668588-140737351668591-140737351668595-140737351668599-140737351668603-140737351668607-140737351668611-140737351668614-
140737351668620,1312,2,140737351668620-140737351668624-
140737351668626,1313,8,140737351668626-140737351668630-140737351668637-140737351668642-140737351668646-140737351668649-140737351668656-140737351668659-
140737351668642,1316,5,140737351668642-140737351668646-140737351668649-140737351668656-140737351668659-
140737351668661,1314,2,140737351668661-140737351668664-
140737351668670,1315,4,140737351668670-140737351668674-140737351668678-140737351668681-
140737351668683,1319,2,140737351668683-140737351668687-
140737351668689,1320,4,140737351668689-140737351668693-140737351668696-140737351668700-
140737351668705,1333,9,140737351668705-140737351668712-140737351668716-140737351668717-140737351668719-140737351668721-140737351668723-140737351668725-140737351668726-
140737351668736,1317,3,140737351668736-140737351668739-140737351668742-
140737351668744,1318,3,140737351668744-140737351668748-140737351668751-
140737351668753,1326,12,140737351668753-140737351668756-140737351668760-140737351668763-140737351668767-140737351668770-140737351668774-140737351668782-140737351668786-140737351668789-140737351668793-140737351668797-
140737351668802,1327,9,140737351668802-140737351668806-140737351668809-140737351668813-140737351668820-140737351668824-140737351668828-140737351668832-140737351668835-
140737351668901,1328,7,140737351668901-140737351668905-140737351668910-140737351668914-140737351668917-140737351668920-140737351668922-
140737351668924,1321,6,140737351668924-140737351668927-140737351668929-140737351668932-140737351668935-140737351668938-
140737351668943,1322,3,140737351668943-140737351668946-140737351668950-
140737351668960,1329,6,140737351668960-140737351668963-140737351668967-140737351668970-140737351668974-140737351668977-
140737351668982,1330,6,140737351668982-140737351668985-140737351668989-140737351668993-140737351668997-140737351669001-
140737351669008,5328,3,140737351669008-140737351669015-140737351669018-
140737351669120,5326,2,140737351669120-140737351669124-
140737351669130,5327,2,140737351669130-140737351669137-
140737351669152,935,5,140737351669152-140737351669156-140737351669159-140737351669162-140737351669164-
140737351669162,950,2,140737351669162-140737351669164-
140737351669166,936,4,140737351669166-140737351669170-140737351669173-140737351669177-
140737351669179,937,2,140737351669179-140737351669182-
140737351669188,938,2,140737351669188-140737351669190-
140737351669196,939,6,140737351669196-140737351669200-140737351669204-140737351669208-140737351669212-140737351669214-
140737351669216,951,3,140737351669216-140737351669219-140737351669221-
140737351669232,946,2,140737351669232-140737351669235-
140737351669237,947,9,140737351669237-140737351669240-140737351669244-140737351669248-140737351669252-140737351669256-140737351669259-140737351669262-140737351669265-
140737351669294,948,5,140737351669294-140737351669298-140737351669301-140737351669305-140737351669308-
140737351669338,949,2,140737351669338-140737351669341-
140737351669359,940,2,140737351669359-140737351669361-
140737351669376,899,12,140737351669376-140737351669380-140737351669381-140737351669384-140737351669386-140737351669388-140737351669390-140737351669392-140737351669393-140737351669396-140737351669400-140737351669407-
140737351669413,900,3,140737351669413-140737351669420-140737351669423-
140737351669429,1197,2,140737351669429-140737351669433-
140737351669439,1198,6,140737351669439-140737351669446-140737351669453-140737351669457-140737351669461-140737351669465-
140737351669446,927,5,140737351669446-140737351669453-140737351669457-140737351669461-140737351669465-
140737351669471,928,4,140737351669471-140737351669478-140737351669481-140737351669484-
140737351669490,929,3,140737351669490-140737351669497-140737351669500-
140737351669505,930,4,140737351669505-140737351669515-140737351669519-140737351669521-
140737351669565,931,4,140737351669565-140737351669569-140737351669571-140737351669576-
140737351669581,932,11,140737351669581-140737351669585-140737351669589-140737351669596-140737351669600-140737351669607-140737351669611-140737351669614-140737351669617-140737351669620-140737351669624-
140737351669626,933,11,140737351669626-140737351669629-140737351669632-140737351669636-140737351669639-140737351669642-140737351669646-140737351669650-140737351669658-140737351669663-140737351669666-
140737351669632,944,9,140737351669632-140737351669636-140737351669639-140737351669642-140737351669646-140737351669650-140737351669658-140737351669663-140737351669666-
140737351669668,934,3,140737351669668-140737351669672-140737351669675-
140737351669680,941,2,140737351669680-140737351669682-
140737351669684,942,1,140737351669684-
140737351669686,943,3,140737351669686-140737351669690-140737351669693-
140737351669712,945,3,140737351669712-140737351669716-140737351669719-
140737351669728,952,4,140737351669728-140737351669732-140737351669737-140737351669740-
140737351669744,954,5,140737351669744-140737351669746-140737351669750-140737351669754-140737351669757-
140737351669759,955,3,140737351669759-140737351669763-140737351669766-
140737351669771,956,4,140737351669771-140737351669775-140737351669779-140737351669781-
140737351669783,1199,3,140737351669783-140737351669786-140737351669789-
140737351669786,953,2,140737351669786-140737351669789-
140737351669791,957,10,140737351669791-140737351669801-140737351669805-140737351669809-140737351669812-140737351669822-140737351669825-140737351669829-140737351669835-140737351669838-
140737351670177,959,2,140737351670177-140737351670180-
140737351670215,960,2,140737351670215-140737351670222-
140737351670224,961,3,140737351670224-140737351670228-140737351670231-
140737351670233,962,3,140737351670233-140737351670237-140737351670241-
140737351670243,963,3,140737351670243-140737351670246-140737351670250-
140737351670252,964,3,140737351670252-140737351670262-140737351670265-
140737351670273,965,5,140737351670273-140737351670277-140737351670280-140737351670288-140737351670295-
140737351670301,966,2,140737351670301-140737351670304-
140737351670310,967,3,140737351670310-140737351670313-140737351670316-
140737351670321,968,8,140737351670321-140737351670325-140737351670328-140737351670335-140737351670338-140737351670342-140737351670345-140737351670348-
140737351670371,969,4,140737351670371-140737351670377-140737351670380-140737351670383-
140737351670389,971,5,140737351670389-140737351670394-140737351670397-140737351670401-140737351670405-
140737351670410,972,2,140737351670410-140737351670413-
140737351670418,973,8,140737351670418-140737351670422-140737351670423-140737351670425-140737351670427-140737351670429-140737351670431-140737351670432-
140737351670592,970,2,140737351670592-140737351670598-
140737351670608,901,4,140737351670608-140737351670613-140737351670620-140737351670627-
140737351670632,920,3,140737351670632-140737351670635-140737351670639-
140737351670645,921,3,140737351670645-140737351670652-140737351670656-
140737351670658,922,6,140737351670658-140737351670668-140737351670672-140737351670682-140737351670685-140737351670688-
140737351670690,923,2,140737351670690-140737351670698-
140737351670700,924,3,140737351670700-140737351670705-140737351670707-
140737351670713,925,3,140737351670713-140737351670716-140737351670718-
140737351671008,958,7,140737351671008-140737351671012-140737351671015-140737351671019-140737351671024-140737351671027-140737351671029-
140737351671496,926,3,140737351671496-140737351671503-140737351671510-
140737351671632,1851,5,140737351671632-140737351671636-140737351671643-140737351671647-140737351671651-
140737351671664,1852,3,140737351671664-140737351671668-140737351671675-
140737351671680,1856,3,140737351671680-140737351671691-140737351671695-
140737351671888,86,12,140737351671888-140737351671892-140737351671894-140737351671897-140737351671899-140737351671901-140737351671903-140737351671904-140737351671905-140737351671909-140737351671915-140737351671917-
140737351671923,87,4,140737351671923-140737351671926-140737351671936-140737351671939-
140737351671945,88,3,140737351671945-140737351671949-140737351671952-
140737351671958,89,4,140737351671958-140737351671961-140737351671965-140737351671968-
140737351671974,90,2,140737351671974-140737351671976-
140737351671982,91,7,140737351671982-140737351671987-140737351671992-140737351671996-140737351671999-140737351672003-140737351672005-
140737351671992,93,5,140737351671992-140737351671996-140737351671999-140737351672003-140737351672005-
140737351672011,92,2,140737351672011-140737351672014-
140737351672016,94,2,140737351672016-140737351672018-
140737351672024,95,7,140737351672024-140737351672028-140737351672035-140737351672040-140737351672044-140737351672049-140737351672052-
140737351672091,96,3,140737351672091-140737351672094-140737351672096-
140737351672098,97,6,140737351672098-140737351672105-140737351672112-140737351672115-140737351672120-140737351672124-
140737351672120,100,2,140737351672120-140737351672124-
140737351672126,98,3,140737351672126-140737351672130-140737351672133-
140737351672135,101,6,140737351672135-140737351672139-140737351672142-140737351672145-140737351672147-140737351672150-
140737351672160,103,2,140737351672160-140737351672162-
140737351672164,105,5,140737351672164-140737351672168-140737351672172-140737351672176-140737351672178-
140737351672180,102,3,140737351672180-140737351672183-140737351672185-
140737351672192,99,4,140737351672192-140737351672196-140737351672200-140737351672204-
140737351672206,104,3,140737351672206-140737351672209-140737351672212-
140737351672218,106,8,140737351672218-140737351672222-140737351672223-140737351672224-140737351672226-140737351672228-140737351672230-140737351672232-
140737351673312,174,10,140737351673312-140737351673316-140737351673318-140737351673325-140737351673333-140737351673336-140737351673340-140737351673344-140737351673348-140737351673352-
140737351673354,179,2,140737351673354-140737351673357-
140737351673359,2176,6,140737351673359-140737351673361-140737351673369-140737351673372-140737351673377-140737351673385-
140737351673361,176,5,140737351673361-140737351673369-140737351673372-140737351673377-140737351673385-
140737351673408,177,1,140737351673408-
140737351673416,175,2,140737351673416-140737351673419-
140737351675408,1471,18,140737351675408-140737351675410-140737351675412-140737351675414-140737351675416-140737351675417-140737351675418-140737351675422-140737351675428-140737351675430-140737351675433-140737351675436-140737351675439-140737351675442-140737351675445-140737351675448-140737351675451-140737351675453-
140737351675459,1472,3,140737351675459-140737351675465-140737351675468-
140737351675968,1473,8,140737351675968-140737351675972-140737351675973-140737351675974-140737351675976-140737351675978-140737351675980-140737351675982-
140737351677200,1470,2,140737351677200-140737351677204-
140737351680864,116,4,140737351680864-140737351680865-140737351680872-140737351680875-
140737351680877,117,25,140737351680877-140737351680880-140737351680883-140737351680888-140737351680890-140737351680896-140737351680898-140737351680901-140737351680907-140737351680910-140737351680916-140737351680922-140737351680924-140737351680926-140737351680929-140737351680932-140737351680934-140737351680936-140737351680939-140737351680945-140737351680948-140737351680950-140737351680953-140737351680956-140737351680959-
140737351680965,118,2,140737351680965-140737351680972-
140737351680974,119,9,140737351680974-140737351680979-140737351680981-140737351680983-140737351680990-140737351680996-140737351681002-140737351681008-140737351681014-
140737351681016,120,10,140737351681016-140737351681021-140737351681026-140737351681028-140737351681034-140737351681040-140737351681046-140737351681052-140737351681058-140737351681064-
140737351681070,121,6,140737351681070-140737351681072-140737351681075-140737351681077-140737351681080-140737351681083-
140737351681089,145,2,140737351681089-140737351681096-
140737351681102,146,5,140737351681102-140737351681107-140737351681109-140737351681111-140737351681113-
140737351681119,147,7,140737351681119-140737351681122-140737351681125-140737351681127-140737351681133-140737351681140-140737351681147-
140737351681153,148,7,140737351681153-140737351681158-140737351681163-140737351681168-140737351681176-140737351681182-140737351681188-
140737351681200,150,6,140737351681200-140737351681203-140737351681205-140737351681207-140737351681209-140737351681212-
140737351681214,152,4,140737351681214-140737351681217-140737351681221-140737351681224-
140737351681232,153,3,140737351681232-140737351681235-140737351681238-
140737351681235,156,2,140737351681235-140737351681238-
140737351681240,151,5,140737351681240-140737351681243-140737351681247-140737351681251-140737351681255-
140737351681251,149,2,140737351681251-140737351681255-
140737351681257,154,3,140737351681257-140737351681263-140737351681266-
140737351681268,155,4,140737351681268-140737351681271-140737351681275-140737351681278-
140737351681280,157,3,140737351681280-140737351681287-140737351681291-
140737351681293,158,7,140737351681293-140737351681303-140737351681306-140737351681309-140737351681316-140737351681323-140737351681324-
140737351681352,122,2,140737351681352-140737351681358-
140737351681360,123,6,140737351681360-140737351681366-140737351681368-140737351681371-140737351681377-140737351681384-
140737351681386,124,6,140737351681386-140737351681396-140737351681399-140737351681405-140737351681407-140737351681413-
140737351681415,125,5,140737351681415-140737351681421-140737351681427-140737351681433-140737351681436-
140737351681450,126,2,140737351681450-140737351681453-
140737351681467,127,2,140737351681467-140737351681474-
140737351681480,128,3,140737351681480-140737351681485-140737351681490-
140737351681496,129,3,140737351681496-140737351681502-140737351681508-
140737351681514,130,3,140737351681514-140737351681520-140737351681526-
140737351681541,132,2,140737351681541-140737351681547-
140737351681558,133,2,140737351681558-140737351681564-
140737351681575,134,2,140737351681575-140737351681577-
140737351681579,135,4,140737351681579-140737351681582-140737351681588-140737351681594-
140737351681596,136,4,140737351681596-140737351681598-140737351681604-140737351681610-
140737351681612,137,5,140737351681612-140737351681615-140737351681621-140737351681627-140737351681630-
140737351681641,138,2,140737351681641-140737351681644-
140737351681655,139,3,140737351681655-140737351681661-140737351681664-
140737351681675,140,2,140737351681675-140737351681681-
140737351681692,141,2,140737351681692-140737351681695-
140737351681706,142,2,140737351681706-140737351681709-
140737351681720,143,2,140737351681720-140737351681723-
140737351681734,144,2,140737351681734-140737351681737-
140737351681777,131,3,140737351681777-140737351681780-140737351681786-
140737351681792,55,20,140737351681792-140737351681796-140737351681798-140737351681800-140737351681802-140737351681804-140737351681805-140737351681808-140737351681809-140737351681813-140737351681816-140737351681823-140737351681827-140737351681834-140737351681840-140737351681842-140737351681847-140737351681854-140737351681858-140737351681861-
140737351681863,56,3,140737351681863-140737351681867-140737351681871-
140737351681873,57,8,140737351681873-140737351681877-140737351681881-140737351681888-140737351681899-140737351681906-140737351681911-140737351681914-
140737351681920,58,32,140737351681920-140737351681925-140737351681928-140737351681931-140737351681934-140737351681939-140737351681942-140737351681945-140737351681948-140737351681955-140737351681960-140737351681967-140737351681972-140737351681979-140737351681984-140737351681991-140737351681996-140737351682003-140737351682008-140737351682015-140737351682020-140737351682025-140737351682032-140737351682037-140737351682043-140737351682047-140737351682054-140737351682058-140737351682060-140737351682064-140737351682068-140737351682072-
140737351682064,61,3,140737351682064-140737351682068-140737351682072-
140737351682074,59,3,140737351682074-140737351682078-140737351682081-
140737351682088,70,8,140737351682088-140737351682092-140737351682097-140737351682102-140737351682112-140737351682116-140737351682120-140737351682123-
140737351682112,62,4,140737351682112-140737351682116-140737351682120-140737351682123-
140737351682128,74,2,140737351682128-140737351682131-
140737351682133,75,3,140737351682133-140737351682140-140737351682143-
140737351682145,76,3,140737351682145-140737351682150-140737351682153-
140737351682155,77,3,140737351682155-140737351682162-140737351682164-
140737351682166,78,3,140737351682166-140737351682173-140737351682178-
140737351682180,79,4,140737351682180-140737351682184-140737351682191-140737351682196-
140737351682198,80,4,140737351682198-140737351682203-140737351682210-140737351682215-
140737351682217,81,4,140737351682217-140737351682221-140737351682227-140737351682232-
140737351682246,82,2,140737351682246-140737351682251-
140737351682253,83,4,140737351682253-140737351682258-140737351682265-140737351682270-
140737351682276,84,3,140737351682276-140737351682281-140737351682288-
140737351682296,60,7,140737351682296-140737351682300-140737351682304-140737351682309-140737351682314-140737351682317-140737351682320-
140737351682336,71,7,140737351682336-140737351682340-140737351682344-140737351682349-140737351682354-140737351682357-140737351682360-
140737351682376,69,6,140737351682376-140737351682380-140737351682384-140737351682388-140737351682394-140737351682397-
140737351682456,65,7,140737351682456-140737351682459-140737351682463-140737351682468-140737351682472-140737351682475-140737351682478-
140737351682496,63,7,140737351682496-140737351682500-140737351682504-140737351682509-140737351682513-140737351682516-140737351682519-
140737351682536,72,6,140737351682536-140737351682540-140737351682544-140737351682548-140737351682553-140737351682556-
140737351682562,73,1,140737351682562-
140737351682576,68,6,140737351682576-140737351682580-140737351682584-140737351682588-140737351682594-140737351682597-
140737351682608,64,6,140737351682608-140737351682612-140737351682616-140737351682620-140737351682626-140737351682629-
140737351682640,67,5,140737351682640-140737351682644-140737351682648-140737351682652-140737351682655-
140737351682672,66,5,140737351682672-140737351682676-140737351682680-140737351682684-140737351682687-
140737351682710,85,1,140737351682710-
140737351682715,107,2,140737351682715-140737351682717-
140737351682722,112,8,140737351682722-140737351682730-140737351682732-140737351682740-140737351682748-140737351682750-140737351682756-140737351682762-
140737351682768,113,2,140737351682768-140737351682774-
140737351682780,114,2,140737351682780-140737351682786-
140737351682827,171,3,140737351682827-140737351682833-140737351682836-
140737351682838,172,3,140737351682838-140737351682845-140737351682848-
140737351682850,173,9,140737351682850-140737351682857-140737351682863-140737351682868-140737351682874-140737351682881-140737351682887-140737351682890-140737351682896-
140737351682901,178,4,140737351682901-140737351682903-140737351682906-140737351682911-
140737351682916,180,6,140737351682916-140737351682921-140737351682923-140737351682926-140737351682931-140737351682938-
140737351682943,181,6,140737351682943-140737351682948-140737351682950-140737351682953-140737351682958-140737351682965-
140737351682970,182,5,140737351682970-140737351682975-140737351682982-140737351682993-140737351683000-
140737351683006,194,4,140737351683006-140737351683009-140737351683016-140737351683021-
140737351683026,195,4,140737351683026-140737351683029-140737351683034-140737351683041-
140737351683046,196,4,140737351683046-140737351683049-140737351683054-140737351683059-
140737351683061,197,2,140737351683061-140737351683064-
140737351683066,198,3,140737351683066-140737351683073-140737351683076-
140737351683078,199,1,140737351683078-
140737351683083,203,3,140737351683083-140737351683090-140737351683092-
140737351683097,208,3,140737351683097-140737351683104-140737351683107-
140737351683113,209,3,140737351683113-140737351683119-140737351683121-
140737351683127,210,5,140737351683127-140737351683132-140737351683135-140737351683138-140737351683145-
140737351683147,1858,9,140737351683147-140737351683152-140737351683156-140737351683157-140737351683158-140737351683160-140737351683162-140737351683164-140737351683166-
140737351683448,183,3,140737351683448-140737351683454-140737351683456-
140737351683458,184,3,140737351683458-140737351683464-140737351683470-
140737351683472,185,2,140737351683472-140737351683478-
140737351683495,193,2,140737351683495-140737351683502-
140737351683507,186,4,140737351683507-140737351683509-140737351683515-140737351683521-
140737351683523,187,2,140737351683523-140737351683525-
140737351683527,188,5,140737351683527-140737351683538-140737351683544-140737351683549-140737351683554-
140737351683560,189,4,140737351683560-140737351683566-140737351683571-140737351683576-
140737351683582,190,2,140737351683582-140737351683589-
140737351683595,191,4,140737351683595-140737351683601-140737351683606-140737351683611-
140737351683617,192,2,140737351683617-140737351683624-
140737351683752,115,6,140737351683752-140737351683757-140737351683762-140737351683767-140737351683772-140737351683775-
140737351683780,159,6,140737351683780-140737351683785-140737351683787-140737351683789-140737351683791-140737351683796-
140737351683798,160,8,140737351683798-140737351683803-140737351683805-140737351683811-140737351683817-140737351683823-140737351683829-140737351683835-
140737351683837,161,8,140737351683837-140737351683842-140737351683844-140737351683850-140737351683856-140737351683862-140737351683868-140737351683874-
140737351683876,162,13,140737351683876-140737351683881-140737351683883-140737351683889-140737351683895-140737351683901-140737351683907-140737351683911-140737351683915-140737351683921-140737351683925-140737351683931-140737351683934-
140737351683936,170,8,140737351683936-140737351683939-140737351683942-140737351683949-140737351683955-140737351683960-140737351683964-140737351683970-
140737351683994,163,6,140737351683994-140737351683998-140737351684002-140737351684006-140737351684009-140737351684013-
140737351684015,164,4,140737351684015-140737351684022-140737351684026-140737351684029-
140737351684033,165,2,140737351684033-140737351684040-
140737351684042,166,3,140737351684042-140737351684047-140737351684051-
140737351684053,167,1,140737351684053-
140737351684093,168,3,140737351684093-140737351684097-140737351684101-
140737351684103,169,1,140737351684103-
140737351684128,1846,2,140737351684128-140737351684132-
140737351684576,526,8,140737351684576-140737351684580-140737351684582-140737351684583-140737351684584-140737351684591-140737351684598-140737351684601-
140737351684607,527,4,140737351684607-140737351684615-140737351684622-140737351684625-
140737351684631,528,3,140737351684631-140737351684633-140737351684638-
140737351684640,530,4,140737351684640-140737351684644-140737351684648-140737351684651-
140737351684657,529,2,140737351684657-140737351684660-
140737351684662,531,5,140737351684662-140737351684666-140737351684669-140737351684673-140737351684677-
140737351684679,532,4,140737351684679-140737351684682-140737351684689-140737351684692-
140737351684742,533,6,140737351684742-140737351684745-140737351684749-140737351684752-140737351684759-140737351684762-
140737351684764,534,3,140737351684764-140737351684770-140737351684773-
140737351684775,535,6,140737351684775-140737351684778-140737351684785-140737351684786-140737351684787-140737351684789-
140737351685056,212,5,140737351685056-140737351685060-140737351685063-140737351685066-140737351685069-
140737351685080,214,4,140737351685080-140737351685084-140737351685088-140737351685091-
140737351685093,213,2,140737351685093-140737351685096-
140737351685098,215,2,140737351685098-140737351685102-
140737351685104,216,2,140737351685104-140737351685108-
140737351685110,217,4,140737351685110-140737351685114-140737351685118-140737351685121-
140737351685128,230,1,140737351685128-
140737351685280,244,9,140737351685280-140737351685284-140737351685285-140737351685286-140737351685289-140737351685293-140737351685300-140737351685307-140737351685310-
140737351685316,246,6,140737351685316-140737351685320-140737351685324-140737351685328-140737351685335-140737351685338-
140737351685340,247,4,140737351685340-140737351685343-140737351685346-140737351685349-
140737351685351,248,6,140737351685351-140737351685358-140737351685365-140737351685369-140737351685370-140737351685371-
140737351685376,696,6,140737351685376-140737351685383-140737351685386-140737351685391-140737351685394-140737351685397-
140737351685408,697,8,140737351685408-140737351685411-140737351685416-140737351685419-140737351685424-140737351685430-140737351685433-140737351685435-
140737351685440,704,3,140737351685440-140737351685443-140737351685447-
140737351685449,705,2,140737351685449-140737351685456-
140737351685458,706,4,140737351685458-140737351685461-140737351685465-140737351685472-
140737351685480,245,7,140737351685480-140737351685487-140737351685494-140737351685499-140737351685502-140737351685505-140737351685512-
140737351685568,241,8,140737351685568-140737351685572-140737351685575-140737351685579-140737351685584-140737351685587-140737351685590-140737351685593-
140737351685600,242,1,140737351685600-
140737351685632,720,4,140737351685632-140737351685636-140737351685643-140737351685646-
140737351685648,721,1,140737351685648-
140737351686480,657,3,140737351686480-140737351686484-140737351686487-
140737351686489,658,3,140737351686489-140737351686492-140737351686495-
140737351686497,659,3,140737351686497-140737351686501-140737351686503-
140737351686505,660,4,140737351686505-140737351686508-140737351686512-140737351686515-
140737351686512,664,2,140737351686512-140737351686515-
140737351686520,662,3,140737351686520-140737351686524-140737351686527-
140737351686529,661,2,140737351686529-140737351686531-
140737351686533,665,5,140737351686533-140737351686536-140737351686540-140737351686543-140737351686546-
140737351686540,729,3,140737351686540-140737351686543-140737351686546-
140737351686543,748,2,140737351686543-140737351686546-
140737351686552,663,4,140737351686552-140737351686556-140737351686560-140737351686562-
140737351686564,728,2,140737351686564-140737351686566-
140737351687248,807,10,140737351687248-140737351687252-140737351687254-140737351687261-140737351687268-140737351687272-140737351687277-140737351687282-140737351687287-140737351687290-
140737351687292,808,8,140737351687292-140737351687297-140737351687302-140737351687304-140737351687309-140737351687314-140737351687319-140737351687326-
140737351687331,810,4,140737351687331-140737351687335-140737351687338-140737351687340-
140737351687342,811,3,140737351687342-140737351687347-140737351687352-
140737351687354,1186,10,140737351687354-140737351687358-140737351687363-140737351687367-140737351687374-140737351687382-140737351687385-140737351687392-140737351687395-140737351687397-
140737351687568,1354,11,140737351687568-140737351687572-140737351687573-140737351687576-140737351687579-140737351687580-140737351687584-140737351687591-140737351687598-140737351687609-140737351687616-
140737351687618,1428,6,140737351687618-140737351687625-140737351687632-140737351687636-140737351687637-140737351687638-
140737351688000,108,3,140737351688000-140737351688004-140737351688009-
140737351688011,109,2,140737351688011-140737351688017-
140737351688019,110,3,140737351688019-140737351688026-140737351688029-
140737351688031,111,2,140737351688031-140737351688033-
140737351688080,204,8,140737351688080-140737351688084-140737351688086-140737351688087-140737351688090-140737351688094-140737351688101-140737351688104-
140737351688106,205,3,140737351688106-140737351688112-140737351688114-
140737351688116,206,2,140737351688116-140737351688119-
140737351688153,207,5,140737351688153-140737351688157-140737351688160-140737351688161-140737351688163-
140737351691472,875,6,140737351691472-140737351691476-140737351691479-140737351691482-140737351691485-140737351691489-
140737351691491,876,2,140737351691491-140737351691496-
140737351691498,877,2,140737351691498-140737351691504-
140737351691506,884,1,140737351691506-
140737351691512,878,4,140737351691512-140737351691514-140737351691520-140737351691525-
140737351691552,906,6,140737351691552-140737351691556-140737351691559-140737351691561-140737351691564-140737351691568-
140737351691570,907,2,140737351691570-140737351691575-
140737351691577,908,2,140737351691577-140737351691583-
140737351691585,909,1,140737351691585-
140737351691760,781,3,140737351691760-140737351691764-140737351691769-
140737351691771,782,2,140737351691771-140737351691777-
140737351691784,783,4,140737351691784-140737351691786-140737351691792-140737351691797-
140737351691808,915,3,140737351691808-140737351691812-140737351691817-
140737351691819,916,2,140737351691819-140737351691825-
140737351691827,917,1,140737351691827-
140737351692080,863,7,140737351692080-140737351692084-140737351692087-140737351692092-140737351692095-140737351692098-140737351692102-
140737351692104,864,4,140737351692104-140737351692106-140737351692111-140737351692116-
140737351692118,865,5,140737351692118-140737351692121-140737351692124-140737351692129-140737351692134-
140737351692136,866,2,140737351692136-140737351692142-
140737351692144,903,1,140737351692144-
140737351692192,867,4,140737351692192-140737351692194-140737351692200-140737351692205-
140737351692320,979,3,140737351692320-140737351692324-140737351692326-
140737351692328,980,2,140737351692328-140737351692334-
140737351692336,981,1,140737351692336-
140737351692368,1214,4,140737351692368-140737351692372-140737351692375-140737351692380-
140737351692382,1215,2,140737351692382-140737351692388-
140737351692390,1216,1,140737351692390-
140737351692464,1258,11,140737351692464-140737351692468-140737351692471-140737351692473-140737351692476-140737351692479-140737351692483-140737351692484-140737351692488-140737351692489-140737351692492-
140737351692499,1259,3,140737351692499-140737351692504-140737351692508-
140737351692552,1260,4,140737351692552-140737351692553-140737351692554-140737351692556-
140737351692640,698,3,140737351692640-140737351692644-140737351692651-
140737351692653,699,6,140737351692653-140737351692654-140737351692657-140737351692658-140737351692660-140737351692663-
140737351692665,701,4,140737351692665-140737351692668-140737351692671-140737351692676-
140737351692678,702,2,140737351692678-140737351692684-
140737351692686,703,3,140737351692686-140737351692687-140737351692688-
140737351692720,700,2,140737351692720-140737351692723-
140737351692800,1853,3,140737351692800-140737351692804-140737351692809-
140737351692811,1854,2,140737351692811-140737351692817-
140737351692819,1855,1,140737351692819-
140737351692848,1104,3,140737351692848-140737351692852-140737351692857-
140737351692859,1105,2,140737351692859-140737351692865-
140737351692867,1106,1,140737351692867-
140737351693040,809,24,140737351693040-140737351693044-140737351693047-140737351693050-140737351693057-140737351693061-140737351693065-140737351693069-140737351693073-140737351693077-140737351693081-140737351693086-140737351693093-140737351693097-140737351693101-140737351693105-140737351693106-140737351693113-140737351693117-140737351693121-140737351693123-140737351693128-140737351693132-140737351693134-
140737351693760,676,6,140737351693760-140737351693764-140737351693766-140737351693767-140737351693770-140737351693774-
140737351693779,678,3,140737351693779-140737351693783-140737351693786-
140737351693791,679,2,140737351693791-140737351693794-
140737351693796,680,7,140737351693796-140737351693800-140737351693803-140737351693806-140737351693809-140737351693810-140737351693812-
140737351693824,325,7,140737351693824-140737351693828-140737351693830-140737351693832-140737351693836-140737351693840-140737351693843-
140737351693845,326,2,140737351693845-140737351693848-
140737351693850,327,11,140737351693850-140737351693854-140737351693858-140737351693863-140737351693868-140737351693872-140737351693876-140737351693880-140737351693884-140737351693888-140737351693894-
140737351693900,497,12,140737351693900-140737351693904-140737351693908-140737351693919-140737351693920-140737351693924-140737351693928-140737351693933-140737351693936-140737351693939-140737351693942-140737351693944-
140737351693920,461,8,140737351693920-140737351693924-140737351693928-140737351693933-140737351693936-140737351693939-140737351693942-140737351693944-
140737351693946,462,1,140737351693946-
140737351693948,510,9,140737351693948-140737351693951-140737351693952-140737351693955-140737351693959-140737351693962-140737351693969-140737351693973-140737351693977-
140737351693955,463,6,140737351693955-140737351693959-140737351693962-140737351693969-140737351693973-140737351693977-
140737351693984,498,10,140737351693984-140737351693988-140737351693992-140737351693996-140737351694000-140737351694004-140737351694009-140737351694011-140737351694014-140737351694017-
140737351694023,1420,12,140737351694023-140737351694030-140737351694037-140737351694041-140737351694048-140737351694053-140737351694058-140737351694062-140737351694066-140737351694070-140737351694074-140737351694080-
140737351694048,1712,8,140737351694048-140737351694053-140737351694058-140737351694062-140737351694066-140737351694070-140737351694074-140737351694080-
140737351694086,1710,9,140737351694086-140737351694090-140737351694095-140737351694100-140737351694104-140737351694108-140737351694112-140737351694116-140737351694122-
140737351694128,1711,2,140737351694128-140737351694132-
140737351694144,1793,12,140737351694144-140737351694148-140737351694152-140737351694156-140737351694160-140737351694165-140737351694169-140737351694173-140737351694178-140737351694180-140737351694183-140737351694186-
140737351694192,1794,10,140737351694192-140737351694196-140737351694200-140737351694207-140737351694213-140737351694217-140737351694224-140737351694231-140737351694240-140737351694244-
140737351694250,1795,12,140737351694250-140737351694255-140737351694260-140737351694264-140737351694269-140737351694274-140737351694278-140737351694282-140737351694286-140737351694290-140737351694294-140737351694300-
140737351694306,1796,4,140737351694306-140737351694310-140737351694314-140737351694318-
140737351694320,1797,12,140737351694320-140737351694325-140737351694330-140737351694334-140737351694339-140737351694344-140737351694348-140737351694352-140737351694356-140737351694360-140737351694364-140737351694370-
140737351694464,1284,12,140737351694464-140737351694468-140737351694472-140737351694476-140737351694480-140737351694485-140737351694489-140737351694493-140737351694498-140737351694500-140737351694503-140737351694506-
140737351694512,1285,10,140737351694512-140737351694516-140737351694520-140737351694527-140737351694533-140737351694537-140737351694544-140737351694551-140737351694560-140737351694564-
140737351694560,1801,2,140737351694560-140737351694564-
140737351694570,1286,12,140737351694570-140737351694575-140737351694580-140737351694584-140737351694589-140737351694594-140737351694598-140737351694602-140737351694606-140737351694610-140737351694614-140737351694620-
140737351694626,1798,4,140737351694626-140737351694630-140737351694634-140737351694638-
140737351694640,1799,12,140737351694640-140737351694645-140737351694650-140737351694654-140737351694659-140737351694664-140737351694668-140737351694672-140737351694676-140737351694680-140737351694684-140737351694690-
140737351694696,1800,3,140737351694696-140737351694700-140737351694704-
140737351694784,1203,12,140737351694784-140737351694788-140737351694792-140737351694796-140737351694800-140737351694805-140737351694809-140737351694813-140737351694818-140737351694820-140737351694823-140737351694826-
140737351694832,1206,10,140737351694832-140737351694836-140737351694840-140737351694847-140737351694853-140737351694857-140737351694864-140737351694871-140737351694880-140737351694884-
140737351694880,1763,2,140737351694880-140737351694884-
140737351694890,1207,12,140737351694890-140737351694895-140737351694900-140737351694904-140737351694909-140737351694914-140737351694918-140737351694922-140737351694926-140737351694930-140737351694934-140737351694940-
140737351694946,1760,4,140737351694946-140737351694950-140737351694954-140737351694958-
140737351694960,1761,12,140737351694960-140737351694965-140737351694970-140737351694974-140737351694979-140737351694984-140737351694988-140737351694992-140737351694996-140737351695000-140737351695004-140737351695010-
140737351695016,1762,3,140737351695016-140737351695020-140737351695024-
140737351695104,1205,12,140737351695104-140737351695108-140737351695112-140737351695116-140737351695120-140737351695125-140737351695129-140737351695133-140737351695138-140737351695140-140737351695143-140737351695146-
140737351695152,1808,10,140737351695152-140737351695156-140737351695160-140737351695167-140737351695173-140737351695177-140737351695184-140737351695191-140737351695200-140737351695204-
140737351695200,1819,2,140737351695200-140737351695204-
140737351695210,1809,12,140737351695210-140737351695215-140737351695220-140737351695224-140737351695229-140737351695234-140737351695238-140737351695242-140737351695246-140737351695250-140737351695254-140737351695260-
140737351695266,1810,4,140737351695266-140737351695270-140737351695274-140737351695278-
140737351695280,1811,12,140737351695280-140737351695285-140737351695290-140737351695294-140737351695299-140737351695304-140737351695308-140737351695312-140737351695316-140737351695320-140737351695324-140737351695330-
140737351695336,1818,3,140737351695336-140737351695340-140737351695344-
140737351695424,464,12,140737351695424-140737351695428-140737351695432-140737351695436-140737351695440-140737351695445-140737351695449-140737351695453-140737351695458-140737351695460-140737351695463-140737351695466-
140737351695472,465,10,140737351695472-140737351695476-140737351695480-140737351695487-140737351695493-140737351695497-140737351695504-140737351695511-140737351695520-140737351695524-
140737351695520,1807,2,140737351695520-140737351695524-
140737351695530,466,12,140737351695530-140737351695535-140737351695540-140737351695544-140737351695549-140737351695554-140737351695558-140737351695562-140737351695566-140737351695570-140737351695574-140737351695580-
140737351695586,467,4,140737351695586-140737351695590-140737351695594-140737351695598-
140737351695600,468,12,140737351695600-140737351695605-140737351695610-140737351695614-140737351695619-140737351695624-140737351695628-140737351695632-140737351695636-140737351695640-140737351695644-140737351695650-
140737351695656,1806,3,140737351695656-140737351695660-140737351695664-
140737351695744,1277,12,140737351695744-140737351695748-140737351695752-140737351695756-140737351695760-140737351695765-140737351695769-140737351695773-140737351695778-140737351695780-140737351695783-140737351695786-
140737351695792,1547,10,140737351695792-140737351695796-140737351695800-140737351695807-140737351695813-140737351695817-140737351695824-140737351695831-140737351695840-140737351695844-
140737351695840,1792,2,140737351695840-140737351695844-
140737351695850,1548,12,140737351695850-140737351695855-140737351695860-140737351695864-140737351695869-140737351695874-140737351695878-140737351695882-140737351695886-140737351695890-140737351695894-140737351695900-
140737351695906,1549,4,140737351695906-140737351695910-140737351695914-140737351695918-
140737351695920,1550,12,140737351695920-140737351695925-140737351695930-140737351695934-140737351695939-140737351695944-140737351695948-140737351695952-140737351695956-140737351695960-140737351695964-140737351695970-
140737351695976,1791,3,140737351695976-140737351695980-140737351695984-
140737351696064,511,12,140737351696064-140737351696068-140737351696072-140737351696076-140737351696080-140737351696085-140737351696089-140737351696093-140737351696098-140737351696100-140737351696103-140737351696106-
140737351696112,512,10,140737351696112-140737351696116-140737351696120-140737351696127-140737351696133-140737351696137-140737351696144-140737351696151-140737351696160-140737351696164-
140737351696160,1803,2,140737351696160-140737351696164-
140737351696170,513,12,140737351696170-140737351696175-140737351696180-140737351696184-140737351696189-140737351696194-140737351696198-140737351696202-140737351696206-140737351696210-140737351696214-140737351696220-
140737351696226,520,4,140737351696226-140737351696230-140737351696234-140737351696238-
140737351696240,521,12,140737351696240-140737351696245-140737351696250-140737351696254-140737351696259-140737351696264-140737351696268-140737351696272-140737351696276-140737351696280-140737351696284-140737351696290-
140737351696296,1802,3,140737351696296-140737351696300-140737351696304-
140737351696384,1385,12,140737351696384-140737351696388-140737351696392-140737351696396-140737351696400-140737351696405-140737351696409-140737351696413-140737351696418-140737351696420-140737351696423-140737351696426-
140737351696432,1386,10,140737351696432-140737351696436-140737351696440-140737351696447-140737351696453-140737351696457-140737351696464-140737351696471-140737351696480-140737351696484-
140737351696480,1783,2,140737351696480-140737351696484-
140737351696490,1387,12,140737351696490-140737351696495-140737351696500-140737351696504-140737351696509-140737351696514-140737351696518-140737351696522-140737351696526-140737351696530-140737351696534-140737351696540-
140737351696546,1773,4,140737351696546-140737351696550-140737351696554-140737351696558-
140737351696560,1774,12,140737351696560-140737351696565-140737351696570-140737351696574-140737351696579-140737351696584-140737351696588-140737351696592-140737351696596-140737351696600-140737351696604-140737351696610-
140737351696616,1782,3,140737351696616-140737351696620-140737351696624-
140737351696704,1263,12,140737351696704-140737351696708-140737351696712-140737351696716-140737351696720-140737351696725-140737351696729-140737351696733-140737351696738-140737351696740-140737351696743-140737351696746-
140737351696752,1423,10,140737351696752-140737351696756-140737351696760-140737351696767-140737351696773-140737351696777-140737351696784-140737351696791-140737351696800-140737351696804-
140737351696800,1817,2,140737351696800-140737351696804-
140737351696810,1424,12,140737351696810-140737351696815-140737351696820-140737351696824-140737351696829-140737351696834-140737351696838-140737351696842-140737351696846-140737351696850-140737351696854-140737351696860-
140737351696866,1764,4,140737351696866-140737351696870-140737351696874-140737351696878-
140737351696880,1765,12,140737351696880-140737351696885-140737351696890-140737351696894-140737351696899-140737351696904-140737351696908-140737351696912-140737351696916-140737351696920-140737351696924-140737351696930-
140737351696936,1816,3,140737351696936-140737351696940-140737351696944-
140737351697024,1287,12,140737351697024-140737351697028-140737351697032-140737351697036-140737351697040-140737351697045-140737351697049-140737351697053-140737351697058-140737351697060-140737351697063-140737351697066-
140737351697072,1288,10,140737351697072-140737351697076-140737351697080-140737351697087-140737351697093-140737351697097-140737351697104-140737351697111-140737351697120-140737351697124-
140737351697120,1743,2,140737351697120-140737351697124-
140737351697130,1289,12,140737351697130-140737351697135-140737351697140-140737351697144-140737351697149-140737351697154-140737351697158-140737351697162-140737351697166-140737351697170-140737351697174-140737351697180-
140737351697186,1740,4,140737351697186-140737351697190-140737351697194-140737351697198-
140737351697200,1741,12,140737351697200-140737351697205-140737351697210-140737351697214-140737351697219-140737351697224-140737351697228-140737351697232-140737351697236-140737351697240-140737351697244-140737351697250-
140737351697256,1742,3,140737351697256-140737351697260-140737351697264-
140737351697344,1204,12,140737351697344-140737351697348-140737351697352-140737351697356-140737351697360-140737351697365-140737351697369-140737351697373-140737351697378-140737351697380-140737351697383-140737351697386-
140737351697392,1388,10,140737351697392-140737351697396-140737351697400-140737351697407-140737351697413-140737351697417-140737351697424-140737351697431-140737351697440-140737351697444-
140737351697450,1389,12,140737351697450-140737351697455-140737351697460-140737351697464-140737351697469-140737351697474-140737351697478-140737351697482-140737351697486-140737351697490-140737351697494-140737351697500-
140737351697506,1758,4,140737351697506-140737351697510-140737351697514-140737351697518-
140737351697520,1759,12,140737351697520-140737351697525-140737351697530-140737351697534-140737351697539-140737351697544-140737351697548-140737351697552-140737351697556-140737351697560-140737351697564-140737351697570-
140737351697664,1208,12,140737351697664-140737351697668-140737351697672-140737351697676-140737351697680-140737351697685-140737351697689-140737351697693-140737351697698-140737351697700-140737351697703-140737351697706-
140737351697712,1209,10,140737351697712-140737351697716-140737351697720-140737351697727-140737351697733-140737351697737-140737351697744-140737351697751-140737351697760-140737351697764-
140737351697760,1815,2,140737351697760-140737351697764-
140737351697770,1210,12,140737351697770-140737351697775-140737351697780-140737351697784-140737351697789-140737351697794-140737351697798-140737351697802-140737351697806-140737351697810-140737351697814-140737351697820-
140737351697826,1812,4,140737351697826-140737351697830-140737351697834-140737351697838-
140737351697840,1813,12,140737351697840-140737351697845-140737351697850-140737351697854-140737351697859-140737351697864-140737351697868-140737351697872-140737351697876-140737351697880-140737351697884-140737351697890-
140737351697896,1814,3,140737351697896-140737351697900-140737351697904-
140737351697984,1274,12,140737351697984-140737351697988-140737351697992-140737351697996-140737351698000-140737351698005-140737351698009-140737351698013-140737351698018-140737351698020-140737351698023-140737351698026-
140737351698032,1390,10,140737351698032-140737351698036-140737351698040-140737351698047-140737351698053-140737351698057-140737351698064-140737351698071-140737351698080-140737351698084-
140737351698080,1778,2,140737351698080-140737351698084-
140737351698090,1391,12,140737351698090-140737351698095-140737351698100-140737351698104-140737351698109-140737351698114-140737351698118-140737351698122-140737351698126-140737351698130-140737351698134-140737351698140-
140737351698146,1775,4,140737351698146-140737351698150-140737351698154-140737351698158-
140737351698160,1776,12,140737351698160-140737351698165-140737351698170-140737351698174-140737351698179-140737351698184-140737351698188-140737351698192-140737351698196-140737351698200-140737351698204-140737351698210-
140737351698216,1777,3,140737351698216-140737351698220-140737351698224-
140737351698240,1779,4,140737351698240-140737351698244-140737351698248-140737351698254-
140737351698272,1780,4,140737351698272-140737351698277-140737351698282-140737351698287-
140737351698304,1278,12,140737351698304-140737351698308-140737351698312-140737351698316-140737351698320-140737351698325-140737351698329-140737351698333-140737351698338-140737351698340-140737351698343-140737351698346-
140737351698352,1421,10,140737351698352-140737351698356-140737351698360-140737351698367-140737351698373-140737351698377-140737351698384-140737351698391-140737351698400-140737351698404-
140737351698410,1422,12,140737351698410-140737351698415-140737351698420-140737351698424-140737351698429-140737351698434-140737351698438-140737351698442-140737351698446-140737351698450-140737351698454-140737351698460-
140737351698466,1804,4,140737351698466-140737351698470-140737351698474-140737351698478-
140737351698480,1805,12,140737351698480-140737351698485-140737351698490-140737351698494-140737351698499-140737351698504-140737351698508-140737351698512-140737351698516-140737351698520-140737351698524-140737351698530-
140737351698624,1194,12,140737351698624-140737351698628-140737351698632-140737351698636-140737351698640-140737351698645-140737351698649-140737351698653-140737351698658-140737351698660-140737351698663-140737351698666-
140737351698672,1418,10,140737351698672-140737351698676-140737351698680-140737351698687-140737351698693-140737351698697-140737351698704-140737351698711-140737351698720-140737351698724-
140737351698720,1752,2,140737351698720-140737351698724-
140737351698730,1419,12,140737351698730-140737351698735-140737351698740-140737351698744-140737351698749-140737351698754-140737351698758-140737351698762-140737351698766-140737351698770-140737351698774-140737351698780-
140737351698786,1749,4,140737351698786-140737351698790-140737351698794-140737351698798-
140737351698800,1750,12,140737351698800-140737351698805-140737351698810-140737351698814-140737351698819-140737351698824-140737351698828-140737351698832-140737351698836-140737351698840-140737351698844-140737351698850-
140737351698852,1751,3,140737351698852-140737351698856-140737351698860-
140737351698928,1781,10,140737351698928-140737351698932-140737351698936-140737351698940-140737351698942-140737351698944-140737351698949-140737351698953-140737351698957-140737351698960-
140737351698944,469,5,140737351698944-140737351698949-140737351698953-140737351698957-140737351698960-
140737351698949,499,4,140737351698949-140737351698953-140737351698957-140737351698960-
140737351698962,514,7,140737351698962-140737351698965-140737351698976-140737351698980-140737351698984-140737351698988-140737351698990-
140737351698976,328,5,140737351698976-140737351698980-140737351698984-140737351698988-140737351698990-
140737351706608,731,3,140737351706608-140737351706612-140737351706615-
140737351706621,732,2,140737351706621-140737351706625-
140737351706631,733,4,140737351706631-140737351706634-140737351706637-140737351706641-
140737351706823,745,2,140737351706823-140737351706825-
140737351706867,734,5,140737351706867-140737351706870-140737351706873-140737351706876-140737351706880-
140737351706919,735,2,140737351706919-140737351706926-
140737351706932,736,2,140737351706932-140737351706939-
140737351706970,737,4,140737351706970-140737351706973-140737351706977-140737351706980-
140737351706986,738,2,140737351706986-140737351706993-
140737351706995,739,5,140737351706995-140737351707000-140737351707004-140737351707008-140737351707014-
140737351707020,740,6,140737351707020-140737351707024-140737351707029-140737351707033-140737351707037-140737351707043-
140737351707049,741,5,140737351707049-140737351707053-140737351707056-140737351707060-140737351707063-
140737351707178,742,4,140737351707178-140737351707181-140737351707185-140737351707188-
140737351707190,743,5,140737351707190-140737351707195-140737351707199-140737351707203-140737351707209-
140737351707264,744,5,140737351707264-140737351707267-140737351707271-140737351707274-140737351707278-
140737351707632,670,9,140737351707632-140737351707636-140737351707640-140737351707642-140737351707647-140737351707651-140737351707656-140737351707660-140737351707665-
140737351707671,671,9,140737351707671-140737351707675-140737351707679-140737351707683-140737351707687-140737351707691-140737351707695-140737351707699-140737351707701-
140737351707703,800,6,140737351707703-140737351707706-140737351707711-140737351707715-140737351707718-140737351707722-
140737351707728,672,24,140737351707728-140737351707733-140737351707737-140737351707741-140737351707745-140737351707749-140737351707753-140737351707758-140737351707762-140737351707766-140737351707770-140737351707774-140737351707778-140737351707782-140737351707787-140737351707791-140737351707795-140737351707799-140737351707802-140737351707806-140737351707810-140737351707814-140737351707817-140737351707820-
140737351707826,724,24,140737351707826-140737351707837-140737351707840-140737351707844-140737351707848-140737351707852-140737351707856-140737351707861-140737351707866-140737351707870-140737351707875-140737351707879-140737351707883-140737351707887-140737351707891-140737351707896-140737351707901-140737351707905-140737351707910-140737351707914-140737351707918-140737351707922-140737351707926-140737351707928-
140737351707930,725,24,140737351707930-140737351707934-140737351707938-140737351707942-140737351707946-140737351707950-140737351707954-140737351707958-140737351707962-140737351707966-140737351707970-140737351707974-140737351707979-140737351707983-140737351707987-140737351707990-140737351707993-140737351707997-140737351708000-140737351708004-140737351708009-140737351708013-140737351708016-140737351708020-
140737351708000,673,6,140737351708000-140737351708004-140737351708009-140737351708013-140737351708016-140737351708020-
140737351708192,200,10,140737351708192-140737351708196-140737351708200-140737351708204-140737351708208-140737351708212-140737351708215-140737351708218-140737351708225-140737351708232-
140737351708234,201,5,140737351708234-140737351708238-140737351708242-140737351708246-140737351708248-
140737351708250,202,2,140737351708250-140737351708253-
140737351708254,634,18,140737351708254-140737351708258-140737351708263-140737351708268-140737351708273-140737351708277-140737351708282-140737351708286-140737351708290-140737351708294-140737351708297-140737351708301-140737351708304-140737351708307-140737351708310-140737351708314-140737351708317-140737351708320-
140737351708322,677,2,140737351708322-140737351708326-
140737351708448,635,8,140737351708448-140737351708453-140737351708458-140737351708463-140737351708468-140737351708472-140737351708476-140737351708478-
140737351708480,636,9,140737351708480-140737351708484-140737351708488-140737351708493-140737351708498-140737351708503-140737351708507-140737351708511-140737351708513-
140737351708528,726,20,140737351708528-140737351708532-140737351708536-140737351708540-140737351708545-140737351708550-140737351708555-140737351708559-140737351708563-140737351708568-140737351708572-140737351708576-140737351708580-140737351708583-140737351708586-140737351708590-140737351708593-140737351708597-140737351708600-140737351708603-
140737351708532,637,19,140737351708532-140737351708536-140737351708540-140737351708545-140737351708550-140737351708555-140737351708559-140737351708563-140737351708568-140737351708572-140737351708576-140737351708580-140737351708583-140737351708586-140737351708590-140737351708593-140737351708597-140737351708600-140737351708603-
140737351709568,582,4,140737351709568-140737351709572-140737351709575-140737351709578-
140737351709584,251,4,140737351709584-140737351709588-140737351709591-140737351709595-
140737351709591,583,2,140737351709591-140737351709595-
140737351709597,426,2,140737351709597-140737351709601-
140737351709603,427,5,140737351709603-140737351709606-140737351709611-140737351709614-140737351709619-
140737351709620,252,2,140737351709620-140737351709623-
140737351709625,253,2,140737351709625-140737351709628-
140737351709630,254,2,140737351709630-140737351709633-
140737351709635,255,1,140737351709635-
140737351709637,256,3,140737351709637-140737351709640-140737351709642-
140737351709642,883,1,140737351709642-
140737351709643,590,5,140737351709643-140737351709648-140737351709651-140737351709656-140737351709659-
140737351709660,588,5,140737351709660-140737351709664-140737351709666-140737351709670-140737351709672-
140737351709673,584,5,140737351709673-140737351709678-140737351709681-140737351709686-140737351709689-
140737351709690,642,2,140737351709690-140737351709697-
140737351709699,681,2,140737351709699-140737351709703-
140737351709705,727,17,140737351709705-140737351709708-140737351709712-140737351709716-140737351709720-140737351709725-140737351709730-140737351709735-140737351709740-140737351709743-140737351709747-140737351709751-140737351709755-140737351709760-140737351709765-140737351709770-140737351709775-
140737351709776,682,9,140737351709776-140737351709779-140737351709783-140737351709788-140737351709793-140737351709796-140737351709800-140737351709805-140737351709810-
140737351709811,643,2,140737351709811-140737351709814-
140737351709816,644,1,140737351709816-
140737351709822,645,26,140737351709822-140737351709825-140737351709830-140737351709835-140737351709840-140737351709846-140737351709849-140737351709854-140737351709857-140737351709861-140737351709865-140737351709868-140737351709871-140737351709874-140737351709877-140737351709881-140737351709885-140737351709889-140737351709893-140737351709897-140737351709900-140737351709904-140737351709908-140737351709912-140737351709916-140737351709920-
140737351709874,646,13,140737351709874-140737351709877-140737351709881-140737351709885-140737351709889-140737351709893-140737351709897-140737351709900-140737351709904-140737351709908-140737351709912-140737351709916-140737351709920-
140737351709922,647,6,140737351709922-140737351709925-140737351709929-140737351709933-140737351709938-140737351709942-
140737351710080,619,8,140737351710080-140737351710084-140737351710088-140737351710091-140737351710095-140737351710099-140737351710104-140737351710108-
140737351710114,620,2,140737351710114-140737351710118-
140737351710120,1837,3,140737351710120-140737351710126-140737351710130-
140737351710131,621,2,140737351710131-140737351710135-
140737351710137,622,5,140737351710137-140737351710141-140737351710146-140737351710152-140737351710158-
140737351710159,1123,14,140737351710159-140737351710163-140737351710167-140737351710171-140737351710177-140737351710182-140737351710188-140737351710193-140737351710199-140737351710204-140737351710210-140737351710213-140737351710217-140737351710220-
140737351710222,1124,7,140737351710222-140737351710226-140737351710231-140737351710236-140737351710241-140737351710245-140737351710248-
140737351710250,1125,1,140737351710250-
140737351710252,1271,3,140737351710252-140737351710257-140737351710260-
140737351710262,1324,2,140737351710262-140737351710265-
140737351710267,1331,2,140737351710267-140737351710270-
140737351710277,1272,3,140737351710277-140737351710282-140737351710285-
140737351710286,1325,3,140737351710286-140737351710290-140737351710292-
140737351710293,1332,3,140737351710293-140737351710298-140737351710301-
140737351890656,3746,2,140737351890656-140737351890659-
140737351890661,3747,5,140737351890661-140737351890664-140737351890666-140737351890670-140737351890673-
140737351890864,3742,11,140737351890864-140737351890865-140737351890868-140737351890870-140737351890872-140737351890874-140737351890876-140737351890879-140737351890880-140737351890883-140737351890886-
140737351890892,3743,7,140737351890892-140737351890897-140737351890899-140737351890906-140737351890908-140737351890910-140737351890916-
140737351890922,3744,6,140737351890922-140737351890925-140737351890929-140737351890932-140737351890935-140737351890939-
140737351890932,5228,3,140737351890932-140737351890935-140737351890939-
140737351890945,3745,2,140737351890945-140737351890949-
140737351890954,3748,3,140737351890954-140737351890957-140737351890960-
140737351890962,3749,5,140737351890962-140737351890966-140737351890970-140737351890974-140737351890977-
140737351890979,3750,8,140737351890979-140737351890982-140737351890986-140737351890989-140737351890993-140737351890997-140737351891000-140737351891003-
140737351891005,3751,3,140737351891005-140737351891008-140737351891014-
140737351891016,5225,5,140737351891016-140737351891018-140737351891024-140737351891027-140737351891033-
140737351891035,5226,11,140737351891035-140737351891038-140737351891042-140737351891047-140737351891049-140737351891050-140737351891052-140737351891054-140737351891056-140737351891058-140737351891059-
140737351891038,3752,10,140737351891038-140737351891042-140737351891047-140737351891049-140737351891050-140737351891052-140737351891054-140737351891056-140737351891058-140737351891059-
140737351891984,3741,1,140737351891984-
